date,sku,actual,forecast,type,lower,upper
2025-09-03,SKU001,7.0,,history,,
2025-09-04,SKU001,12.0,,history,,
2025-09-05,SKU001,5.0,,history,,
2025-09-06,SKU001,17.0,,history,,
2025-09-07,SKU001,25.0,,history,,
2025-09-08,SKU001,14.0,,history,,
2025-09-09,SKU001,11.0,,history,,
2025-09-10,SKU001,10.0,,history,,
2025-09-11,SKU001,12.0,,history,,
2025-09-12,SKU001,13.0,,history,,
2025-09-13,SKU001,18.0,,history,,
2025-09-14,SKU001,15.0,,history,,
2025-09-15,SKU001,10.0,,history,,
2025-09-16,SKU001,12.0,,history,,
2025-09-17,SKU001,15.0,,history,,
2025-09-18,SKU001,11.0,,history,,
2025-09-19,SKU001,14.0,,history,,
2025-09-20,SKU001,15.0,,history,,
2025-09-21,SKU001,11.0,,history,,
2025-09-22,SKU001,7.0,,history,,
2025-09-23,SKU001,14.0,,history,,
2025-09-24,SKU001,13.0,,history,,
2025-09-25,SKU001,14.0,,history,,
2025-09-26,SKU001,6.0,,history,,
2025-09-27,SKU001,12.0,,history,,
2025-09-28,SKU001,20.0,,history,,
2025-09-29,SKU001,5.0,,history,,
2025-09-30,SKU001,15.0,,history,,
2025-10-01,SKU001,16.0,,history,,
2025-10-02,SKU001,9.0,,history,,
2025-10-03,SKU001,10.0,11.49,backtest,5.87,17.1
2025-10-04,SKU001,14.0,13.65,backtest,8.04,19.27
2025-10-05,SKU001,14.0,13.92,backtest,8.31,19.54
2025-10-06,SKU001,8.0,11.1,backtest,5.49,16.71
2025-10-07,SKU001,18.0,10.88,backtest,5.26,16.49
2025-10-08,SKU001,9.0,10.97,backtest,5.36,16.59
2025-10-09,SKU001,11.0,11.22,backtest,5.61,16.83
2025-10-10,SKU001,14.0,11.35,backtest,5.74,16.96
2025-10-11,SKU001,13.0,13.5,backtest,7.89,19.11
2025-10-12,SKU001,9.0,13.57,backtest,7.96,19.19
2025-10-13,SKU001,5.0,10.89,backtest,5.28,16.51
2025-10-14,SKU001,15.0,11.0,backtest,5.38,16.61
2025-10-15,SKU001,11.0,11.26,backtest,5.64,16.87
2025-10-16,SKU001,7.0,11.12,backtest,5.51,16.73
2025-10-17,SKU001,10.0,11.34,backtest,5.73,16.95
2025-10-18,SKU001,17.0,13.38,backtest,7.77,18.99
2025-10-19,SKU001,17.0,13.53,backtest,7.91,19.14
2025-10-20,SKU001,11.0,11.05,backtest,5.44,16.66
2025-10-21,SKU001,10.0,11.35,backtest,5.74,16.96
2025-10-22,SKU001,9.0,11.53,backtest,5.92,17.14
2025-10-23,SKU001,7.0,11.44,backtest,5.83,17.05
2025-10-24,SKU001,6.0,11.37,backtest,5.76,16.99
2025-10-25,SKU001,17.0,13.67,backtest,8.06,19.28
2025-10-26,SKU001,18.0,13.82,backtest,8.2,19.43
2025-10-27,SKU001,10.0,10.96,backtest,5.35,16.57
2025-10-28,SKU001,15.0,11.37,backtest,5.76,16.99
2025-10-29,SKU001,9.0,11.45,backtest,5.83,17.06
2025-10-30,SKU001,13.0,11.3,backtest,5.68,16.91
2025-10-31,SKU001,10.0,11.34,backtest,5.72,16.95
2025-11-01,SKU001,13.0,16.92,backtest,11.31,22.53
2025-11-02,SKU001,23.0,15.97,backtest,10.36,21.59
2025-11-03,SKU001,13.0,10.49,backtest,4.88,16.1
2025-11-04,SKU001,10.0,11.01,backtest,5.4,16.62
2025-11-05,SKU001,7.0,10.8,backtest,5.19,16.41
2025-11-06,SKU001,6.0,10.93,backtest,5.32,16.54
2025-11-07,SKU001,17.0,11.1,backtest,5.49,16.72
2025-11-08,SKU001,21.0,16.09,backtest,10.47,21.7
2025-11-09,SKU001,18.0,16.24,backtest,10.63,21.85
2025-11-10,SKU001,10.0,10.81,backtest,5.2,16.42
2025-11-11,SKU001,6.0,11.2,backtest,5.59,16.82
2025-11-12,SKU001,12.0,11.05,backtest,5.44,16.66
2025-11-13,SKU001,16.0,11.23,backtest,5.62,16.84
2025-11-14,SKU001,9.0,11.45,backtest,5.84,17.06
2025-11-15,SKU001,15.0,16.68,backtest,11.07,22.3
2025-11-16,SKU001,19.0,16.95,backtest,11.34,22.57
2025-11-17,SKU001,6.0,11.07,backtest,5.46,16.69
2025-11-18,SKU001,13.0,11.24,backtest,5.62,16.85
2025-11-19,SKU001,10.0,11.38,backtest,5.77,16.99
2025-11-20,SKU001,12.0,11.44,backtest,5.82,17.05
2025-11-21,SKU001,8.0,11.51,backtest,5.9,17.12
2025-11-22,SKU001,15.0,16.99,backtest,11.38,22.6
2025-11-23,SKU001,20.0,17.2,backtest,11.59,22.81
2025-11-24,SKU001,14.0,11.01,backtest,5.4,16.62
2025-11-25,SKU001,12.0,11.5,backtest,5.89,17.11
2025-11-26,SKU001,6.0,11.21,backtest,5.6,16.83
2025-11-27,SKU001,10.0,11.58,backtest,5.97,17.19
2025-11-28,SKU001,10.0,11.22,backtest,5.61,16.84
2025-11-29,SKU001,16.0,16.67,backtest,11.06,22.28
2025-11-30,SKU001,16.0,16.47,backtest,10.85,22.08
2025-12-01,SKU001,11.0,11.28,backtest,5.66,16.89
2025-12-02,SKU001,9.0,11.43,backtest,5.82,17.04
2025-12-03,SKU001,8.0,11.64,backtest,6.02,17.25
2025-12-04,SKU001,7.0,11.47,backtest,5.86,17.08
2025-12-05,SKU001,15.0,11.84,backtest,6.23,17.45
2025-12-06,SKU001,14.0,14.39,backtest,8.77,20.0
2025-12-07,SKU001,24.0,14.55,backtest,8.94,20.17
2025-12-08,SKU001,12.0,11.58,backtest,5.97,17.19
2025-12-09,SKU001,9.0,11.83,backtest,6.22,17.44
2025-12-10,SKU001,14.0,12.11,backtest,6.5,17.73
2025-12-11,SKU001,13.0,12.03,backtest,6.41,17.64
2025-12-12,SKU001,17.0,12.15,backtest,6.53,17.76
2025-12-13,SKU001,10.0,14.57,backtest,8.96,20.19
2025-12-14,SKU001,14.0,14.72,backtest,9.11,20.34
2025-12-15,SKU001,16.0,11.81,backtest,6.2,17.42
2025-12-16,SKU001,12.0,12.18,backtest,6.57,17.8
2025-12-17,SKU001,12.0,12.07,backtest,6.46,17.68
2025-12-18,SKU001,15.0,12.25,backtest,6.64,17.86
2025-12-19,SKU001,8.0,12.28,backtest,6.66,17.89
2025-12-20,SKU001,13.0,14.54,backtest,8.93,20.15
2025-12-21,SKU001,15.0,14.76,backtest,9.15,20.37
2025-12-22,SKU001,7.0,12.2,backtest,6.59,17.81
2025-12-23,SKU001,19.0,12.21,backtest,6.6,17.83
2025-12-24,SKU001,10.0,12.13,backtest,6.52,17.74
2025-12-25,SKU001,10.0,12.16,backtest,6.55,17.77
2025-12-26,SKU001,13.0,12.28,backtest,6.67,17.9
2025-12-27,SKU001,8.0,14.62,backtest,9.01,20.24
2025-12-28,SKU001,9.0,15.05,backtest,9.44,20.66
2025-12-29,SKU001,12.0,12.27,backtest,6.66,17.88
2025-12-30,SKU001,14.0,12.42,backtest,6.8,18.03
2025-12-31,SKU001,11.0,12.74,backtest,7.12,18.35
2026-01-01,SKU001,,13.07,future,7.45,18.68
2026-01-02,SKU001,,13.19,future,7.57,18.8
2026-01-03,SKU001,,15.14,future,9.52,20.75
2026-01-04,SKU001,,15.47,future,9.86,21.09
2026-01-05,SKU001,,12.91,future,7.3,18.53
2026-01-06,SKU001,,12.87,future,7.26,18.49
2026-01-07,SKU001,,13.04,future,7.43,18.66
2026-01-08,SKU001,,13.02,future,7.4,18.63
2026-01-09,SKU001,,13.06,future,7.44,18.67
2026-01-10,SKU001,,15.21,future,9.6,20.82
2026-01-11,SKU001,,15.15,future,9.53,20.76
2026-01-12,SKU001,,12.86,future,7.25,18.47
2026-01-13,SKU001,,12.81,future,7.2,18.42
2026-01-14,SKU001,,12.94,future,7.32,18.55
2026-01-15,SKU001,,12.89,future,7.28,18.51
2026-01-16,SKU001,,13.13,future,7.52,18.74
2026-01-17,SKU001,,14.93,future,9.31,20.54
2026-01-18,SKU001,,15.05,future,9.43,20.66
2026-01-19,SKU001,,12.99,future,7.38,18.61
2026-01-20,SKU001,,13.24,future,7.63,18.85
2026-01-21,SKU001,,13.01,future,7.4,18.62
2026-01-22,SKU001,,13.44,future,7.83,19.06
2026-01-23,SKU001,,13.49,future,7.88,19.11
2026-01-24,SKU001,,15.41,future,9.8,21.02
2026-01-25,SKU001,,15.79,future,10.17,21.4
2026-01-26,SKU001,,13.55,future,7.94,19.16
2026-01-27,SKU001,,13.78,future,8.17,19.4
2026-01-28,SKU001,,13.58,future,7.97,19.2
2026-01-29,SKU001,,13.71,future,8.1,19.32
2026-01-30,SKU001,,14.03,future,8.41,19.64
2025-09-03,SKU002,5.0,,history,,
2025-09-04,SKU002,9.0,,history,,
2025-09-05,SKU002,10.0,,history,,
2025-09-06,SKU002,12.0,,history,,
2025-09-07,SKU002,14.0,,history,,
2025-09-08,SKU002,4.0,,history,,
2025-09-09,SKU002,6.0,,history,,
2025-09-10,SKU002,10.0,,history,,
2025-09-11,SKU002,9.0,,history,,
2025-09-12,SKU002,8.0,,history,,
2025-09-13,SKU002,17.0,,history,,
2025-09-14,SKU002,11.0,,history,,
2025-09-15,SKU002,15.0,,history,,
2025-09-16,SKU002,13.0,,history,,
2025-09-17,SKU002,8.0,,history,,
2025-09-18,SKU002,11.0,,history,,
2025-09-19,SKU002,8.0,,history,,
2025-09-20,SKU002,14.0,,history,,
2025-09-21,SKU002,10.0,,history,,
2025-09-22,SKU002,5.0,,history,,
2025-09-23,SKU002,9.0,,history,,
2025-09-24,SKU002,8.0,,history,,
2025-09-25,SKU002,6.0,,history,,
2025-09-26,SKU002,5.0,,history,,
2025-09-27,SKU002,13.0,,history,,
2025-09-28,SKU002,14.0,,history,,
2025-09-29,SKU002,8.0,,history,,
2025-09-30,SKU002,7.0,,history,,
2025-10-01,SKU002,11.0,,history,,
2025-10-02,SKU002,8.0,,history,,
2025-10-03,SKU002,7.0,8.59,backtest,4.32,12.86
2025-10-04,SKU002,12.0,9.79,backtest,5.51,14.06
2025-10-05,SKU002,10.0,9.92,backtest,5.64,14.19
2025-10-06,SKU002,5.0,8.25,backtest,3.97,12.52
2025-10-07,SKU002,8.0,8.53,backtest,4.26,12.81
2025-10-08,SKU002,7.0,8.46,backtest,4.18,12.73
2025-10-09,SKU002,4.0,8.51,backtest,4.24,12.78
2025-10-10,SKU002,12.0,8.67,backtest,4.39,12.94
2025-10-11,SKU002,9.0,10.01,backtest,5.73,14.28
2025-10-12,SKU002,11.0,10.01,backtest,5.74,14.28
2025-10-13,SKU002,8.0,8.29,backtest,4.02,12.56
2025-10-14,SKU002,4.0,8.47,backtest,4.19,12.74
2025-10-15,SKU002,12.0,8.05,backtest,3.78,12.32
2025-10-16,SKU002,7.0,8.13,backtest,3.85,12.4
2025-10-17,SKU002,7.0,8.17,backtest,3.9,12.44
2025-10-18,SKU002,10.0,9.58,backtest,5.31,13.86
2025-10-19,SKU002,11.0,9.66,backtest,5.39,13.94
2025-10-20,SKU002,10.0,7.94,backtest,3.67,12.21
2025-10-21,SKU002,5.0,8.04,backtest,3.77,12.31
2025-10-22,SKU002,9.0,8.04,backtest,3.77,12.31
2025-10-23,SKU002,6.0,8.07,backtest,3.79,12.34
2025-10-24,SKU002,4.0,8.07,backtest,3.8,12.35
2025-10-25,SKU002,6.0,9.59,backtest,5.32,13.87
2025-10-26,SKU002,11.0,9.85,backtest,5.57,14.12
2025-10-27,SKU002,6.0,8.07,backtest,3.79,12.34
2025-10-28,SKU002,6.0,8.12,backtest,3.85,12.39
2025-10-29,SKU002,13.0,8.18,backtest,3.9,12.45
2025-10-30,SKU002,11.0,8.1,backtest,3.83,12.38
2025-10-31,SKU002,7.0,8.14,backtest,3.87,12.41
2025-11-01,SKU002,13.0,11.28,backtest,7.0,15.55
2025-11-02,SKU002,14.0,10.9,backtest,6.63,15.17
2025-11-03,SKU002,12.0,7.76,backtest,3.49,12.04
2025-11-04,SKU002,5.0,7.89,backtest,3.62,12.16
2025-11-05,SKU002,7.0,7.74,backtest,3.47,12.02
2025-11-06,SKU002,11.0,7.9,backtest,3.63,12.17
2025-11-07,SKU002,8.0,8.22,backtest,3.94,12.49
2025-11-08,SKU002,15.0,10.9,backtest,6.63,15.18
2025-11-09,SKU002,14.0,11.51,backtest,7.24,15.79
2025-11-10,SKU002,11.0,7.97,backtest,3.7,12.24
2025-11-11,SKU002,3.0,8.0,backtest,3.73,12.27
2025-11-12,SKU002,9.0,8.09,backtest,3.82,12.36
2025-11-13,SKU002,11.0,8.0,backtest,3.73,12.28
2025-11-14,SKU002,6.0,8.19,backtest,3.91,12.46
2025-11-15,SKU002,11.0,11.52,backtest,7.25,15.79
2025-11-16,SKU002,9.0,11.81,backtest,7.54,16.08
2025-11-17,SKU002,8.0,8.06,backtest,3.79,12.34
2025-11-18,SKU002,11.0,8.08,backtest,3.81,12.35
2025-11-19,SKU002,10.0,8.22,backtest,3.95,12.5
2025-11-20,SKU002,8.0,8.21,backtest,3.93,12.48
2025-11-21,SKU002,4.0,8.2,backtest,3.93,12.48
2025-11-22,SKU002,12.0,11.56,backtest,7.28,15.83
2025-11-23,SKU002,11.0,12.51,backtest,8.23,16.78
2025-11-24,SKU002,10.0,8.29,backtest,4.02,12.57
2025-11-25,SKU002,12.0,8.33,backtest,4.06,12.6
2025-11-26,SKU002,5.0,8.49,backtest,4.21,12.76
2025-11-27,SKU002,11.0,8.4,backtest,4.13,12.68
2025-11-28,SKU002,7.0,8.06,backtest,3.79,12.33
2025-11-29,SKU002,14.0,12.24,backtest,7.97,16.51
2025-11-30,SKU002,7.0,11.32,backtest,7.04,15.59
2025-12-01,SKU002,10.0,8.3,backtest,4.03,12.58
2025-12-02,SKU002,6.0,8.51,backtest,4.24,12.79
2025-12-03,SKU002,8.0,8.5,backtest,4.23,12.77
2025-12-04,SKU002,5.0,8.67,backtest,4.4,12.94
2025-12-05,SKU002,8.0,8.71,backtest,4.44,12.99
2025-12-06,SKU002,8.0,10.5,backtest,6.23,14.77
2025-12-07,SKU002,6.0,10.78,backtest,6.5,15.05
2025-12-08,SKU002,9.0,8.91,backtest,4.63,13.18
2025-12-09,SKU002,6.0,8.5,backtest,4.23,12.77
2025-12-10,SKU002,3.0,9.03,backtest,4.76,13.3
2025-12-11,SKU002,9.0,9.0,backtest,4.73,13.27
2025-12-12,SKU002,11.0,8.99,backtest,4.72,13.26
2025-12-13,SKU002,8.0,10.43,backtest,6.16,14.71
2025-12-14,SKU002,9.0,10.57,backtest,6.29,14.84
2025-12-15,SKU002,9.0,8.82,backtest,4.54,13.09
2025-12-16,SKU002,7.0,8.95,backtest,4.68,13.22
2025-12-17,SKU002,6.0,8.9,backtest,4.63,13.17
2025-12-18,SKU002,9.0,8.98,backtest,4.7,13.25
2025-12-19,SKU002,8.0,8.94,backtest,4.66,13.21
2025-12-20,SKU002,4.0,10.46,backtest,6.18,14.73
2025-12-21,SKU002,12.0,10.55,backtest,6.28,14.82
2025-12-22,SKU002,5.0,8.92,backtest,4.65,13.19
2025-12-23,SKU002,4.0,9.02,backtest,4.75,13.29
2025-12-24,SKU002,10.0,9.03,backtest,4.76,13.31
2025-12-25,SKU002,7.0,9.22,backtest,4.95,13.49
2025-12-26,SKU002,6.0,9.24,backtest,4.97,13.52
2025-12-27,SKU002,9.0,10.78,backtest,6.5,15.05
2025-12-28,SKU002,10.0,10.67,backtest,6.4,14.95
2025-12-29,SKU002,9.0,9.21,backtest,4.94,13.49
2025-12-30,SKU002,10.0,9.33,backtest,5.06,13.61
2025-12-31,SKU002,8.0,9.33,backtest,5.06,13.61
2026-01-01,SKU002,,8.51,future,4.24,12.79
2026-01-02,SKU002,,8.78,future,4.51,13.06
2026-01-03,SKU002,,9.65,future,5.37,13.92
2026-01-04,SKU002,,9.64,future,5.36,13.91
2026-01-05,SKU002,,9.02,future,4.74,13.29
2026-01-06,SKU002,,8.99,future,4.72,13.27
2026-01-07,SKU002,,8.9,future,4.62,13.17
2026-01-08,SKU002,,9.18,future,4.91,13.46
2026-01-09,SKU002,,9.12,future,4.85,13.39
2026-01-10,SKU002,,10.16,future,5.89,14.43
2026-01-11,SKU002,,10.29,future,6.02,14.57
2026-01-12,SKU002,,9.0,future,4.73,13.28
2026-01-13,SKU002,,8.98,future,4.7,13.25
2026-01-14,SKU002,,8.93,future,4.66,13.2
2026-01-15,SKU002,,9.18,future,4.9,13.45
2026-01-16,SKU002,,9.18,future,4.91,13.45
2026-01-17,SKU002,,10.18,future,5.91,14.45
2026-01-18,SKU002,,10.63,future,6.36,14.9
2026-01-19,SKU002,,9.32,future,5.05,13.59
2026-01-20,SKU002,,9.46,future,5.19,13.74
2026-01-21,SKU002,,9.45,future,5.18,13.72
2026-01-22,SKU002,,9.7,future,5.42,13.97
2026-01-23,SKU002,,9.85,future,5.58,14.12
2026-01-24,SKU002,,10.99,future,6.72,15.27
2026-01-25,SKU002,,11.16,future,6.89,15.44
2026-01-26,SKU002,,9.84,future,5.57,14.11
2026-01-27,SKU002,,9.97,future,5.7,14.25
2026-01-28,SKU002,,10.11,future,5.84,14.38
2026-01-29,SKU002,,10.26,future,5.98,14.53
2026-01-30,SKU002,,10.34,future,6.06,14.61
2025-09-03,SKU003,1.0,,history,,
2025-09-04,SKU003,2.0,,history,,
2025-09-05,SKU003,3.0,,history,,
2025-09-06,SKU003,6.0,,history,,
2025-09-07,SKU003,7.0,,history,,
2025-09-08,SKU003,3.0,,history,,
2025-09-09,SKU003,9.0,,history,,
2025-09-10,SKU003,0.0,,history,,
2025-09-11,SKU003,6.0,,history,,
2025-09-12,SKU003,8.0,,history,,
2025-09-13,SKU003,10.0,,history,,
2025-09-14,SKU003,6.0,,history,,
2025-09-15,SKU003,7.0,,history,,
2025-09-16,SKU003,6.0,,history,,
2025-09-17,SKU003,1.0,,history,,
2025-09-18,SKU003,7.0,,history,,
2025-09-19,SKU003,4.0,,history,,
2025-09-20,SKU003,5.0,,history,,
2025-09-21,SKU003,9.0,,history,,
2025-09-22,SKU003,4.0,,history,,
2025-09-23,SKU003,5.0,,history,,
2025-09-24,SKU003,6.0,,history,,
2025-09-25,SKU003,7.0,,history,,
2025-09-26,SKU003,6.0,,history,,
2025-09-27,SKU003,9.0,,history,,
2025-09-28,SKU003,5.0,,history,,
2025-09-29,SKU003,8.0,,history,,
2025-09-30,SKU003,7.0,,history,,
2025-10-01,SKU003,6.0,,history,,
2025-10-02,SKU003,3.0,,history,,
2025-10-03,SKU003,7.0,5.14,backtest,1.47,8.81
2025-10-04,SKU003,4.0,5.86,backtest,2.19,9.53
2025-10-05,SKU003,8.0,5.75,backtest,2.08,9.42
2025-10-06,SKU003,7.0,4.96,backtest,1.29,8.63
2025-10-07,SKU003,3.0,5.09,backtest,1.42,8.76
2025-10-08,SKU003,3.0,4.95,backtest,1.28,8.62
2025-10-09,SKU003,5.0,5.1,backtest,1.43,8.77
2025-10-10,SKU003,6.0,5.2,backtest,1.53,8.87
2025-10-11,SKU003,6.0,5.57,backtest,1.9,9.24
2025-10-12,SKU003,3.0,5.63,backtest,1.96,9.3
2025-10-13,SKU003,4.0,5.0,backtest,1.33,8.67
2025-10-14,SKU003,4.0,4.88,backtest,1.21,8.56
2025-10-15,SKU003,4.0,4.77,backtest,1.1,8.44
2025-10-16,SKU003,6.0,5.09,backtest,1.42,8.76
2025-10-17,SKU003,4.0,4.95,backtest,1.28,8.62
2025-10-18,SKU003,2.0,5.67,backtest,2.0,9.34
2025-10-19,SKU003,2.0,5.7,backtest,2.03,9.37
2025-10-20,SKU003,5.0,4.82,backtest,1.15,8.49
2025-10-21,SKU003,8.0,4.86,backtest,1.19,8.53
2025-10-22,SKU003,3.0,4.91,backtest,1.24,8.58
2025-10-23,SKU003,5.0,4.94,backtest,1.27,8.61
2025-10-24,SKU003,4.0,4.87,backtest,1.2,8.54
2025-10-25,SKU003,6.0,5.32,backtest,1.65,8.99
2025-10-26,SKU003,3.0,5.25,backtest,1.58,8.92
2025-10-27,SKU003,9.0,4.76,backtest,1.09,8.43
2025-10-28,SKU003,5.0,4.79,backtest,1.12,8.46
2025-10-29,SKU003,4.0,4.8,backtest,1.13,8.47
2025-10-30,SKU003,1.0,4.76,backtest,1.09,8.43
2025-10-31,SKU003,4.0,4.83,backtest,1.16,8.5
2025-11-01,SKU003,8.0,6.72,backtest,3.05,10.39
2025-11-02,SKU003,10.0,6.49,backtest,2.82,10.16
2025-11-03,SKU003,4.0,4.6,backtest,0.93,8.27
2025-11-04,SKU003,6.0,4.5,backtest,0.82,8.17
2025-11-05,SKU003,2.0,4.62,backtest,0.95,8.29
2025-11-06,SKU003,8.0,4.64,backtest,0.97,8.31
2025-11-07,SKU003,9.0,4.78,backtest,1.11,8.45
2025-11-08,SKU003,7.0,6.4,backtest,2.72,10.07
2025-11-09,SKU003,3.0,6.4,backtest,2.73,10.07
2025-11-10,SKU003,4.0,4.6,backtest,0.93,8.27
2025-11-11,SKU003,3.0,4.64,backtest,0.97,8.31
2025-11-12,SKU003,4.0,4.65,backtest,0.98,8.32
2025-11-13,SKU003,4.0,4.71,backtest,1.04,8.38
2025-11-14,SKU003,9.0,4.71,backtest,1.04,8.38
2025-11-15,SKU003,3.0,6.39,backtest,2.72,10.06
2025-11-16,SKU003,10.0,6.5,backtest,2.83,10.17
2025-11-17,SKU003,5.0,4.67,backtest,1.0,8.34
2025-11-18,SKU003,6.0,4.77,backtest,1.1,8.44
2025-11-19,SKU003,5.0,4.63,backtest,0.96,8.3
2025-11-20,SKU003,5.0,4.75,backtest,1.08,8.42
2025-11-21,SKU003,2.0,4.71,backtest,1.04,8.38
2025-11-22,SKU003,11.0,6.63,backtest,2.96,10.3
2025-11-23,SKU003,7.0,6.7,backtest,3.03,10.37
2025-11-24,SKU003,6.0,4.74,backtest,1.07,8.41
2025-11-25,SKU003,4.0,4.78,backtest,1.11,8.45
2025-11-26,SKU003,4.0,4.76,backtest,1.09,8.43
2025-11-27,SKU003,1.0,4.75,backtest,1.08,8.42
2025-11-28,SKU003,1.0,4.74,backtest,1.07,8.41
2025-11-29,SKU003,6.0,6.68,backtest,3.01,10.35
2025-11-30,SKU003,7.0,6.44,backtest,2.77,10.11
2025-12-01,SKU003,5.0,4.73,backtest,1.06,8.4
2025-12-02,SKU003,9.0,4.7,backtest,1.03,8.38
2025-12-03,SKU003,4.0,4.66,backtest,0.99,8.33
2025-12-04,SKU003,5.0,4.77,backtest,1.1,8.44
2025-12-05,SKU003,4.0,4.87,backtest,1.2,8.54
2025-12-06,SKU003,5.0,5.45,backtest,1.78,9.12
2025-12-07,SKU003,6.0,5.32,backtest,1.65,8.99
2025-12-08,SKU003,1.0,4.97,backtest,1.3,8.64
2025-12-09,SKU003,9.0,5.02,backtest,1.35,8.69
2025-12-10,SKU003,1.0,4.99,backtest,1.32,8.66
2025-12-11,SKU003,5.0,5.02,backtest,1.35,8.69
2025-12-12,SKU003,2.0,5.1,backtest,1.43,8.77
2025-12-13,SKU003,6.0,5.45,backtest,1.78,9.12
2025-12-14,SKU003,9.0,5.44,backtest,1.77,9.11
2025-12-15,SKU003,4.0,4.8,backtest,1.13,8.47
2025-12-16,SKU003,2.0,4.9,backtest,1.23,8.57
2025-12-17,SKU003,5.0,4.86,backtest,1.19,8.53
2025-12-18,SKU003,1.0,4.87,backtest,1.2,8.54
2025-12-19,SKU003,3.0,4.91,backtest,1.23,8.58
2025-12-20,SKU003,5.0,5.56,backtest,1.89,9.23
2025-12-21,SKU003,3.0,5.39,backtest,1.72,9.06
2025-12-22,SKU003,3.0,4.88,backtest,1.21,8.55
2025-12-23,SKU003,6.0,4.87,backtest,1.2,8.54
2025-12-24,SKU003,2.0,4.93,backtest,1.26,8.6
2025-12-25,SKU003,4.0,4.93,backtest,1.26,8.6
2025-12-26,SKU003,6.0,4.95,backtest,1.28,8.62
2025-12-27,SKU003,9.0,5.52,backtest,1.85,9.19
2025-12-28,SKU003,4.0,5.5,backtest,1.83,9.17
2025-12-29,SKU003,7.0,4.97,backtest,1.3,8.64
2025-12-30,SKU003,4.0,5.02,backtest,1.34,8.69
2025-12-31,SKU003,6.0,4.99,backtest,1.32,8.66
2026-01-01,SKU003,,5.0,future,1.33,8.67
2026-01-02,SKU003,,4.99,future,1.32,8.66
2026-01-03,SKU003,,5.54,future,1.87,9.21
2026-01-04,SKU003,,5.41,future,1.74,9.08
2026-01-05,SKU003,,4.76,future,1.09,8.43
2026-01-06,SKU003,,5.08,future,1.41,8.75
2026-01-07,SKU003,,4.83,future,1.16,8.5
2026-01-08,SKU003,,5.09,future,1.42,8.76
2026-01-09,SKU003,,5.09,future,1.42,8.76
2026-01-10,SKU003,,5.66,future,1.99,9.33
2026-01-11,SKU003,,5.72,future,2.05,9.39
2026-01-12,SKU003,,4.71,future,1.04,8.38
2026-01-13,SKU003,,5.04,future,1.37,8.71
2026-01-14,SKU003,,5.02,future,1.35,8.69
2026-01-15,SKU003,,5.07,future,1.4,8.74
2026-01-16,SKU003,,5.22,future,1.55,8.89
2026-01-17,SKU003,,5.81,future,2.14,9.48
2026-01-18,SKU003,,5.9,future,2.23,9.57
2026-01-19,SKU003,,5.14,future,1.47,8.81
2026-01-20,SKU003,,5.34,future,1.67,9.01
2026-01-21,SKU003,,5.3,future,1.63,8.97
2026-01-22,SKU003,,5.32,future,1.65,8.99
2026-01-23,SKU003,,5.39,future,1.72,9.06
2026-01-24,SKU003,,5.99,future,2.32,9.66
2026-01-25,SKU003,,5.78,future,2.11,9.45
2026-01-26,SKU003,,5.15,future,1.48,8.82
2026-01-27,SKU003,,5.2,future,1.53,8.87
2026-01-28,SKU003,,5.31,future,1.64,8.98
2026-01-29,SKU003,,5.28,future,1.61,8.95
2026-01-30,SKU003,,5.47,future,1.8,9.14
2025-09-03,SKU004,2.0,,history,,
2025-09-04,SKU004,6.0,,history,,
2025-09-05,SKU004,5.0,,history,,
2025-09-06,SKU004,10.0,,history,,
2025-09-07,SKU004,7.0,,history,,
2025-09-08,SKU004,0.0,,history,,
2025-09-09,SKU004,7.0,,history,,
2025-09-10,SKU004,3.0,,history,,
2025-09-11,SKU004,6.0,,history,,
2025-09-12,SKU004,4.0,,history,,
2025-09-13,SKU004,4.0,,history,,
2025-09-14,SKU004,5.0,,history,,
2025-09-15,SKU004,2.0,,history,,
2025-09-16,SKU004,2.0,,history,,
2025-09-17,SKU004,5.0,,history,,
2025-09-18,SKU004,1.0,,history,,
2025-09-19,SKU004,5.0,,history,,
2025-09-20,SKU004,2.0,,history,,
2025-09-21,SKU004,9.0,,history,,
2025-09-22,SKU004,3.0,,history,,
2025-09-23,SKU004,5.0,,history,,
2025-09-24,SKU004,1.0,,history,,
2025-09-25,SKU004,6.0,,history,,
2025-09-26,SKU004,6.0,,history,,
2025-09-27,SKU004,5.0,,history,,
2025-09-28,SKU004,2.0,,history,,
2025-09-29,SKU004,7.0,,history,,
2025-09-30,SKU004,0.0,,history,,
2025-10-01,SKU004,5.0,,history,,
2025-10-02,SKU004,4.0,,history,,
2025-10-03,SKU004,3.0,3.97,backtest,0.84,7.1
2025-10-04,SKU004,3.0,4.39,backtest,1.26,7.51
2025-10-05,SKU004,1.0,4.13,backtest,1.0,7.26
2025-10-06,SKU004,1.0,3.31,backtest,0.18,6.44
2025-10-07,SKU004,4.0,3.83,backtest,0.7,6.96
2025-10-08,SKU004,2.0,3.7,backtest,0.57,6.83
2025-10-09,SKU004,3.0,3.92,backtest,0.79,7.05
2025-10-10,SKU004,4.0,3.58,backtest,0.45,6.71
2025-10-11,SKU004,4.0,3.93,backtest,0.8,7.06
2025-10-12,SKU004,10.0,3.78,backtest,0.65,6.91
2025-10-13,SKU004,2.0,3.34,backtest,0.21,6.46
2025-10-14,SKU004,4.0,3.35,backtest,0.22,6.48
2025-10-15,SKU004,3.0,3.42,backtest,0.29,6.54
2025-10-16,SKU004,4.0,3.39,backtest,0.26,6.52
2025-10-17,SKU004,5.0,3.85,backtest,0.72,6.98
2025-10-18,SKU004,3.0,3.78,backtest,0.65,6.91
2025-10-19,SKU004,3.0,4.26,backtest,1.13,7.39
2025-10-20,SKU004,4.0,3.47,backtest,0.34,6.6
2025-10-21,SKU004,0.0,3.48,backtest,0.35,6.61
2025-10-22,SKU004,2.0,3.46,backtest,0.33,6.59
2025-10-23,SKU004,4.0,3.55,backtest,0.42,6.67
2025-10-24,SKU004,4.0,3.59,backtest,0.47,6.72
2025-10-25,SKU004,6.0,3.9,backtest,0.77,7.03
2025-10-26,SKU004,4.0,3.88,backtest,0.75,7.0
2025-10-27,SKU004,4.0,3.57,backtest,0.44,6.69
2025-10-28,SKU004,6.0,3.48,backtest,0.35,6.61
2025-10-29,SKU004,6.0,3.5,backtest,0.37,6.63
2025-10-30,SKU004,2.0,3.51,backtest,0.39,6.64
2025-10-31,SKU004,5.0,3.56,backtest,0.43,6.69
2025-11-01,SKU004,6.0,4.74,backtest,1.61,7.87
2025-11-02,SKU004,3.0,4.9,backtest,1.77,8.03
2025-11-03,SKU004,5.0,3.49,backtest,0.36,6.62
2025-11-04,SKU004,3.0,3.88,backtest,0.75,7.01
2025-11-05,SKU004,3.0,3.78,backtest,0.65,6.91
2025-11-06,SKU004,4.0,3.81,backtest,0.68,6.94
2025-11-07,SKU004,2.0,3.86,backtest,0.74,6.99
2025-11-08,SKU004,3.0,5.11,backtest,1.98,8.24
2025-11-09,SKU004,7.0,5.46,backtest,2.33,8.59
2025-11-10,SKU004,3.0,3.42,backtest,0.29,6.55
2025-11-11,SKU004,7.0,3.88,backtest,0.75,7.01
2025-11-12,SKU004,2.0,3.87,backtest,0.74,6.99
2025-11-13,SKU004,3.0,3.89,backtest,0.76,7.02
2025-11-14,SKU004,6.0,3.96,backtest,0.83,7.09
2025-11-15,SKU004,2.0,5.19,backtest,2.06,8.32
2025-11-16,SKU004,8.0,5.27,backtest,2.15,8.4
2025-11-17,SKU004,4.0,4.07,backtest,0.94,7.19
2025-11-18,SKU004,3.0,4.04,backtest,0.92,7.17
2025-11-19,SKU004,5.0,4.04,backtest,0.92,7.17
2025-11-20,SKU004,3.0,4.08,backtest,0.95,7.21
2025-11-21,SKU004,1.0,4.13,backtest,1.0,7.25
2025-11-22,SKU004,4.0,5.55,backtest,2.42,8.68
2025-11-23,SKU004,8.0,5.53,backtest,2.4,8.66
2025-11-24,SKU004,2.0,4.03,backtest,0.9,7.16
2025-11-25,SKU004,0.0,4.05,backtest,0.92,7.18
2025-11-26,SKU004,4.0,4.01,backtest,0.89,7.14
2025-11-27,SKU004,3.0,3.96,backtest,0.83,7.09
2025-11-28,SKU004,3.0,3.93,backtest,0.8,7.06
2025-11-29,SKU004,5.0,5.46,backtest,2.34,8.59
2025-11-30,SKU004,5.0,5.16,backtest,2.04,8.29
2025-12-01,SKU004,5.0,4.07,backtest,0.94,7.2
2025-12-02,SKU004,3.0,3.49,backtest,0.36,6.62
2025-12-03,SKU004,1.0,3.48,backtest,0.36,6.61
2025-12-04,SKU004,3.0,3.51,backtest,0.38,6.64
2025-12-05,SKU004,7.0,3.5,backtest,0.37,6.63
2025-12-06,SKU004,5.0,4.29,backtest,1.16,7.42
2025-12-07,SKU004,4.0,4.31,backtest,1.18,7.44
2025-12-08,SKU004,5.0,3.92,backtest,0.79,7.05
2025-12-09,SKU004,5.0,3.93,backtest,0.8,7.05
2025-12-10,SKU004,4.0,3.97,backtest,0.84,7.1
2025-12-11,SKU004,6.0,4.01,backtest,0.88,7.14
2025-12-12,SKU004,4.0,3.93,backtest,0.8,7.06
2025-12-13,SKU004,8.0,4.21,backtest,1.08,7.34
2025-12-14,SKU004,7.0,4.29,backtest,1.16,7.41
2025-12-15,SKU004,5.0,3.91,backtest,0.79,7.04
2025-12-16,SKU004,6.0,3.89,backtest,0.76,7.02
2025-12-17,SKU004,7.0,3.89,backtest,0.76,7.02
2025-12-18,SKU004,3.0,3.92,backtest,0.79,7.04
2025-12-19,SKU004,6.0,3.93,backtest,0.8,7.06
2025-12-20,SKU004,4.0,4.28,backtest,1.16,7.41
2025-12-21,SKU004,7.0,4.35,backtest,1.22,7.47
2025-12-22,SKU004,4.0,3.87,backtest,0.74,7.0
2025-12-23,SKU004,7.0,3.84,backtest,0.72,6.97
2025-12-24,SKU004,4.0,4.28,backtest,1.15,7.41
2025-12-25,SKU004,3.0,4.31,backtest,1.18,7.44
2025-12-26,SKU004,2.0,4.32,backtest,1.19,7.45
2025-12-27,SKU004,3.0,4.67,backtest,1.54,7.79
2025-12-28,SKU004,7.0,4.66,backtest,1.53,7.79
2025-12-29,SKU004,1.0,4.29,backtest,1.16,7.42
2025-12-30,SKU004,3.0,4.34,backtest,1.21,7.46
2025-12-31,SKU004,2.0,4.34,backtest,1.21,7.46
2026-01-01,SKU004,,4.63,future,1.51,7.76
2026-01-02,SKU004,,4.68,future,1.55,7.8
2026-01-03,SKU004,,4.96,future,1.84,8.09
2026-01-04,SKU004,,5.05,future,1.92,8.17
2026-01-05,SKU004,,4.68,future,1.55,7.81
2026-01-06,SKU004,,4.62,future,1.49,7.75
2026-01-07,SKU004,,4.65,future,1.52,7.77
2026-01-08,SKU004,,4.74,future,1.61,7.87
2026-01-09,SKU004,,4.48,future,1.35,7.6
2026-01-10,SKU004,,5.08,future,1.95,8.2
2026-01-11,SKU004,,5.05,future,1.92,8.18
2026-01-12,SKU004,,4.46,future,1.33,7.59
2026-01-13,SKU004,,4.45,future,1.32,7.58
2026-01-14,SKU004,,4.47,future,1.34,7.6
2026-01-15,SKU004,,4.44,future,1.32,7.57
2026-01-16,SKU004,,4.45,future,1.33,7.58
2026-01-17,SKU004,,4.96,future,1.83,8.09
2026-01-18,SKU004,,4.95,future,1.82,8.08
2026-01-19,SKU004,,4.43,future,1.3,7.56
2026-01-20,SKU004,,4.53,future,1.4,7.66
2026-01-21,SKU004,,4.48,future,1.36,7.61
2026-01-22,SKU004,,4.44,future,1.31,7.57
2026-01-23,SKU004,,4.46,future,1.33,7.59
2026-01-24,SKU004,,4.95,future,1.82,8.08
2026-01-25,SKU004,,5.07,future,1.94,8.19
2026-01-26,SKU004,,4.38,future,1.25,7.51
2026-01-27,SKU004,,4.47,future,1.34,7.6
2026-01-28,SKU004,,4.49,future,1.36,7.62
2026-01-29,SKU004,,4.52,future,1.39,7.65
2026-01-30,SKU004,,4.62,future,1.49,7.74
2025-09-03,SKU005,15.0,,history,,
2025-09-04,SKU005,17.0,,history,,
2025-09-05,SKU005,9.0,,history,,
2025-09-06,SKU005,12.0,,history,,
2025-09-07,SKU005,14.0,,history,,
2025-09-08,SKU005,12.0,,history,,
2025-09-09,SKU005,12.0,,history,,
2025-09-10,SKU005,10.0,,history,,
2025-09-11,SKU005,10.0,,history,,
2025-09-12,SKU005,17.0,,history,,
2025-09-13,SKU005,15.0,,history,,
2025-09-14,SKU005,20.0,,history,,
2025-09-15,SKU005,13.0,,history,,
2025-09-16,SKU005,14.0,,history,,
2025-09-17,SKU005,12.0,,history,,
2025-09-18,SKU005,5.0,,history,,
2025-09-19,SKU005,12.0,,history,,
2025-09-20,SKU005,19.0,,history,,
2025-09-21,SKU005,14.0,,history,,
2025-09-22,SKU005,10.0,,history,,
2025-09-23,SKU005,18.0,,history,,
2025-09-24,SKU005,9.0,,history,,
2025-09-25,SKU005,16.0,,history,,
2025-09-26,SKU005,14.0,,history,,
2025-09-27,SKU005,19.0,,history,,
2025-09-28,SKU005,22.0,,history,,
2025-09-29,SKU005,12.0,,history,,
2025-09-30,SKU005,13.0,,history,,
2025-10-01,SKU005,10.0,,history,,
2025-10-02,SKU005,13.0,,history,,
2025-10-03,SKU005,15.0,11.94,backtest,5.99,17.88
2025-10-04,SKU005,15.0,14.66,backtest,8.71,20.6
2025-10-05,SKU005,19.0,14.28,backtest,8.34,20.23
2025-10-06,SKU005,12.0,12.21,backtest,6.26,18.15
2025-10-07,SKU005,14.0,12.19,backtest,6.24,18.14
2025-10-08,SKU005,15.0,12.4,backtest,6.45,18.34
2025-10-09,SKU005,17.0,12.35,backtest,6.4,18.29
2025-10-10,SKU005,15.0,12.53,backtest,6.59,18.48
2025-10-11,SKU005,22.0,14.74,backtest,8.8,20.69
2025-10-12,SKU005,12.0,14.97,backtest,9.02,20.91
2025-10-13,SKU005,18.0,12.29,backtest,6.35,18.24
2025-10-14,SKU005,16.0,12.27,backtest,6.32,18.21
2025-10-15,SKU005,11.0,12.45,backtest,6.5,18.39
2025-10-16,SKU005,14.0,12.51,backtest,6.56,18.46
2025-10-17,SKU005,12.0,12.88,backtest,6.94,18.83
2025-10-18,SKU005,13.0,14.82,backtest,8.88,20.77
2025-10-19,SKU005,21.0,15.02,backtest,9.07,20.96
2025-10-20,SKU005,9.0,12.81,backtest,6.86,18.76
2025-10-21,SKU005,5.0,13.08,backtest,7.13,19.02
2025-10-22,SKU005,18.0,12.77,backtest,6.82,18.71
2025-10-23,SKU005,22.0,13.22,backtest,7.27,19.17
2025-10-24,SKU005,14.0,13.02,backtest,7.08,18.97
2025-10-25,SKU005,15.0,15.13,backtest,9.19,21.08
2025-10-26,SKU005,15.0,15.29,backtest,9.35,21.24
2025-10-27,SKU005,14.0,12.98,backtest,7.03,18.92
2025-10-28,SKU005,15.0,13.03,backtest,7.09,18.98
2025-10-29,SKU005,15.0,12.92,backtest,6.98,18.87
2025-10-30,SKU005,18.0,13.07,backtest,7.12,19.01
2025-10-31,SKU005,11.0,13.21,backtest,7.27,19.16
2025-11-01,SKU005,20.0,18.11,backtest,12.16,24.05
2025-11-02,SKU005,11.0,19.65,backtest,13.71,25.6
2025-11-03,SKU005,12.0,14.02,backtest,8.07,19.96
2025-11-04,SKU005,19.0,14.02,backtest,8.08,19.97
2025-11-05,SKU005,18.0,14.22,backtest,8.27,20.16
2025-11-06,SKU005,12.0,14.41,backtest,8.47,20.36
2025-11-07,SKU005,10.0,14.28,backtest,8.34,20.23
2025-11-08,SKU005,22.0,19.75,backtest,13.8,25.69
2025-11-09,SKU005,21.0,19.47,backtest,13.52,25.42
2025-11-10,SKU005,13.0,14.17,backtest,8.23,20.12
2025-11-11,SKU005,13.0,14.09,backtest,8.15,20.04
2025-11-12,SKU005,9.0,14.15,backtest,8.2,20.09
2025-11-13,SKU005,10.0,14.18,backtest,8.24,20.13
2025-11-14,SKU005,16.0,14.4,backtest,8.46,20.35
2025-11-15,SKU005,24.0,20.47,backtest,14.52,26.41
2025-11-16,SKU005,17.0,20.04,backtest,14.09,25.98
2025-11-17,SKU005,16.0,14.29,backtest,8.35,20.24
2025-11-18,SKU005,12.0,14.4,backtest,8.46,20.35
2025-11-19,SKU005,14.0,14.39,backtest,8.44,20.33
2025-11-20,SKU005,10.0,14.65,backtest,8.71,20.6
2025-11-21,SKU005,17.0,14.68,backtest,8.74,20.63
2025-11-22,SKU005,25.0,20.24,backtest,14.29,26.18
2025-11-23,SKU005,21.0,20.11,backtest,14.16,26.06
2025-11-24,SKU005,8.0,13.79,backtest,7.84,19.74
2025-11-25,SKU005,18.0,13.78,backtest,7.84,19.73
2025-11-26,SKU005,15.0,13.77,backtest,7.83,19.72
2025-11-27,SKU005,10.0,13.95,backtest,8.0,19.89
2025-11-28,SKU005,9.0,13.74,backtest,7.79,19.69
2025-11-29,SKU005,14.0,19.55,backtest,13.6,25.5
2025-11-30,SKU005,26.0,19.51,backtest,13.57,25.46
2025-12-01,SKU005,19.0,14.38,backtest,8.43,20.33
2025-12-02,SKU005,13.0,14.28,backtest,8.33,20.22
2025-12-03,SKU005,13.0,14.27,backtest,8.32,20.21
2025-12-04,SKU005,15.0,14.63,backtest,8.69,20.58
2025-12-05,SKU005,10.0,14.68,backtest,8.73,20.62
2025-12-06,SKU005,15.0,17.01,backtest,11.07,22.96
2025-12-07,SKU005,11.0,16.67,backtest,10.72,22.61
2025-12-08,SKU005,16.0,15.8,backtest,9.85,21.74
2025-12-09,SKU005,13.0,15.16,backtest,9.22,21.11
2025-12-10,SKU005,15.0,15.12,backtest,9.18,21.07
2025-12-11,SKU005,10.0,14.75,backtest,8.81,20.7
2025-12-12,SKU005,17.0,14.55,backtest,8.6,20.5
2025-12-13,SKU005,17.0,16.01,backtest,10.06,21.95
2025-12-14,SKU005,15.0,16.81,backtest,10.86,22.75
2025-12-15,SKU005,9.0,14.95,backtest,9.0,20.89
2025-12-16,SKU005,15.0,14.96,backtest,9.01,20.9
2025-12-17,SKU005,16.0,14.88,backtest,8.93,20.82
2025-12-18,SKU005,14.0,14.77,backtest,8.82,20.72
2025-12-19,SKU005,12.0,15.0,backtest,9.06,20.95
2025-12-20,SKU005,18.0,16.68,backtest,10.73,22.62
2025-12-21,SKU005,16.0,17.01,backtest,11.07,22.96
2025-12-22,SKU005,21.0,15.46,backtest,9.51,21.4
2025-12-23,SKU005,14.0,15.27,backtest,9.32,21.21
2025-12-24,SKU005,13.0,15.27,backtest,9.32,21.21
2025-12-25,SKU005,18.0,15.15,backtest,9.21,21.1
2025-12-26,SKU005,8.0,15.04,backtest,9.09,20.98
2025-12-27,SKU005,18.0,16.55,backtest,10.6,22.49
2025-12-28,SKU005,16.0,17.25,backtest,11.31,23.2
2025-12-29,SKU005,17.0,16.0,backtest,10.05,21.94
2025-12-30,SKU005,16.0,15.8,backtest,9.85,21.74
2025-12-31,SKU005,17.0,15.81,backtest,9.86,21.75
2026-01-01,SKU005,,15.58,future,9.64,21.53
2026-01-02,SKU005,,15.4,future,9.46,21.35
2026-01-03,SKU005,,17.8,future,11.86,23.75
2026-01-04,SKU005,,17.99,future,12.05,23.94
2026-01-05,SKU005,,15.81,future,9.86,21.75
2026-01-06,SKU005,,15.97,future,10.02,21.92
2026-01-07,SKU005,,16.03,future,10.08,21.97
2026-01-08,SKU005,,16.49,future,10.54,22.43
2026-01-09,SKU005,,16.52,future,10.57,22.46
2026-01-10,SKU005,,18.08,future,12.13,24.03
2026-01-11,SKU005,,17.98,future,12.03,23.93
2026-01-12,SKU005,,16.13,future,10.18,22.07
2026-01-13,SKU005,,15.87,future,9.93,21.82
2026-01-14,SKU005,,16.08,future,10.14,22.03
2026-01-15,SKU005,,16.25,future,10.3,22.19
2026-01-16,SKU005,,16.52,future,10.57,22.47
2026-01-17,SKU005,,18.18,future,12.23,24.12
2026-01-18,SKU005,,18.19,future,12.25,24.14
2026-01-19,SKU005,,15.83,future,9.89,21.78
2026-01-20,SKU005,,16.11,future,10.16,22.06
2026-01-21,SKU005,,16.19,future,10.25,22.14
2026-01-22,SKU005,,16.02,future,10.08,21.97
2026-01-23,SKU005,,16.52,future,10.58,22.47
2026-01-24,SKU005,,18.28,future,12.33,24.22
2026-01-25,SKU005,,18.05,future,12.11,24.0
2026-01-26,SKU005,,15.79,future,9.85,21.74
2026-01-27,SKU005,,16.12,future,10.18,22.07
2026-01-28,SKU005,,15.92,future,9.98,21.87
2026-01-29,SKU005,,16.08,future,10.14,22.03
2026-01-30,SKU005,,16.72,future,10.78,22.67
2025-09-03,SKU006,3.0,,history,,
2025-09-04,SKU006,6.0,,history,,
2025-09-05,SKU006,8.0,,history,,
2025-09-06,SKU006,8.0,,history,,
2025-09-07,SKU006,10.0,,history,,
2025-09-08,SKU006,7.0,,history,,
2025-09-09,SKU006,5.0,,history,,
2025-09-10,SKU006,5.0,,history,,
2025-09-11,SKU006,5.0,,history,,
2025-09-12,SKU006,2.0,,history,,
2025-09-13,SKU006,5.0,,history,,
2025-09-14,SKU006,11.0,,history,,
2025-09-15,SKU006,6.0,,history,,
2025-09-16,SKU006,6.0,,history,,
2025-09-17,SKU006,5.0,,history,,
2025-09-18,SKU006,5.0,,history,,
2025-09-19,SKU006,7.0,,history,,
2025-09-20,SKU006,9.0,,history,,
2025-09-21,SKU006,7.0,,history,,
2025-09-22,SKU006,6.0,,history,,
2025-09-23,SKU006,3.0,,history,,
2025-09-24,SKU006,4.0,,history,,
2025-09-25,SKU006,7.0,,history,,
2025-09-26,SKU006,9.0,,history,,
2025-09-27,SKU006,12.0,,history,,
2025-09-28,SKU006,7.0,,history,,
2025-09-29,SKU006,7.0,,history,,
2025-09-30,SKU006,7.0,,history,,
2025-10-01,SKU006,5.0,,history,,
2025-10-02,SKU006,5.0,,history,,
2025-10-03,SKU006,5.0,6.09,backtest,2.46,9.73
2025-10-04,SKU006,9.0,6.48,backtest,2.84,10.12
2025-10-05,SKU006,5.0,6.39,backtest,2.75,10.03
2025-10-06,SKU006,8.0,5.72,backtest,2.09,9.36
2025-10-07,SKU006,5.0,5.69,backtest,2.05,9.33
2025-10-08,SKU006,4.0,5.61,backtest,1.98,9.25
2025-10-09,SKU006,5.0,5.68,backtest,2.04,9.32
2025-10-10,SKU006,5.0,5.79,backtest,2.15,9.42
2025-10-11,SKU006,4.0,6.28,backtest,2.65,9.92
2025-10-12,SKU006,7.0,6.36,backtest,2.73,10.0
2025-10-13,SKU006,2.0,5.69,backtest,2.05,9.33
2025-10-14,SKU006,1.0,5.7,backtest,2.06,9.34
2025-10-15,SKU006,3.0,5.67,backtest,2.03,9.3
2025-10-16,SKU006,9.0,5.72,backtest,2.08,9.35
2025-10-17,SKU006,5.0,5.84,backtest,2.2,9.47
2025-10-18,SKU006,4.0,6.39,backtest,2.75,10.02
2025-10-19,SKU006,5.0,6.41,backtest,2.77,10.04
2025-10-20,SKU006,5.0,5.69,backtest,2.05,9.32
2025-10-21,SKU006,3.0,5.64,backtest,2.01,9.28
2025-10-22,SKU006,3.0,5.67,backtest,2.04,9.31
2025-10-23,SKU006,9.0,5.83,backtest,2.19,9.46
2025-10-24,SKU006,4.0,5.9,backtest,2.27,9.54
2025-10-25,SKU006,6.0,6.58,backtest,2.95,10.22
2025-10-26,SKU006,4.0,6.33,backtest,2.69,9.97
2025-10-27,SKU006,4.0,5.58,backtest,1.94,9.22
2025-10-28,SKU006,2.0,5.59,backtest,1.96,9.23
2025-10-29,SKU006,4.0,5.47,backtest,1.84,9.11
2025-10-30,SKU006,5.0,5.52,backtest,1.88,9.16
2025-10-31,SKU006,4.0,5.64,backtest,2.0,9.28
2025-11-01,SKU006,9.0,8.3,backtest,4.67,11.94
2025-11-02,SKU006,8.0,7.05,backtest,3.42,10.69
2025-11-03,SKU006,9.0,4.93,backtest,1.3,8.57
2025-11-04,SKU006,2.0,4.87,backtest,1.23,8.51
2025-11-05,SKU006,5.0,4.96,backtest,1.32,8.6
2025-11-06,SKU006,4.0,5.02,backtest,1.39,8.66
2025-11-07,SKU006,7.0,5.07,backtest,1.43,8.71
2025-11-08,SKU006,3.0,7.24,backtest,3.61,10.88
2025-11-09,SKU006,9.0,7.3,backtest,3.66,10.94
2025-11-10,SKU006,5.0,4.91,backtest,1.27,8.55
2025-11-11,SKU006,4.0,4.93,backtest,1.29,8.56
2025-11-12,SKU006,4.0,5.06,backtest,1.42,8.7
2025-11-13,SKU006,3.0,5.19,backtest,1.56,8.83
2025-11-14,SKU006,5.0,5.21,backtest,1.57,8.85
2025-11-15,SKU006,1.0,7.37,backtest,3.73,11.0
2025-11-16,SKU006,9.0,7.44,backtest,3.8,11.08
2025-11-17,SKU006,6.0,5.08,backtest,1.44,8.72
2025-11-18,SKU006,5.0,5.07,backtest,1.43,8.7
2025-11-19,SKU006,5.0,5.08,backtest,1.44,8.72
2025-11-20,SKU006,8.0,5.2,backtest,1.57,8.84
2025-11-21,SKU006,7.0,5.22,backtest,1.58,8.85
2025-11-22,SKU006,10.0,7.5,backtest,3.86,11.14
2025-11-23,SKU006,4.0,7.43,backtest,3.79,11.07
2025-11-24,SKU006,3.0,5.12,backtest,1.48,8.76
2025-11-25,SKU006,3.0,5.12,backtest,1.48,8.76
2025-11-26,SKU006,7.0,5.32,backtest,1.68,8.95
2025-11-27,SKU006,9.0,5.4,backtest,1.76,9.04
2025-11-28,SKU006,8.0,5.37,backtest,1.73,9.01
2025-11-29,SKU006,4.0,8.17,backtest,4.53,11.81
2025-11-30,SKU006,6.0,8.01,backtest,4.37,11.64
2025-12-01,SKU006,5.0,5.48,backtest,1.85,9.12
2025-12-02,SKU006,5.0,5.14,backtest,1.5,8.78
2025-12-03,SKU006,7.0,5.19,backtest,1.56,8.83
2025-12-04,SKU006,4.0,5.29,backtest,1.65,8.93
2025-12-05,SKU006,5.0,5.42,backtest,1.78,9.05
2025-12-06,SKU006,5.0,5.9,backtest,2.26,9.54
2025-12-07,SKU006,6.0,6.31,backtest,2.67,9.94
2025-12-08,SKU006,6.0,5.42,backtest,1.78,9.05
2025-12-09,SKU006,9.0,5.58,backtest,1.94,9.22
2025-12-10,SKU006,2.0,5.59,backtest,1.96,9.23
2025-12-11,SKU006,5.0,5.83,backtest,2.19,9.46
2025-12-12,SKU006,8.0,5.93,backtest,2.29,9.57
2025-12-13,SKU006,3.0,6.46,backtest,2.83,10.1
2025-12-14,SKU006,8.0,6.61,backtest,2.97,10.24
2025-12-15,SKU006,6.0,5.9,backtest,2.27,9.54
2025-12-16,SKU006,7.0,5.94,backtest,2.3,9.57
2025-12-17,SKU006,4.0,5.95,backtest,2.31,9.58
2025-12-18,SKU006,2.0,6.09,backtest,2.45,9.72
2025-12-19,SKU006,7.0,6.13,backtest,2.5,9.77
2025-12-20,SKU006,5.0,6.73,backtest,3.09,10.37
2025-12-21,SKU006,10.0,6.65,backtest,3.01,10.28
2025-12-22,SKU006,4.0,5.89,backtest,2.25,9.52
2025-12-23,SKU006,6.0,5.97,backtest,2.33,9.6
2025-12-24,SKU006,11.0,6.16,backtest,2.52,9.79
2025-12-25,SKU006,5.0,6.22,backtest,2.58,9.86
2025-12-26,SKU006,4.0,6.27,backtest,2.63,9.91
2025-12-27,SKU006,8.0,6.8,backtest,3.16,10.44
2025-12-28,SKU006,5.0,6.89,backtest,3.25,10.52
2025-12-29,SKU006,6.0,6.09,backtest,2.45,9.72
2025-12-30,SKU006,6.0,6.13,backtest,2.5,9.77
2025-12-31,SKU006,8.0,6.11,backtest,2.47,9.75
2026-01-01,SKU006,,6.13,future,2.49,9.77
2026-01-02,SKU006,,6.15,future,2.51,9.78
2026-01-03,SKU006,,6.77,future,3.13,10.41
2026-01-04,SKU006,,6.81,future,3.17,10.45
2026-01-05,SKU006,,6.48,future,2.85,10.12
2026-01-06,SKU006,,6.48,future,2.84,10.11
2026-01-07,SKU006,,6.13,future,2.49,9.76
2026-01-08,SKU006,,6.5,future,2.87,10.14
2026-01-09,SKU006,,6.57,future,2.94,10.21
2026-01-10,SKU006,,7.06,future,3.42,10.69
2026-01-11,SKU006,,7.13,future,3.49,10.77
2026-01-12,SKU006,,6.42,future,2.78,10.06
2026-01-13,SKU006,,6.42,future,2.79,10.06
2026-01-14,SKU006,,6.36,future,2.73,10.0
2026-01-15,SKU006,,6.39,future,2.75,10.03
2026-01-16,SKU006,,6.74,future,3.1,10.38
2026-01-17,SKU006,,7.31,future,3.67,10.95
2026-01-18,SKU006,,7.31,future,3.67,10.95
2026-01-19,SKU006,,6.45,future,2.81,10.08
2026-01-20,SKU006,,6.79,future,3.16,10.43
2026-01-21,SKU006,,6.74,future,3.1,10.38
2026-01-22,SKU006,,6.52,future,2.88,10.16
2026-01-23,SKU006,,6.78,future,3.14,10.41
2026-01-24,SKU006,,7.47,future,3.83,11.11
2026-01-25,SKU006,,7.37,future,3.73,11.01
2026-01-26,SKU006,,6.76,future,3.12,10.4
2026-01-27,SKU006,,6.81,future,3.17,10.45
2026-01-28,SKU006,,6.83,future,3.2,10.47
2026-01-29,SKU006,,6.84,future,3.2,10.47
2026-01-30,SKU006,,6.96,future,3.33,10.6
2025-09-03,SKU007,27.0,,history,,
2025-09-04,SKU007,19.0,,history,,
2025-09-05,SKU007,15.0,,history,,
2025-09-06,SKU007,28.0,,history,,
2025-09-07,SKU007,27.0,,history,,
2025-09-08,SKU007,24.0,,history,,
2025-09-09,SKU007,21.0,,history,,
2025-09-10,SKU007,14.0,,history,,
2025-09-11,SKU007,24.0,,history,,
2025-09-12,SKU007,18.0,,history,,
2025-09-13,SKU007,26.0,,history,,
2025-09-14,SKU007,26.0,,history,,
2025-09-15,SKU007,20.0,,history,,
2025-09-16,SKU007,19.0,,history,,
2025-09-17,SKU007,21.0,,history,,
2025-09-18,SKU007,21.0,,history,,
2025-09-19,SKU007,13.0,,history,,
2025-09-20,SKU007,42.0,,history,,
2025-09-21,SKU007,26.0,,history,,
2025-09-22,SKU007,24.0,,history,,
2025-09-23,SKU007,30.0,,history,,
2025-09-24,SKU007,20.0,,history,,
2025-09-25,SKU007,28.0,,history,,
2025-09-26,SKU007,18.0,,history,,
2025-09-27,SKU007,23.0,,history,,
2025-09-28,SKU007,28.0,,history,,
2025-09-29,SKU007,21.0,,history,,
2025-09-30,SKU007,15.0,,history,,
2025-10-01,SKU007,22.0,,history,,
2025-10-02,SKU007,19.0,,history,,
2025-10-03,SKU007,13.0,19.34,backtest,11.18,27.5
2025-10-04,SKU007,22.0,23.62,backtest,15.46,31.78
2025-10-05,SKU007,17.0,23.61,backtest,15.45,31.77
2025-10-06,SKU007,19.0,19.8,backtest,11.64,27.96
2025-10-07,SKU007,17.0,20.26,backtest,12.1,28.42
2025-10-08,SKU007,28.0,18.89,backtest,10.73,27.05
2025-10-09,SKU007,23.0,20.51,backtest,12.34,28.67
2025-10-10,SKU007,12.0,19.17,backtest,11.01,27.33
2025-10-11,SKU007,21.0,22.8,backtest,14.64,30.96
2025-10-12,SKU007,29.0,23.82,backtest,15.66,31.98
2025-10-13,SKU007,24.0,19.99,backtest,11.83,28.15
2025-10-14,SKU007,22.0,19.41,backtest,11.25,27.57
2025-10-15,SKU007,19.0,19.93,backtest,11.77,28.09
2025-10-16,SKU007,17.0,19.51,backtest,11.35,27.67
2025-10-17,SKU007,26.0,18.95,backtest,10.79,27.11
2025-10-18,SKU007,16.0,23.53,backtest,15.37,31.69
2025-10-19,SKU007,34.0,24.22,backtest,16.06,32.38
2025-10-20,SKU007,18.0,21.47,backtest,13.31,29.63
2025-10-21,SKU007,23.0,21.15,backtest,12.99,29.31
2025-10-22,SKU007,23.0,21.26,backtest,13.1,29.43
2025-10-23,SKU007,17.0,21.48,backtest,13.32,29.64
2025-10-24,SKU007,17.0,20.8,backtest,12.64,28.96
2025-10-25,SKU007,15.0,24.28,backtest,16.12,32.44
2025-10-26,SKU007,18.0,25.14,backtest,16.98,33.3
2025-10-27,SKU007,21.0,21.6,backtest,13.44,29.77
2025-10-28,SKU007,13.0,20.91,backtest,12.75,29.08
2025-10-29,SKU007,22.0,21.77,backtest,13.61,29.93
2025-10-30,SKU007,21.0,21.22,backtest,13.06,29.38
2025-10-31,SKU007,19.0,20.6,backtest,12.44,28.76
2025-11-01,SKU007,28.0,30.71,backtest,22.55,38.87
2025-11-02,SKU007,28.0,29.18,backtest,21.02,37.34
2025-11-03,SKU007,20.0,21.21,backtest,13.05,29.38
2025-11-04,SKU007,20.0,20.94,backtest,12.78,29.1
2025-11-05,SKU007,22.0,20.61,backtest,12.45,28.77
2025-11-06,SKU007,19.0,20.54,backtest,12.38,28.7
2025-11-07,SKU007,14.0,20.19,backtest,12.02,28.35
2025-11-08,SKU007,25.0,30.25,backtest,22.09,38.41
2025-11-09,SKU007,22.0,29.85,backtest,21.69,38.02
2025-11-10,SKU007,12.0,20.53,backtest,12.36,28.69
2025-11-11,SKU007,21.0,19.79,backtest,11.63,27.95
2025-11-12,SKU007,16.0,19.9,backtest,11.74,28.06
2025-11-13,SKU007,14.0,20.35,backtest,12.19,28.51
2025-11-14,SKU007,10.0,20.31,backtest,12.14,28.47
2025-11-15,SKU007,23.0,29.4,backtest,21.24,37.56
2025-11-16,SKU007,35.0,30.36,backtest,22.2,38.52
2025-11-17,SKU007,14.0,20.68,backtest,12.51,28.84
2025-11-18,SKU007,28.0,20.66,backtest,12.5,28.82
2025-11-19,SKU007,24.0,20.5,backtest,12.34,28.66
2025-11-20,SKU007,13.0,20.52,backtest,12.36,28.68
2025-11-21,SKU007,18.0,20.75,backtest,12.59,28.91
2025-11-22,SKU007,31.0,29.73,backtest,21.57,37.89
2025-11-23,SKU007,29.0,30.21,backtest,22.05,38.37
2025-11-24,SKU007,28.0,20.52,backtest,12.36,28.69
2025-11-25,SKU007,24.0,20.08,backtest,11.92,28.24
2025-11-26,SKU007,20.0,20.83,backtest,12.67,28.99
2025-11-27,SKU007,20.0,20.72,backtest,12.56,28.88
2025-11-28,SKU007,27.0,20.17,backtest,12.01,28.33
2025-11-29,SKU007,29.0,29.07,backtest,20.9,37.23
2025-11-30,SKU007,33.0,29.84,backtest,21.67,38.0
2025-12-01,SKU007,30.0,21.34,backtest,13.18,29.5
2025-12-02,SKU007,17.0,19.19,backtest,11.03,27.35
2025-12-03,SKU007,10.0,19.81,backtest,11.64,27.97
2025-12-04,SKU007,22.0,19.39,backtest,11.23,27.55
2025-12-05,SKU007,20.0,19.37,backtest,11.21,27.53
2025-12-06,SKU007,26.0,25.05,backtest,16.89,33.21
2025-12-07,SKU007,20.0,24.01,backtest,15.85,32.17
2025-12-08,SKU007,21.0,19.49,backtest,11.32,27.65
2025-12-09,SKU007,18.0,22.19,backtest,14.03,30.35
2025-12-10,SKU007,17.0,21.42,backtest,13.26,29.58
2025-12-11,SKU007,28.0,21.09,backtest,12.93,29.25
2025-12-12,SKU007,23.0,20.76,backtest,12.59,28.92
2025-12-13,SKU007,18.0,24.58,backtest,16.41,32.74
2025-12-14,SKU007,29.0,24.94,backtest,16.78,33.1
2025-12-15,SKU007,23.0,21.04,backtest,12.88,29.2
2025-12-16,SKU007,21.0,21.12,backtest,12.96,29.28
2025-12-17,SKU007,18.0,21.84,backtest,13.68,30.0
2025-12-18,SKU007,30.0,20.91,backtest,12.75,29.07
2025-12-19,SKU007,16.0,21.97,backtest,13.81,30.13
2025-12-20,SKU007,19.0,24.94,backtest,16.78,33.1
2025-12-21,SKU007,22.0,24.64,backtest,16.48,32.8
2025-12-22,SKU007,29.0,21.67,backtest,13.51,29.83
2025-12-23,SKU007,24.0,22.55,backtest,14.39,30.71
2025-12-24,SKU007,22.0,22.5,backtest,14.33,30.66
2025-12-25,SKU007,21.0,22.54,backtest,14.38,30.7
2025-12-26,SKU007,13.0,22.01,backtest,13.85,30.17
2025-12-27,SKU007,23.0,25.68,backtest,17.52,33.84
2025-12-28,SKU007,29.0,26.1,backtest,17.93,34.26
2025-12-29,SKU007,21.0,23.32,backtest,15.16,31.49
2025-12-30,SKU007,30.0,23.75,backtest,15.59,31.91
2025-12-31,SKU007,17.0,23.81,backtest,15.65,31.97
2026-01-01,SKU007,,23.38,future,15.22,31.54
2026-01-02,SKU007,,23.37,future,15.21,31.53
2026-01-03,SKU007,,26.23,future,18.07,34.39
2026-01-04,SKU007,,25.89,future,17.73,34.05
2026-01-05,SKU007,,23.1,future,14.94,31.26
2026-01-06,SKU007,,24.07,future,15.91,32.23
2026-01-07,SKU007,,23.46,future,15.3,31.62
2026-01-08,SKU007,,23.01,future,14.85,31.17
2026-01-09,SKU007,,23.32,future,15.16,31.48
2026-01-10,SKU007,,26.38,future,18.22,34.54
2026-01-11,SKU007,,26.35,future,18.19,34.51
2026-01-12,SKU007,,22.45,future,14.29,30.61
2026-01-13,SKU007,,22.63,future,14.47,30.79
2026-01-14,SKU007,,22.6,future,14.43,30.76
2026-01-15,SKU007,,23.01,future,14.85,31.17
2026-01-16,SKU007,,23.03,future,14.86,31.19
2026-01-17,SKU007,,26.46,future,18.3,34.62
2026-01-18,SKU007,,26.66,future,18.5,34.83
2026-01-19,SKU007,,22.57,future,14.41,30.73
2026-01-20,SKU007,,23.07,future,14.91,31.23
2026-01-21,SKU007,,23.29,future,15.13,31.46
2026-01-22,SKU007,,23.34,future,15.18,31.5
2026-01-23,SKU007,,23.93,future,15.77,32.1
2026-01-24,SKU007,,26.46,future,18.3,34.63
2026-01-25,SKU007,,26.66,future,18.5,34.82
2026-01-26,SKU007,,22.52,future,14.36,30.68
2026-01-27,SKU007,,22.43,future,14.27,30.59
2026-01-28,SKU007,,23.03,future,14.86,31.19
2026-01-29,SKU007,,23.16,future,15.0,31.32
2026-01-30,SKU007,,23.18,future,15.02,31.34
2025-09-03,SKU008,11.0,,history,,
2025-09-04,SKU008,14.0,,history,,
2025-09-05,SKU008,10.0,,history,,
2025-09-06,SKU008,20.0,,history,,
2025-09-07,SKU008,17.0,,history,,
2025-09-08,SKU008,10.0,,history,,
2025-09-09,SKU008,12.0,,history,,
2025-09-10,SKU008,4.0,,history,,
2025-09-11,SKU008,16.0,,history,,
2025-09-12,SKU008,11.0,,history,,
2025-09-13,SKU008,21.0,,history,,
2025-09-14,SKU008,16.0,,history,,
2025-09-15,SKU008,10.0,,history,,
2025-09-16,SKU008,9.0,,history,,
2025-09-17,SKU008,4.0,,history,,
2025-09-18,SKU008,15.0,,history,,
2025-09-19,SKU008,11.0,,history,,
2025-09-20,SKU008,20.0,,history,,
2025-09-21,SKU008,18.0,,history,,
2025-09-22,SKU008,18.0,,history,,
2025-09-23,SKU008,11.0,,history,,
2025-09-24,SKU008,7.0,,history,,
2025-09-25,SKU008,9.0,,history,,
2025-09-26,SKU008,13.0,,history,,
2025-09-27,SKU008,14.0,,history,,
2025-09-28,SKU008,21.0,,history,,
2025-09-29,SKU008,13.0,,history,,
2025-09-30,SKU008,11.0,,history,,
2025-10-01,SKU008,20.0,,history,,
2025-10-02,SKU008,10.0,,history,,
2025-10-03,SKU008,8.0,12.05,backtest,5.79,18.31
2025-10-04,SKU008,18.0,13.79,backtest,7.53,20.05
2025-10-05,SKU008,18.0,14.09,backtest,7.83,20.35
2025-10-06,SKU008,10.0,11.85,backtest,5.59,18.11
2025-10-07,SKU008,12.0,11.92,backtest,5.66,18.18
2025-10-08,SKU008,8.0,12.42,backtest,6.16,18.68
2025-10-09,SKU008,18.0,11.74,backtest,5.48,18.0
2025-10-10,SKU008,13.0,12.07,backtest,5.8,18.33
2025-10-11,SKU008,11.0,14.12,backtest,7.86,20.38
2025-10-12,SKU008,16.0,14.3,backtest,8.04,20.56
2025-10-13,SKU008,23.0,11.62,backtest,5.36,17.88
2025-10-14,SKU008,15.0,11.85,backtest,5.59,18.11
2025-10-15,SKU008,15.0,12.06,backtest,5.8,18.32
2025-10-16,SKU008,13.0,11.91,backtest,5.65,18.17
2025-10-17,SKU008,18.0,12.03,backtest,5.77,18.29
2025-10-18,SKU008,20.0,14.27,backtest,8.01,20.53
2025-10-19,SKU008,11.0,14.27,backtest,8.01,20.53
2025-10-20,SKU008,13.0,11.91,backtest,5.65,18.17
2025-10-21,SKU008,10.0,11.52,backtest,5.26,17.78
2025-10-22,SKU008,10.0,11.66,backtest,5.4,17.92
2025-10-23,SKU008,8.0,12.11,backtest,5.85,18.38
2025-10-24,SKU008,16.0,12.48,backtest,6.22,18.74
2025-10-25,SKU008,10.0,14.73,backtest,8.47,20.99
2025-10-26,SKU008,14.0,14.88,backtest,8.62,21.14
2025-10-27,SKU008,16.0,11.9,backtest,5.64,18.16
2025-10-28,SKU008,10.0,11.85,backtest,5.59,18.11
2025-10-29,SKU008,7.0,11.77,backtest,5.51,18.03
2025-10-30,SKU008,12.0,11.83,backtest,5.57,18.09
2025-10-31,SKU008,10.0,12.22,backtest,5.96,18.49
2025-11-01,SKU008,22.0,17.47,backtest,11.21,23.73
2025-11-02,SKU008,23.0,17.98,backtest,11.72,24.24
2025-11-03,SKU008,22.0,12.54,backtest,6.28,18.8
2025-11-04,SKU008,14.0,12.57,backtest,6.31,18.83
2025-11-05,SKU008,11.0,12.65,backtest,6.39,18.91
2025-11-06,SKU008,15.0,12.82,backtest,6.56,19.08
2025-11-07,SKU008,10.0,12.59,backtest,6.33,18.85
2025-11-08,SKU008,18.0,18.43,backtest,12.17,24.69
2025-11-09,SKU008,22.0,18.23,backtest,11.97,24.5
2025-11-10,SKU008,9.0,12.64,backtest,6.38,18.9
2025-11-11,SKU008,14.0,12.45,backtest,6.19,18.71
2025-11-12,SKU008,9.0,12.3,backtest,6.04,18.56
2025-11-13,SKU008,9.0,12.32,backtest,6.06,18.58
2025-11-14,SKU008,15.0,12.61,backtest,6.35,18.87
2025-11-15,SKU008,16.0,17.7,backtest,11.44,23.96
2025-11-16,SKU008,22.0,18.07,backtest,11.81,24.33
2025-11-17,SKU008,16.0,12.44,backtest,6.18,18.7
2025-11-18,SKU008,12.0,12.45,backtest,6.19,18.71
2025-11-19,SKU008,11.0,12.43,backtest,6.17,18.69
2025-11-20,SKU008,11.0,12.55,backtest,6.29,18.81
2025-11-21,SKU008,8.0,12.8,backtest,6.54,19.06
2025-11-22,SKU008,19.0,17.99,backtest,11.73,24.25
2025-11-23,SKU008,14.0,17.87,backtest,11.61,24.13
2025-11-24,SKU008,19.0,12.73,backtest,6.46,18.99
2025-11-25,SKU008,15.0,12.35,backtest,6.09,18.61
2025-11-26,SKU008,15.0,12.58,backtest,6.32,18.84
2025-11-27,SKU008,9.0,12.63,backtest,6.37,18.89
2025-11-28,SKU008,19.0,12.68,backtest,6.42,18.94
2025-11-29,SKU008,13.0,18.26,backtest,12.0,24.52
2025-11-30,SKU008,27.0,17.4,backtest,11.14,23.66
2025-12-01,SKU008,19.0,13.05,backtest,6.79,19.31
2025-12-02,SKU008,12.0,13.83,backtest,7.57,20.09
2025-12-03,SKU008,12.0,13.45,backtest,7.19,19.71
2025-12-04,SKU008,10.0,14.19,backtest,7.93,20.45
2025-12-05,SKU008,12.0,13.97,backtest,7.71,20.23
2025-12-06,SKU008,20.0,16.22,backtest,9.96,22.48
2025-12-07,SKU008,12.0,16.08,backtest,9.82,22.34
2025-12-08,SKU008,17.0,14.04,backtest,7.78,20.3
2025-12-09,SKU008,20.0,13.82,backtest,7.56,20.08
2025-12-10,SKU008,12.0,13.72,backtest,7.46,19.98
2025-12-11,SKU008,15.0,13.8,backtest,7.54,20.06
2025-12-12,SKU008,18.0,14.04,backtest,7.78,20.31
2025-12-13,SKU008,12.0,16.17,backtest,9.91,22.43
2025-12-14,SKU008,18.0,16.64,backtest,10.38,22.9
2025-12-15,SKU008,16.0,13.72,backtest,7.46,19.98
2025-12-16,SKU008,19.0,13.47,backtest,7.21,19.73
2025-12-17,SKU008,12.0,13.47,backtest,7.21,19.73
2025-12-18,SKU008,15.0,13.6,backtest,7.34,19.86
2025-12-19,SKU008,13.0,13.73,backtest,7.47,19.99
2025-12-20,SKU008,9.0,16.44,backtest,10.18,22.7
2025-12-21,SKU008,16.0,15.96,backtest,9.7,22.22
2025-12-22,SKU008,14.0,14.21,backtest,7.95,20.47
2025-12-23,SKU008,11.0,13.51,backtest,7.25,19.77
2025-12-24,SKU008,13.0,13.67,backtest,7.41,19.93
2025-12-25,SKU008,14.0,13.35,backtest,7.09,19.61
2025-12-26,SKU008,17.0,14.31,backtest,8.05,20.57
2025-12-27,SKU008,13.0,15.75,backtest,9.49,22.01
2025-12-28,SKU008,23.0,16.96,backtest,10.7,23.22
2025-12-29,SKU008,13.0,14.35,backtest,8.09,20.61
2025-12-30,SKU008,12.0,13.84,backtest,7.58,20.1
2025-12-31,SKU008,11.0,13.82,backtest,7.56,20.08
2026-01-01,SKU008,,15.63,future,9.37,21.89
2026-01-02,SKU008,,15.81,future,9.55,22.07
2026-01-03,SKU008,,17.57,future,11.31,23.83
2026-01-04,SKU008,,17.85,future,11.59,24.11
2026-01-05,SKU008,,14.79,future,8.53,21.05
2026-01-06,SKU008,,14.81,future,8.55,21.07
2026-01-07,SKU008,,15.09,future,8.83,21.36
2026-01-08,SKU008,,15.8,future,9.54,22.06
2026-01-09,SKU008,,15.79,future,9.53,22.05
2026-01-10,SKU008,,17.55,future,11.29,23.81
2026-01-11,SKU008,,18.04,future,11.78,24.3
2026-01-12,SKU008,,15.15,future,8.89,21.41
2026-01-13,SKU008,,14.9,future,8.64,21.16
2026-01-14,SKU008,,14.97,future,8.71,21.23
2026-01-15,SKU008,,15.4,future,9.14,21.66
2026-01-16,SKU008,,15.65,future,9.39,21.91
2026-01-17,SKU008,,17.96,future,11.7,24.22
2026-01-18,SKU008,,18.11,future,11.85,24.37
2026-01-19,SKU008,,15.4,future,9.14,21.66
2026-01-20,SKU008,,15.46,future,9.2,21.72
2026-01-21,SKU008,,15.65,future,9.39,21.91
2026-01-22,SKU008,,15.7,future,9.44,21.97
2026-01-23,SKU008,,15.81,future,9.55,22.08
2026-01-24,SKU008,,17.86,future,11.6,24.12
2026-01-25,SKU008,,17.69,future,11.43,23.95
2026-01-26,SKU008,,15.13,future,8.87,21.39
2026-01-27,SKU008,,15.25,future,8.98,21.51
2026-01-28,SKU008,,15.44,future,9.18,21.7
2026-01-29,SKU008,,15.8,future,9.54,22.06
2026-01-30,SKU008,,16.37,future,10.11,22.63
2025-09-03,SKU009,3.0,,history,,
2025-09-04,SKU009,12.0,,history,,
2025-09-05,SKU009,11.0,,history,,
2025-09-06,SKU009,14.0,,history,,
2025-09-07,SKU009,15.0,,history,,
2025-09-08,SKU009,6.0,,history,,
2025-09-09,SKU009,11.0,,history,,
2025-09-10,SKU009,9.0,,history,,
2025-09-11,SKU009,20.0,,history,,
2025-09-12,SKU009,6.0,,history,,
2025-09-13,SKU009,17.0,,history,,
2025-09-14,SKU009,18.0,,history,,
2025-09-15,SKU009,6.0,,history,,
2025-09-16,SKU009,4.0,,history,,
2025-09-17,SKU009,12.0,,history,,
2025-09-18,SKU009,11.0,,history,,
2025-09-19,SKU009,8.0,,history,,
2025-09-20,SKU009,19.0,,history,,
2025-09-21,SKU009,10.0,,history,,
2025-09-22,SKU009,10.0,,history,,
2025-09-23,SKU009,6.0,,history,,
2025-09-24,SKU009,5.0,,history,,
2025-09-25,SKU009,11.0,,history,,
2025-09-26,SKU009,6.0,,history,,
2025-09-27,SKU009,12.0,,history,,
2025-09-28,SKU009,19.0,,history,,
2025-09-29,SKU009,11.0,,history,,
2025-09-30,SKU009,11.0,,history,,
2025-10-01,SKU009,8.0,,history,,
2025-10-02,SKU009,5.0,,history,,
2025-10-03,SKU009,9.0,9.15,backtest,3.86,14.44
2025-10-04,SKU009,9.0,10.38,backtest,5.1,15.67
2025-10-05,SKU009,5.0,10.34,backtest,5.05,15.63
2025-10-06,SKU009,4.0,8.92,backtest,3.64,14.21
2025-10-07,SKU009,6.0,8.76,backtest,3.47,14.05
2025-10-08,SKU009,13.0,8.89,backtest,3.6,14.18
2025-10-09,SKU009,5.0,8.92,backtest,3.63,14.2
2025-10-10,SKU009,5.0,8.8,backtest,3.51,14.08
2025-10-11,SKU009,5.0,10.25,backtest,4.97,15.54
2025-10-12,SKU009,13.0,10.49,backtest,5.21,15.78
2025-10-13,SKU009,14.0,8.67,backtest,3.39,13.96
2025-10-14,SKU009,7.0,8.61,backtest,3.32,13.9
2025-10-15,SKU009,10.0,8.64,backtest,3.35,13.93
2025-10-16,SKU009,11.0,8.65,backtest,3.36,13.94
2025-10-17,SKU009,6.0,8.79,backtest,3.5,14.08
2025-10-18,SKU009,7.0,10.24,backtest,4.96,15.53
2025-10-19,SKU009,8.0,9.98,backtest,4.69,15.27
2025-10-20,SKU009,8.0,8.36,backtest,3.07,13.65
2025-10-21,SKU009,9.0,8.42,backtest,3.14,13.71
2025-10-22,SKU009,6.0,8.4,backtest,3.12,13.69
2025-10-23,SKU009,10.0,8.51,backtest,3.23,13.8
2025-10-24,SKU009,1.0,8.5,backtest,3.21,13.79
2025-10-25,SKU009,12.0,10.04,backtest,4.76,15.33
2025-10-26,SKU009,6.0,10.23,backtest,4.94,15.52
2025-10-27,SKU009,9.0,8.51,backtest,3.22,13.79
2025-10-28,SKU009,9.0,8.21,backtest,2.92,13.5
2025-10-29,SKU009,6.0,8.3,backtest,3.02,13.59
2025-10-30,SKU009,11.0,8.3,backtest,3.02,13.59
2025-10-31,SKU009,7.0,8.35,backtest,3.06,13.64
2025-11-01,SKU009,15.0,11.53,backtest,6.25,16.82
2025-11-02,SKU009,21.0,10.94,backtest,5.65,16.23
2025-11-03,SKU009,7.0,7.84,backtest,2.55,13.13
2025-11-04,SKU009,7.0,8.12,backtest,2.84,13.41
2025-11-05,SKU009,13.0,8.11,backtest,2.83,13.4
2025-11-06,SKU009,6.0,7.91,backtest,2.62,13.19
2025-11-07,SKU009,4.0,8.17,backtest,2.88,13.46
2025-11-08,SKU009,8.0,11.4,backtest,6.12,16.69
2025-11-09,SKU009,10.0,11.45,backtest,6.16,16.74
2025-11-10,SKU009,8.0,8.32,backtest,3.04,13.61
2025-11-11,SKU009,9.0,8.12,backtest,2.83,13.4
2025-11-12,SKU009,10.0,8.09,backtest,2.81,13.38
2025-11-13,SKU009,1.0,8.19,backtest,2.9,13.48
2025-11-14,SKU009,12.0,8.16,backtest,2.87,13.44
2025-11-15,SKU009,8.0,11.25,backtest,5.96,16.54
2025-11-16,SKU009,14.0,11.37,backtest,6.08,16.65
2025-11-17,SKU009,8.0,8.22,backtest,2.94,13.51
2025-11-18,SKU009,10.0,8.23,backtest,2.95,13.52
2025-11-19,SKU009,8.0,8.23,backtest,2.95,13.52
2025-11-20,SKU009,4.0,8.26,backtest,2.97,13.55
2025-11-21,SKU009,10.0,8.22,backtest,2.93,13.5
2025-11-22,SKU009,12.0,11.34,backtest,6.05,16.63
2025-11-23,SKU009,11.0,11.4,backtest,6.12,16.69
2025-11-24,SKU009,5.0,8.27,backtest,2.98,13.56
2025-11-25,SKU009,11.0,8.3,backtest,3.01,13.59
2025-11-26,SKU009,10.0,8.25,backtest,2.97,13.54
2025-11-27,SKU009,10.0,8.36,backtest,3.07,13.65
2025-11-28,SKU009,7.0,8.34,backtest,3.06,13.63
2025-11-29,SKU009,12.0,12.16,backtest,6.88,17.45
2025-11-30,SKU009,11.0,11.22,backtest,5.94,16.51
2025-12-01,SKU009,8.0,8.37,backtest,3.09,13.66
2025-12-02,SKU009,10.0,8.45,backtest,3.16,13.74
2025-12-03,SKU009,7.0,8.65,backtest,3.36,13.93
2025-12-04,SKU009,13.0,8.53,backtest,3.24,13.82
2025-12-05,SKU009,10.0,8.37,backtest,3.09,13.66
2025-12-06,SKU009,11.0,10.27,backtest,4.99,15.56
2025-12-07,SKU009,18.0,10.17,backtest,4.89,15.46
2025-12-08,SKU009,4.0,8.92,backtest,3.64,14.21
2025-12-09,SKU009,16.0,8.88,backtest,3.59,14.17
2025-12-10,SKU009,10.0,8.88,backtest,3.6,14.17
2025-12-11,SKU009,14.0,8.86,backtest,3.57,14.14
2025-12-12,SKU009,12.0,9.23,backtest,3.95,14.52
2025-12-13,SKU009,13.0,10.6,backtest,5.31,15.89
2025-12-14,SKU009,13.0,10.75,backtest,5.46,16.04
2025-12-15,SKU009,9.0,9.14,backtest,3.85,14.42
2025-12-16,SKU009,8.0,9.15,backtest,3.86,14.43
2025-12-17,SKU009,13.0,9.21,backtest,3.93,14.5
2025-12-18,SKU009,8.0,9.13,backtest,3.84,14.41
2025-12-19,SKU009,8.0,9.12,backtest,3.83,14.41
2025-12-20,SKU009,11.0,10.63,backtest,5.34,15.92
2025-12-21,SKU009,12.0,10.67,backtest,5.39,15.96
2025-12-22,SKU009,10.0,9.17,backtest,3.89,14.46
2025-12-23,SKU009,12.0,9.3,backtest,4.02,14.59
2025-12-24,SKU009,7.0,9.33,backtest,4.05,14.62
2025-12-25,SKU009,9.0,9.31,backtest,4.02,14.6
2025-12-26,SKU009,13.0,9.34,backtest,4.05,14.62
2025-12-27,SKU009,11.0,10.66,backtest,5.37,15.95
2025-12-28,SKU009,15.0,10.65,backtest,5.36,15.94
2025-12-29,SKU009,9.0,9.34,backtest,4.05,14.63
2025-12-30,SKU009,5.0,9.39,backtest,4.1,14.67
2025-12-31,SKU009,7.0,9.39,backtest,4.1,14.67
2026-01-01,SKU009,,10.44,future,5.15,15.73
2026-01-02,SKU009,,10.6,future,5.31,15.88
2026-01-03,SKU009,,11.99,future,6.71,17.28
2026-01-04,SKU009,,12.06,future,6.78,17.35
2026-01-05,SKU009,,10.17,future,4.89,15.46
2026-01-06,SKU009,,10.25,future,4.96,15.54
2026-01-07,SKU009,,10.36,future,5.08,15.65
2026-01-08,SKU009,,10.34,future,5.05,15.62
2026-01-09,SKU009,,10.36,future,5.08,15.65
2026-01-10,SKU009,,11.84,future,6.56,17.13
2026-01-11,SKU009,,11.86,future,6.57,17.14
2026-01-12,SKU009,,10.12,future,4.84,15.41
2026-01-13,SKU009,,10.11,future,4.82,15.4
2026-01-14,SKU009,,10.22,future,4.93,15.5
2026-01-15,SKU009,,10.25,future,4.96,15.53
2026-01-16,SKU009,,10.39,future,5.11,15.68
2026-01-17,SKU009,,11.82,future,6.53,17.11
2026-01-18,SKU009,,11.9,future,6.62,17.19
2026-01-19,SKU009,,10.2,future,4.91,15.48
2026-01-20,SKU009,,10.3,future,5.01,15.59
2026-01-21,SKU009,,10.34,future,5.06,15.63
2026-01-22,SKU009,,10.47,future,5.18,15.75
2026-01-23,SKU009,,10.47,future,5.19,15.76
2026-01-24,SKU009,,11.91,future,6.62,17.2
2026-01-25,SKU009,,11.78,future,6.49,17.07
2026-01-26,SKU009,,10.24,future,4.95,15.52
2026-01-27,SKU009,,10.32,future,5.03,15.6
2026-01-28,SKU009,,10.59,future,5.3,15.87
2026-01-29,SKU009,,10.76,future,5.47,16.04
2026-01-30,SKU009,,10.97,future,5.69,16.26
2025-09-03,SKU010,21.0,,history,,
2025-09-04,SKU010,6.0,,history,,
2025-09-05,SKU010,16.0,,history,,
2025-09-06,SKU010,19.0,,history,,
2025-09-07,SKU010,19.0,,history,,
2025-09-08,SKU010,16.0,,history,,
2025-09-09,SKU010,11.0,,history,,
2025-09-10,SKU010,12.0,,history,,
2025-09-11,SKU010,11.0,,history,,
2025-09-12,SKU010,11.0,,history,,
2025-09-13,SKU010,13.0,,history,,
2025-09-14,SKU010,18.0,,history,,
2025-09-15,SKU010,15.0,,history,,
2025-09-16,SKU010,12.0,,history,,
2025-09-17,SKU010,12.0,,history,,
2025-09-18,SKU010,15.0,,history,,
2025-09-19,SKU010,22.0,,history,,
2025-09-20,SKU010,16.0,,history,,
2025-09-21,SKU010,22.0,,history,,
2025-09-22,SKU010,9.0,,history,,
2025-09-23,SKU010,14.0,,history,,
2025-09-24,SKU010,17.0,,history,,
2025-09-25,SKU010,13.0,,history,,
2025-09-26,SKU010,15.0,,history,,
2025-09-27,SKU010,15.0,,history,,
2025-09-28,SKU010,17.0,,history,,
2025-09-29,SKU010,9.0,,history,,
2025-09-30,SKU010,7.0,,history,,
2025-10-01,SKU010,17.0,,history,,
2025-10-02,SKU010,17.0,,history,,
2025-10-03,SKU010,7.0,12.97,backtest,5.99,19.95
2025-10-04,SKU010,12.0,14.69,backtest,7.71,21.67
2025-10-05,SKU010,10.0,14.4,backtest,7.42,21.38
2025-10-06,SKU010,17.0,12.63,backtest,5.65,19.61
2025-10-07,SKU010,17.0,12.74,backtest,5.76,19.72
2025-10-08,SKU010,5.0,12.61,backtest,5.63,19.59
2025-10-09,SKU010,7.0,12.73,backtest,5.75,19.71
2025-10-10,SKU010,9.0,12.91,backtest,5.93,19.89
2025-10-11,SKU010,13.0,14.39,backtest,7.41,21.37
2025-10-12,SKU010,15.0,14.37,backtest,7.39,21.35
2025-10-13,SKU010,9.0,12.74,backtest,5.76,19.72
2025-10-14,SKU010,15.0,12.99,backtest,6.01,19.97
2025-10-15,SKU010,16.0,13.05,backtest,6.07,20.03
2025-10-16,SKU010,17.0,12.82,backtest,5.84,19.8
2025-10-17,SKU010,14.0,13.2,backtest,6.22,20.18
2025-10-18,SKU010,9.0,14.61,backtest,7.63,21.59
2025-10-19,SKU010,16.0,14.98,backtest,8.0,21.96
2025-10-20,SKU010,11.0,13.06,backtest,6.08,20.04
2025-10-21,SKU010,7.0,12.77,backtest,5.79,19.75
2025-10-22,SKU010,11.0,12.66,backtest,5.68,19.64
2025-10-23,SKU010,13.0,12.94,backtest,5.96,19.92
2025-10-24,SKU010,15.0,12.78,backtest,5.8,19.76
2025-10-25,SKU010,15.0,15.08,backtest,8.1,22.06
2025-10-26,SKU010,14.0,15.01,backtest,8.03,21.99
2025-10-27,SKU010,14.0,12.96,backtest,5.98,19.94
2025-10-28,SKU010,23.0,12.98,backtest,6.0,19.96
2025-10-29,SKU010,19.0,12.78,backtest,5.8,19.76
2025-10-30,SKU010,10.0,12.69,backtest,5.71,19.67
2025-10-31,SKU010,17.0,13.01,backtest,6.03,19.99
2025-11-01,SKU010,17.0,18.83,backtest,11.85,25.81
2025-11-02,SKU010,20.0,20.62,backtest,13.64,27.6
2025-11-03,SKU010,15.0,13.35,backtest,6.37,20.33
2025-11-04,SKU010,12.0,13.67,backtest,6.69,20.64
2025-11-05,SKU010,9.0,14.19,backtest,7.21,21.17
2025-11-06,SKU010,15.0,13.71,backtest,6.73,20.69
2025-11-07,SKU010,9.0,13.92,backtest,6.94,20.9
2025-11-08,SKU010,15.0,19.27,backtest,12.29,26.25
2025-11-09,SKU010,16.0,19.98,backtest,13.0,26.96
2025-11-10,SKU010,7.0,14.24,backtest,7.26,21.22
2025-11-11,SKU010,17.0,13.71,backtest,6.73,20.69
2025-11-12,SKU010,11.0,13.6,backtest,6.62,20.58
2025-11-13,SKU010,17.0,13.42,backtest,6.44,20.4
2025-11-14,SKU010,10.0,14.05,backtest,7.07,21.03
2025-11-15,SKU010,20.0,20.51,backtest,13.53,27.49
2025-11-16,SKU010,23.0,20.71,backtest,13.73,27.69
2025-11-17,SKU010,12.0,14.57,backtest,7.59,21.55
2025-11-18,SKU010,11.0,14.8,backtest,7.82,21.78
2025-11-19,SKU010,19.0,14.64,backtest,7.66,21.62
2025-11-20,SKU010,11.0,14.2,backtest,7.22,21.18
2025-11-21,SKU010,7.0,13.89,backtest,6.91,20.87
2025-11-22,SKU010,26.0,20.66,backtest,13.68,27.64
2025-11-23,SKU010,16.0,21.11,backtest,14.13,28.09
2025-11-24,SKU010,8.0,13.98,backtest,7.0,20.96
2025-11-25,SKU010,18.0,13.25,backtest,6.27,20.23
2025-11-26,SKU010,11.0,13.59,backtest,6.61,20.57
2025-11-27,SKU010,12.0,14.3,backtest,7.32,21.28
2025-11-28,SKU010,14.0,14.1,backtest,7.12,21.08
2025-11-29,SKU010,17.0,20.5,backtest,13.52,27.48
2025-11-30,SKU010,24.0,20.17,backtest,13.19,27.15
2025-12-01,SKU010,7.0,14.32,backtest,7.34,21.3
2025-12-02,SKU010,14.0,14.04,backtest,7.06,21.02
2025-12-03,SKU010,24.0,14.13,backtest,7.15,21.11
2025-12-04,SKU010,18.0,13.91,backtest,6.93,20.89
2025-12-05,SKU010,20.0,14.28,backtest,7.3,21.26
2025-12-06,SKU010,18.0,15.76,backtest,8.78,22.74
2025-12-07,SKU010,25.0,15.89,backtest,8.91,22.87
2025-12-08,SKU010,12.0,14.53,backtest,7.55,21.5
2025-12-09,SKU010,15.0,14.28,backtest,7.3,21.26
2025-12-10,SKU010,17.0,14.93,backtest,7.95,21.9
2025-12-11,SKU010,16.0,14.34,backtest,7.36,21.32
2025-12-12,SKU010,8.0,15.07,backtest,8.09,22.05
2025-12-13,SKU010,20.0,15.99,backtest,9.01,22.97
2025-12-14,SKU010,20.0,15.46,backtest,8.48,22.44
2025-12-15,SKU010,14.0,14.79,backtest,7.81,21.77
2025-12-16,SKU010,8.0,14.72,backtest,7.74,21.7
2025-12-17,SKU010,15.0,14.67,backtest,7.69,21.65
2025-12-18,SKU010,16.0,14.58,backtest,7.6,21.56
2025-12-19,SKU010,7.0,14.9,backtest,7.92,21.88
2025-12-20,SKU010,19.0,16.11,backtest,9.13,23.09
2025-12-21,SKU010,23.0,15.84,backtest,8.86,22.82
2025-12-22,SKU010,10.0,14.58,backtest,7.6,21.56
2025-12-23,SKU010,13.0,14.34,backtest,7.36,21.32
2025-12-24,SKU010,20.0,14.68,backtest,7.7,21.66
2025-12-25,SKU010,11.0,14.54,backtest,7.56,21.52
2025-12-26,SKU010,13.0,14.46,backtest,7.48,21.44
2025-12-27,SKU010,19.0,16.1,backtest,9.12,23.08
2025-12-28,SKU010,16.0,16.31,backtest,9.33,23.29
2025-12-29,SKU010,18.0,15.09,backtest,8.11,22.07
2025-12-30,SKU010,11.0,15.06,backtest,8.08,22.04
2025-12-31,SKU010,18.0,14.9,backtest,7.92,21.88
2026-01-01,SKU010,,15.83,future,8.85,22.81
2026-01-02,SKU010,,16.14,future,9.16,23.12
2026-01-03,SKU010,,18.0,future,11.02,24.98
2026-01-04,SKU010,,18.23,future,11.25,25.21
2026-01-05,SKU010,,16.12,future,9.14,23.1
2026-01-06,SKU010,,16.11,future,9.13,23.09
2026-01-07,SKU010,,15.88,future,8.9,22.86
2026-01-08,SKU010,,16.11,future,9.13,23.09
2026-01-09,SKU010,,16.69,future,9.71,23.67
2026-01-10,SKU010,,17.72,future,10.74,24.7
2026-01-11,SKU010,,17.74,future,10.76,24.72
2026-01-12,SKU010,,15.95,future,8.97,22.93
2026-01-13,SKU010,,16.23,future,9.25,23.21
2026-01-14,SKU010,,15.96,future,8.98,22.94
2026-01-15,SKU010,,15.98,future,9.0,22.96
2026-01-16,SKU010,,16.6,future,9.62,23.58
2026-01-17,SKU010,,17.46,future,10.48,24.44
2026-01-18,SKU010,,17.44,future,10.47,24.42
2026-01-19,SKU010,,16.19,future,9.21,23.17
2026-01-20,SKU010,,16.11,future,9.13,23.09
2026-01-21,SKU010,,15.75,future,8.78,22.73
2026-01-22,SKU010,,16.29,future,9.31,23.27
2026-01-23,SKU010,,16.22,future,9.24,23.2
2026-01-24,SKU010,,17.58,future,10.6,24.56
2026-01-25,SKU010,,17.36,future,10.38,24.34
2026-01-26,SKU010,,15.34,future,8.36,22.32
2026-01-27,SKU010,,16.12,future,9.14,23.1
2026-01-28,SKU010,,15.52,future,8.54,22.5
2026-01-29,SKU010,,15.79,future,8.81,22.77
2026-01-30,SKU010,,16.12,future,9.14,23.1
2025-09-03,SKU011,3.0,,history,,
2025-09-04,SKU011,2.0,,history,,
2025-09-05,SKU011,2.0,,history,,
2025-09-06,SKU011,0.0,,history,,
2025-09-07,SKU011,3.0,,history,,
2025-09-08,SKU011,2.0,,history,,
2025-09-09,SKU011,1.0,,history,,
2025-09-10,SKU011,1.0,,history,,
2025-09-11,SKU011,2.0,,history,,
2025-09-12,SKU011,3.0,,history,,
2025-09-13,SKU011,4.0,,history,,
2025-09-14,SKU011,3.0,,history,,
2025-09-15,SKU011,1.0,,history,,
2025-09-16,SKU011,1.0,,history,,
2025-09-17,SKU011,2.0,,history,,
2025-09-18,SKU011,4.0,,history,,
2025-09-19,SKU011,2.0,,history,,
2025-09-20,SKU011,2.0,,history,,
2025-09-21,SKU011,4.0,,history,,
2025-09-22,SKU011,3.0,,history,,
2025-09-23,SKU011,1.0,,history,,
2025-09-24,SKU011,1.0,,history,,
2025-09-25,SKU011,1.0,,history,,
2025-09-26,SKU011,0.0,,history,,
2025-09-27,SKU011,4.0,,history,,
2025-09-28,SKU011,1.0,,history,,
2025-09-29,SKU011,4.0,,history,,
2025-09-30,SKU011,1.0,,history,,
2025-10-01,SKU011,3.0,,history,,
2025-10-02,SKU011,4.0,,history,,
2025-10-03,SKU011,8.0,2.29,backtest,0.0,5.09
2025-10-04,SKU011,4.0,2.5,backtest,0.0,5.3
2025-10-05,SKU011,4.0,2.52,backtest,0.0,5.33
2025-10-06,SKU011,3.0,2.18,backtest,0.0,4.98
2025-10-07,SKU011,4.0,2.2,backtest,0.0,5.01
2025-10-08,SKU011,2.0,2.2,backtest,0.0,5.01
2025-10-09,SKU011,0.0,2.24,backtest,0.0,5.05
2025-10-10,SKU011,3.0,2.3,backtest,0.0,5.11
2025-10-11,SKU011,2.0,2.55,backtest,0.0,5.35
2025-10-12,SKU011,2.0,2.52,backtest,0.0,5.33
2025-10-13,SKU011,1.0,2.2,backtest,0.0,5.01
2025-10-14,SKU011,0.0,2.23,backtest,0.0,5.04
2025-10-15,SKU011,1.0,2.23,backtest,0.0,5.04
2025-10-16,SKU011,4.0,2.32,backtest,0.0,5.13
2025-10-17,SKU011,1.0,2.32,backtest,0.0,5.12
2025-10-18,SKU011,2.0,2.53,backtest,0.0,5.33
2025-10-19,SKU011,2.0,2.58,backtest,0.0,5.39
2025-10-20,SKU011,1.0,2.24,backtest,0.0,5.05
2025-10-21,SKU011,0.0,2.26,backtest,0.0,5.06
2025-10-22,SKU011,3.0,2.26,backtest,0.0,5.06
2025-10-23,SKU011,3.0,2.29,backtest,0.0,5.1
2025-10-24,SKU011,4.0,2.34,backtest,0.0,5.15
2025-10-25,SKU011,5.0,2.58,backtest,0.0,5.39
2025-10-26,SKU011,2.0,2.57,backtest,0.0,5.38
2025-10-27,SKU011,4.0,2.26,backtest,0.0,5.07
2025-10-28,SKU011,3.0,2.26,backtest,0.0,5.07
2025-10-29,SKU011,3.0,2.28,backtest,0.0,5.08
2025-10-30,SKU011,2.0,2.32,backtest,0.0,5.13
2025-10-31,SKU011,2.0,2.35,backtest,0.0,5.16
2025-11-01,SKU011,3.0,3.17,backtest,0.36,5.97
2025-11-02,SKU011,2.0,3.2,backtest,0.39,6.0
2025-11-03,SKU011,1.0,2.26,backtest,0.0,5.07
2025-11-04,SKU011,3.0,2.3,backtest,0.0,5.11
2025-11-05,SKU011,2.0,2.28,backtest,0.0,5.09
2025-11-06,SKU011,2.0,2.32,backtest,0.0,5.12
2025-11-07,SKU011,7.0,2.38,backtest,0.0,5.18
2025-11-08,SKU011,2.0,3.17,backtest,0.37,5.98
2025-11-09,SKU011,2.0,3.18,backtest,0.38,5.99
2025-11-10,SKU011,3.0,2.25,backtest,0.0,5.06
2025-11-11,SKU011,2.0,2.28,backtest,0.0,5.09
2025-11-12,SKU011,3.0,2.28,backtest,0.0,5.09
2025-11-13,SKU011,4.0,2.34,backtest,0.0,5.15
2025-11-14,SKU011,5.0,2.36,backtest,0.0,5.17
2025-11-15,SKU011,6.0,3.17,backtest,0.36,5.97
2025-11-16,SKU011,2.0,3.18,backtest,0.37,5.98
2025-11-17,SKU011,1.0,2.25,backtest,0.0,5.05
2025-11-18,SKU011,2.0,2.27,backtest,0.0,5.08
2025-11-19,SKU011,2.0,2.29,backtest,0.0,5.09
2025-11-20,SKU011,0.0,2.32,backtest,0.0,5.13
2025-11-21,SKU011,0.0,2.38,backtest,0.0,5.19
2025-11-22,SKU011,3.0,3.13,backtest,0.33,5.94
2025-11-23,SKU011,1.0,3.13,backtest,0.33,5.94
2025-11-24,SKU011,1.0,2.27,backtest,0.0,5.07
2025-11-25,SKU011,1.0,2.28,backtest,0.0,5.09
2025-11-26,SKU011,2.0,2.28,backtest,0.0,5.09
2025-11-27,SKU011,1.0,2.31,backtest,0.0,5.11
2025-11-28,SKU011,2.0,2.3,backtest,0.0,5.11
2025-11-29,SKU011,6.0,3.11,backtest,0.31,5.92
2025-11-30,SKU011,2.0,2.93,backtest,0.12,5.74
2025-12-01,SKU011,4.0,2.19,backtest,0.0,5.0
2025-12-02,SKU011,3.0,2.2,backtest,0.0,5.0
2025-12-03,SKU011,6.0,2.19,backtest,0.0,4.99
2025-12-04,SKU011,0.0,2.24,backtest,0.0,5.04
2025-12-05,SKU011,2.0,2.36,backtest,0.0,5.17
2025-12-06,SKU011,2.0,2.8,backtest,0.0,5.6
2025-12-07,SKU011,0.0,2.78,backtest,0.0,5.59
2025-12-08,SKU011,3.0,2.48,backtest,0.0,5.29
2025-12-09,SKU011,1.0,2.5,backtest,0.0,5.3
2025-12-10,SKU011,3.0,2.47,backtest,0.0,5.28
2025-12-11,SKU011,6.0,2.51,backtest,0.0,5.32
2025-12-12,SKU011,3.0,2.53,backtest,0.0,5.34
2025-12-13,SKU011,2.0,2.85,backtest,0.04,5.65
2025-12-14,SKU011,5.0,2.8,backtest,0.0,5.6
2025-12-15,SKU011,3.0,2.48,backtest,0.0,5.29
2025-12-16,SKU011,2.0,2.51,backtest,0.0,5.32
2025-12-17,SKU011,5.0,2.51,backtest,0.0,5.32
2025-12-18,SKU011,3.0,2.54,backtest,0.0,5.35
2025-12-19,SKU011,1.0,2.58,backtest,0.0,5.39
2025-12-20,SKU011,2.0,2.8,backtest,0.0,5.61
2025-12-21,SKU011,2.0,2.79,backtest,0.0,5.6
2025-12-22,SKU011,1.0,2.48,backtest,0.0,5.29
2025-12-23,SKU011,0.0,2.51,backtest,0.0,5.31
2025-12-24,SKU011,5.0,2.58,backtest,0.0,5.38
2025-12-25,SKU011,5.0,2.61,backtest,0.0,5.42
2025-12-26,SKU011,5.0,2.63,backtest,0.0,5.44
2025-12-27,SKU011,3.0,2.9,backtest,0.09,5.7
2025-12-28,SKU011,3.0,2.84,backtest,0.04,5.65
2025-12-29,SKU011,1.0,2.54,backtest,0.0,5.35
2025-12-30,SKU011,0.0,2.58,backtest,0.0,5.38
2025-12-31,SKU011,2.0,2.58,backtest,0.0,5.38
2026-01-01,SKU011,,2.57,future,0.0,5.38
2026-01-02,SKU011,,2.59,future,0.0,5.4
2026-01-03,SKU011,,2.91,future,0.1,5.71
2026-01-04,SKU011,,2.92,future,0.11,5.72
2026-01-05,SKU011,,2.53,future,0.0,5.34
2026-01-06,SKU011,,2.55,future,0.0,5.35
2026-01-07,SKU011,,2.55,future,0.0,5.35
2026-01-08,SKU011,,2.64,future,0.0,5.44
2026-01-09,SKU011,,2.67,future,0.0,5.48
2026-01-10,SKU011,,2.99,future,0.18,5.8
2026-01-11,SKU011,,3.01,future,0.2,5.82
2026-01-12,SKU011,,2.68,future,0.0,5.48
2026-01-13,SKU011,,2.69,future,0.0,5.5
2026-01-14,SKU011,,2.71,future,0.0,5.51
2026-01-15,SKU011,,2.72,future,0.0,5.53
2026-01-16,SKU011,,2.74,future,0.0,5.55
2026-01-17,SKU011,,3.06,future,0.25,5.86
2026-01-18,SKU011,,3.06,future,0.25,5.87
2026-01-19,SKU011,,2.68,future,0.0,5.49
2026-01-20,SKU011,,2.7,future,0.0,5.5
2026-01-21,SKU011,,2.72,future,0.0,5.52
2026-01-22,SKU011,,2.75,future,0.0,5.55
2026-01-23,SKU011,,2.77,future,0.0,5.57
2026-01-24,SKU011,,3.07,future,0.26,5.87
2026-01-25,SKU011,,3.1,future,0.29,5.91
2026-01-26,SKU011,,2.72,future,0.0,5.52
2026-01-27,SKU011,,2.73,future,0.0,5.54
2026-01-28,SKU011,,2.74,future,0.0,5.55
2026-01-29,SKU011,,2.77,future,0.0,5.58
2026-01-30,SKU011,,2.81,future,0.0,5.62
2025-09-03,SKU012,19.0,,history,,
2025-09-04,SKU012,29.0,,history,,
2025-09-05,SKU012,29.0,,history,,
2025-09-06,SKU012,37.0,,history,,
2025-09-07,SKU012,32.0,,history,,
2025-09-08,SKU012,13.0,,history,,
2025-09-09,SKU012,17.0,,history,,
2025-09-10,SKU012,16.0,,history,,
2025-09-11,SKU012,24.0,,history,,
2025-09-12,SKU012,22.0,,history,,
2025-09-13,SKU012,35.0,,history,,
2025-09-14,SKU012,33.0,,history,,
2025-09-15,SKU012,21.0,,history,,
2025-09-16,SKU012,20.0,,history,,
2025-09-17,SKU012,25.0,,history,,
2025-09-18,SKU012,17.0,,history,,
2025-09-19,SKU012,24.0,,history,,
2025-09-20,SKU012,33.0,,history,,
2025-09-21,SKU012,31.0,,history,,
2025-09-22,SKU012,17.0,,history,,
2025-09-23,SKU012,25.0,,history,,
2025-09-24,SKU012,17.0,,history,,
2025-09-25,SKU012,18.0,,history,,
2025-09-26,SKU012,18.0,,history,,
2025-09-27,SKU012,26.0,,history,,
2025-09-28,SKU012,29.0,,history,,
2025-09-29,SKU012,13.0,,history,,
2025-09-30,SKU012,20.0,,history,,
2025-10-01,SKU012,20.0,,history,,
2025-10-02,SKU012,22.0,,history,,
2025-10-03,SKU012,23.0,19.84,backtest,11.49,28.19
2025-10-04,SKU012,25.0,22.85,backtest,14.5,31.19
2025-10-05,SKU012,13.0,24.72,backtest,16.37,33.07
2025-10-06,SKU012,21.0,19.67,backtest,11.32,28.01
2025-10-07,SKU012,15.0,19.97,backtest,11.63,28.32
2025-10-08,SKU012,16.0,19.88,backtest,11.54,28.23
2025-10-09,SKU012,19.0,19.82,backtest,11.48,28.17
2025-10-10,SKU012,26.0,19.7,backtest,11.35,28.04
2025-10-11,SKU012,23.0,23.82,backtest,15.47,32.16
2025-10-12,SKU012,20.0,23.45,backtest,15.1,31.8
2025-10-13,SKU012,21.0,19.69,backtest,11.34,28.03
2025-10-14,SKU012,22.0,19.71,backtest,11.36,28.06
2025-10-15,SKU012,15.0,20.08,backtest,11.73,28.42
2025-10-16,SKU012,13.0,19.84,backtest,11.5,28.19
2025-10-17,SKU012,18.0,20.53,backtest,12.18,28.88
2025-10-18,SKU012,23.0,23.04,backtest,14.69,31.39
2025-10-19,SKU012,16.0,24.41,backtest,16.06,32.76
2025-10-20,SKU012,23.0,20.55,backtest,12.21,28.9
2025-10-21,SKU012,15.0,21.91,backtest,13.56,30.26
2025-10-22,SKU012,26.0,20.85,backtest,12.51,29.2
2025-10-23,SKU012,15.0,21.56,backtest,13.21,29.91
2025-10-24,SKU012,18.0,21.5,backtest,13.16,29.85
2025-10-25,SKU012,16.0,25.17,backtest,16.82,33.52
2025-10-26,SKU012,28.0,24.98,backtest,16.63,33.33
2025-10-27,SKU012,23.0,21.51,backtest,13.16,29.86
2025-10-28,SKU012,13.0,20.86,backtest,12.51,29.21
2025-10-29,SKU012,19.0,20.96,backtest,12.61,29.31
2025-10-30,SKU012,19.0,21.06,backtest,12.72,29.41
2025-10-31,SKU012,15.0,20.87,backtest,12.53,29.22
2025-11-01,SKU012,25.0,31.29,backtest,22.95,39.64
2025-11-02,SKU012,37.0,29.3,backtest,20.95,37.65
2025-11-03,SKU012,13.0,19.74,backtest,11.39,28.08
2025-11-04,SKU012,22.0,20.28,backtest,11.93,28.63
2025-11-05,SKU012,20.0,20.28,backtest,11.93,28.63
2025-11-06,SKU012,23.0,19.87,backtest,11.52,28.22
2025-11-07,SKU012,11.0,20.32,backtest,11.97,28.66
2025-11-08,SKU012,35.0,29.58,backtest,21.24,37.93
2025-11-09,SKU012,31.0,30.72,backtest,22.37,39.07
2025-11-10,SKU012,24.0,20.42,backtest,12.07,28.77
2025-11-11,SKU012,30.0,20.17,backtest,11.82,28.52
2025-11-12,SKU012,23.0,20.14,backtest,11.8,28.49
2025-11-13,SKU012,6.0,19.83,backtest,11.49,28.18
2025-11-14,SKU012,20.0,21.03,backtest,12.68,29.38
2025-11-15,SKU012,26.0,30.74,backtest,22.39,39.08
2025-11-16,SKU012,34.0,31.91,backtest,23.56,40.26
2025-11-17,SKU012,18.0,20.81,backtest,12.46,29.16
2025-11-18,SKU012,13.0,20.63,backtest,12.28,28.97
2025-11-19,SKU012,13.0,20.41,backtest,12.07,28.76
2025-11-20,SKU012,28.0,20.33,backtest,11.98,28.68
2025-11-21,SKU012,14.0,20.2,backtest,11.85,28.55
2025-11-22,SKU012,33.0,29.84,backtest,21.49,38.18
2025-11-23,SKU012,36.0,30.11,backtest,21.77,38.46
2025-11-24,SKU012,18.0,20.38,backtest,12.03,28.72
2025-11-25,SKU012,20.0,20.28,backtest,11.93,28.62
2025-11-26,SKU012,23.0,20.46,backtest,12.11,28.8
2025-11-27,SKU012,19.0,20.5,backtest,12.15,28.85
2025-11-28,SKU012,25.0,20.65,backtest,12.3,28.99
2025-11-29,SKU012,31.0,31.47,backtest,23.13,39.82
2025-11-30,SKU012,25.0,31.08,backtest,22.74,39.43
2025-12-01,SKU012,23.0,20.65,backtest,12.31,29.0
2025-12-02,SKU012,23.0,21.94,backtest,13.59,30.29
2025-12-03,SKU012,22.0,21.75,backtest,13.4,30.1
2025-12-04,SKU012,24.0,22.59,backtest,14.24,30.93
2025-12-05,SKU012,27.0,21.77,backtest,13.43,30.12
2025-12-06,SKU012,22.0,26.12,backtest,17.77,34.46
2025-12-07,SKU012,26.0,24.21,backtest,15.87,32.56
2025-12-08,SKU012,24.0,22.22,backtest,13.88,30.57
2025-12-09,SKU012,20.0,21.63,backtest,13.28,29.97
2025-12-10,SKU012,17.0,22.34,backtest,13.99,30.68
2025-12-11,SKU012,16.0,21.43,backtest,13.08,29.78
2025-12-12,SKU012,13.0,22.88,backtest,14.53,31.23
2025-12-13,SKU012,32.0,25.98,backtest,17.64,34.33
2025-12-14,SKU012,33.0,26.07,backtest,17.72,34.41
2025-12-15,SKU012,18.0,22.13,backtest,13.78,30.48
2025-12-16,SKU012,28.0,21.33,backtest,12.98,29.68
2025-12-17,SKU012,18.0,21.16,backtest,12.81,29.5
2025-12-18,SKU012,19.0,22.29,backtest,13.94,30.64
2025-12-19,SKU012,29.0,22.67,backtest,14.32,31.02
2025-12-20,SKU012,32.0,25.63,backtest,17.28,33.97
2025-12-21,SKU012,27.0,26.15,backtest,17.8,34.5
2025-12-22,SKU012,24.0,23.05,backtest,14.7,31.4
2025-12-23,SKU012,19.0,23.13,backtest,14.79,31.48
2025-12-24,SKU012,17.0,23.25,backtest,14.91,31.6
2025-12-25,SKU012,28.0,22.73,backtest,14.39,31.08
2025-12-26,SKU012,21.0,23.0,backtest,14.65,31.35
2025-12-27,SKU012,16.0,26.4,backtest,18.05,34.74
2025-12-28,SKU012,25.0,27.39,backtest,19.04,35.74
2025-12-29,SKU012,19.0,23.41,backtest,15.06,31.75
2025-12-30,SKU012,26.0,23.68,backtest,15.34,32.03
2025-12-31,SKU012,26.0,23.75,backtest,15.4,32.09
2026-01-01,SKU012,,24.71,future,16.36,33.06
2026-01-02,SKU012,,24.01,future,15.66,32.35
2026-01-03,SKU012,,27.47,future,19.13,35.82
2026-01-04,SKU012,,28.03,future,19.68,36.38
2026-01-05,SKU012,,23.45,future,15.1,31.79
2026-01-06,SKU012,,23.36,future,15.01,31.7
2026-01-07,SKU012,,24.04,future,15.69,32.39
2026-01-08,SKU012,,24.7,future,16.35,33.04
2026-01-09,SKU012,,25.44,future,17.09,33.79
2026-01-10,SKU012,,27.87,future,19.52,36.21
2026-01-11,SKU012,,27.93,future,19.59,36.28
2026-01-12,SKU012,,23.93,future,15.58,32.28
2026-01-13,SKU012,,23.26,future,14.92,31.61
2026-01-14,SKU012,,24.7,future,16.35,33.05
2026-01-15,SKU012,,24.8,future,16.46,33.15
2026-01-16,SKU012,,24.8,future,16.45,33.15
2026-01-17,SKU012,,28.14,future,19.79,36.48
2026-01-18,SKU012,,28.01,future,19.66,36.36
2026-01-19,SKU012,,23.69,future,15.34,32.04
2026-01-20,SKU012,,23.77,future,15.43,32.12
2026-01-21,SKU012,,24.75,future,16.41,33.1
2026-01-22,SKU012,,24.72,future,16.37,33.07
2026-01-23,SKU012,,25.65,future,17.3,34.0
2026-01-24,SKU012,,29.37,future,21.02,37.72
2026-01-25,SKU012,,28.85,future,20.5,37.2
2026-01-26,SKU012,,24.08,future,15.74,32.43
2026-01-27,SKU012,,24.05,future,15.71,32.4
2026-01-28,SKU012,,25.04,future,16.69,33.39
2026-01-29,SKU012,,25.22,future,16.88,33.57
2026-01-30,SKU012,,26.02,future,17.67,34.37
2025-09-03,SKU013,12.0,,history,,
2025-09-04,SKU013,9.0,,history,,
2025-09-05,SKU013,10.0,,history,,
2025-09-06,SKU013,17.0,,history,,
2025-09-07,SKU013,19.0,,history,,
2025-09-08,SKU013,13.0,,history,,
2025-09-09,SKU013,11.0,,history,,
2025-09-10,SKU013,17.0,,history,,
2025-09-11,SKU013,10.0,,history,,
2025-09-12,SKU013,17.0,,history,,
2025-09-13,SKU013,20.0,,history,,
2025-09-14,SKU013,17.0,,history,,
2025-09-15,SKU013,10.0,,history,,
2025-09-16,SKU013,13.0,,history,,
2025-09-17,SKU013,10.0,,history,,
2025-09-18,SKU013,6.0,,history,,
2025-09-19,SKU013,11.0,,history,,
2025-09-20,SKU013,20.0,,history,,
2025-09-21,SKU013,12.0,,history,,
2025-09-22,SKU013,13.0,,history,,
2025-09-23,SKU013,8.0,,history,,
2025-09-24,SKU013,8.0,,history,,
2025-09-25,SKU013,10.0,,history,,
2025-09-26,SKU013,12.0,,history,,
2025-09-27,SKU013,13.0,,history,,
2025-09-28,SKU013,18.0,,history,,
2025-09-29,SKU013,19.0,,history,,
2025-09-30,SKU013,16.0,,history,,
2025-10-01,SKU013,15.0,,history,,
2025-10-02,SKU013,10.0,,history,,
2025-10-03,SKU013,11.0,11.54,backtest,5.7,17.38
2025-10-04,SKU013,14.0,13.42,backtest,7.58,19.26
2025-10-05,SKU013,11.0,13.42,backtest,7.57,19.26
2025-10-06,SKU013,17.0,11.42,backtest,5.58,17.26
2025-10-07,SKU013,10.0,11.37,backtest,5.53,17.21
2025-10-08,SKU013,14.0,11.41,backtest,5.57,17.25
2025-10-09,SKU013,13.0,11.71,backtest,5.87,17.55
2025-10-10,SKU013,10.0,11.45,backtest,5.61,17.29
2025-10-11,SKU013,15.0,13.1,backtest,7.26,18.94
2025-10-12,SKU013,8.0,13.45,backtest,7.61,19.29
2025-10-13,SKU013,9.0,11.21,backtest,5.37,17.05
2025-10-14,SKU013,12.0,11.01,backtest,5.17,16.85
2025-10-15,SKU013,8.0,11.13,backtest,5.29,16.97
2025-10-16,SKU013,6.0,11.55,backtest,5.71,17.39
2025-10-17,SKU013,6.0,11.29,backtest,5.45,17.13
2025-10-18,SKU013,11.0,13.36,backtest,7.52,19.2
2025-10-19,SKU013,9.0,13.87,backtest,8.03,19.71
2025-10-20,SKU013,9.0,11.26,backtest,5.42,17.1
2025-10-21,SKU013,14.0,11.36,backtest,5.51,17.2
2025-10-22,SKU013,10.0,11.32,backtest,5.48,17.16
2025-10-23,SKU013,6.0,11.39,backtest,5.55,17.23
2025-10-24,SKU013,8.0,11.55,backtest,5.71,17.39
2025-10-25,SKU013,12.0,13.82,backtest,7.98,19.66
2025-10-26,SKU013,10.0,13.83,backtest,7.99,19.67
2025-10-27,SKU013,8.0,11.22,backtest,5.38,17.06
2025-10-28,SKU013,5.0,11.28,backtest,5.44,17.12
2025-10-29,SKU013,11.0,11.37,backtest,5.53,17.21
2025-10-30,SKU013,11.0,11.35,backtest,5.51,17.19
2025-10-31,SKU013,9.0,11.69,backtest,5.85,17.53
2025-11-01,SKU013,16.0,16.93,backtest,11.08,22.77
2025-11-02,SKU013,19.0,14.8,backtest,8.96,20.65
2025-11-03,SKU013,10.0,10.35,backtest,4.5,16.19
2025-11-04,SKU013,8.0,10.21,backtest,4.37,16.05
2025-11-05,SKU013,11.0,10.34,backtest,4.49,16.18
2025-11-06,SKU013,13.0,10.35,backtest,4.51,16.19
2025-11-07,SKU013,13.0,10.49,backtest,4.65,16.33
2025-11-08,SKU013,15.0,14.33,backtest,8.49,20.17
2025-11-09,SKU013,14.0,14.55,backtest,8.71,20.39
2025-11-10,SKU013,12.0,10.3,backtest,4.46,16.14
2025-11-11,SKU013,11.0,10.41,backtest,4.57,16.25
2025-11-12,SKU013,14.0,10.3,backtest,4.45,16.14
2025-11-13,SKU013,15.0,10.67,backtest,4.83,16.52
2025-11-14,SKU013,6.0,10.95,backtest,5.11,16.79
2025-11-15,SKU013,18.0,15.02,backtest,9.18,20.86
2025-11-16,SKU013,13.0,15.17,backtest,9.33,21.01
2025-11-17,SKU013,12.0,11.38,backtest,5.54,17.22
2025-11-18,SKU013,8.0,11.37,backtest,5.53,17.21
2025-11-19,SKU013,10.0,11.38,backtest,5.54,17.22
2025-11-20,SKU013,11.0,11.42,backtest,5.58,17.26
2025-11-21,SKU013,11.0,11.34,backtest,5.5,17.18
2025-11-22,SKU013,18.0,15.78,backtest,9.94,21.62
2025-11-23,SKU013,10.0,15.93,backtest,10.08,21.77
2025-11-24,SKU013,16.0,10.81,backtest,4.97,16.65
2025-11-25,SKU013,15.0,11.1,backtest,5.26,16.94
2025-11-26,SKU013,15.0,11.08,backtest,5.24,16.92
2025-11-27,SKU013,7.0,11.06,backtest,5.22,16.9
2025-11-28,SKU013,6.0,11.15,backtest,5.31,16.99
2025-11-29,SKU013,14.0,16.15,backtest,10.31,21.99
2025-11-30,SKU013,22.0,16.0,backtest,10.16,21.84
2025-12-01,SKU013,5.0,11.33,backtest,5.49,17.17
2025-12-02,SKU013,10.0,11.77,backtest,5.93,17.61
2025-12-03,SKU013,12.0,11.8,backtest,5.96,17.64
2025-12-04,SKU013,15.0,11.46,backtest,5.62,17.3
2025-12-05,SKU013,14.0,11.57,backtest,5.73,17.41
2025-12-06,SKU013,9.0,14.06,backtest,8.22,19.9
2025-12-07,SKU013,13.0,14.1,backtest,8.26,19.94
2025-12-08,SKU013,8.0,11.82,backtest,5.98,17.66
2025-12-09,SKU013,10.0,11.62,backtest,5.78,17.46
2025-12-10,SKU013,21.0,11.67,backtest,5.83,17.52
2025-12-11,SKU013,8.0,11.92,backtest,6.08,17.76
2025-12-12,SKU013,18.0,12.0,backtest,6.16,17.84
2025-12-13,SKU013,21.0,13.95,backtest,8.11,19.79
2025-12-14,SKU013,21.0,14.14,backtest,8.3,19.98
2025-12-15,SKU013,14.0,11.61,backtest,5.77,17.45
2025-12-16,SKU013,14.0,11.72,backtest,5.87,17.56
2025-12-17,SKU013,16.0,11.7,backtest,5.86,17.54
2025-12-18,SKU013,9.0,11.57,backtest,5.73,17.41
2025-12-19,SKU013,13.0,11.67,backtest,5.83,17.51
2025-12-20,SKU013,18.0,13.95,backtest,8.11,19.8
2025-12-21,SKU013,12.0,14.33,backtest,8.49,20.17
2025-12-22,SKU013,12.0,11.6,backtest,5.76,17.44
2025-12-23,SKU013,8.0,11.56,backtest,5.72,17.4
2025-12-24,SKU013,8.0,11.57,backtest,5.73,17.41
2025-12-25,SKU013,7.0,11.8,backtest,5.96,17.64
2025-12-26,SKU013,7.0,11.96,backtest,6.12,17.8
2025-12-27,SKU013,17.0,14.22,backtest,8.38,20.06
2025-12-28,SKU013,12.0,14.36,backtest,8.52,20.2
2025-12-29,SKU013,7.0,11.61,backtest,5.77,17.45
2025-12-30,SKU013,9.0,11.81,backtest,5.97,17.65
2025-12-31,SKU013,11.0,11.83,backtest,5.99,17.67
2026-01-01,SKU013,,12.78,future,6.94,18.62
2026-01-02,SKU013,,13.02,future,7.18,18.87
2026-01-03,SKU013,,14.66,future,8.82,20.5
2026-01-04,SKU013,,15.09,future,9.25,20.93
2026-01-05,SKU013,,12.67,future,6.83,18.51
2026-01-06,SKU013,,13.04,future,7.2,18.88
2026-01-07,SKU013,,13.02,future,7.18,18.86
2026-01-08,SKU013,,12.92,future,7.08,18.76
2026-01-09,SKU013,,13.39,future,7.55,19.23
2026-01-10,SKU013,,14.68,future,8.84,20.52
2026-01-11,SKU013,,14.96,future,9.12,20.8
2026-01-12,SKU013,,12.73,future,6.89,18.57
2026-01-13,SKU013,,12.45,future,6.61,18.29
2026-01-14,SKU013,,12.45,future,6.61,18.29
2026-01-15,SKU013,,12.88,future,7.03,18.72
2026-01-16,SKU013,,12.94,future,7.1,18.78
2026-01-17,SKU013,,14.56,future,8.72,20.4
2026-01-18,SKU013,,14.75,future,8.91,20.59
2026-01-19,SKU013,,12.53,future,6.69,18.37
2026-01-20,SKU013,,12.76,future,6.92,18.6
2026-01-21,SKU013,,12.83,future,6.99,18.67
2026-01-22,SKU013,,12.84,future,7.0,18.68
2026-01-23,SKU013,,12.91,future,7.07,18.75
2026-01-24,SKU013,,14.86,future,9.02,20.7
2026-01-25,SKU013,,15.01,future,9.17,20.85
2026-01-26,SKU013,,12.95,future,7.11,18.79
2026-01-27,SKU013,,13.06,future,7.22,18.9
2026-01-28,SKU013,,12.99,future,7.15,18.83
2026-01-29,SKU013,,13.19,future,7.35,19.03
2026-01-30,SKU013,,13.52,future,7.68,19.36
2025-09-03,SKU014,13.0,,history,,
2025-09-04,SKU014,26.0,,history,,
2025-09-05,SKU014,20.0,,history,,
2025-09-06,SKU014,20.0,,history,,
2025-09-07,SKU014,18.0,,history,,
2025-09-08,SKU014,22.0,,history,,
2025-09-09,SKU014,23.0,,history,,
2025-09-10,SKU014,22.0,,history,,
2025-09-11,SKU014,20.0,,history,,
2025-09-12,SKU014,18.0,,history,,
2025-09-13,SKU014,23.0,,history,,
2025-09-14,SKU014,23.0,,history,,
2025-09-15,SKU014,15.0,,history,,
2025-09-16,SKU014,13.0,,history,,
2025-09-17,SKU014,21.0,,history,,
2025-09-18,SKU014,25.0,,history,,
2025-09-19,SKU014,16.0,,history,,
2025-09-20,SKU014,25.0,,history,,
2025-09-21,SKU014,25.0,,history,,
2025-09-22,SKU014,15.0,,history,,
2025-09-23,SKU014,18.0,,history,,
2025-09-24,SKU014,14.0,,history,,
2025-09-25,SKU014,19.0,,history,,
2025-09-26,SKU014,17.0,,history,,
2025-09-27,SKU014,29.0,,history,,
2025-09-28,SKU014,20.0,,history,,
2025-09-29,SKU014,17.0,,history,,
2025-09-30,SKU014,18.0,,history,,
2025-10-01,SKU014,19.0,,history,,
2025-10-02,SKU014,18.0,,history,,
2025-10-03,SKU014,16.0,17.48,backtest,10.36,24.6
2025-10-04,SKU014,12.0,19.3,backtest,12.18,26.41
2025-10-05,SKU014,23.0,20.33,backtest,13.22,27.45
2025-10-06,SKU014,15.0,17.6,backtest,10.49,24.72
2025-10-07,SKU014,21.0,17.4,backtest,10.28,24.52
2025-10-08,SKU014,17.0,18.11,backtest,10.99,25.23
2025-10-09,SKU014,18.0,17.49,backtest,10.37,24.6
2025-10-10,SKU014,13.0,17.68,backtest,10.56,24.79
2025-10-11,SKU014,24.0,20.23,backtest,13.11,27.34
2025-10-12,SKU014,14.0,20.46,backtest,13.34,27.57
2025-10-13,SKU014,23.0,17.7,backtest,10.59,24.82
2025-10-14,SKU014,20.0,17.79,backtest,10.68,24.91
2025-10-15,SKU014,12.0,18.38,backtest,11.27,25.5
2025-10-16,SKU014,15.0,19.0,backtest,11.88,26.11
2025-10-17,SKU014,23.0,18.04,backtest,10.92,25.15
2025-10-18,SKU014,17.0,21.08,backtest,13.96,28.2
2025-10-19,SKU014,10.0,21.16,backtest,14.04,28.28
2025-10-20,SKU014,19.0,17.82,backtest,10.71,24.94
2025-10-21,SKU014,15.0,18.29,backtest,11.18,25.41
2025-10-22,SKU014,21.0,17.98,backtest,10.86,25.1
2025-10-23,SKU014,18.0,18.53,backtest,11.41,25.65
2025-10-24,SKU014,22.0,18.5,backtest,11.38,25.61
2025-10-25,SKU014,19.0,21.83,backtest,14.71,28.95
2025-10-26,SKU014,19.0,20.74,backtest,13.63,27.86
2025-10-27,SKU014,21.0,18.26,backtest,11.14,25.37
2025-10-28,SKU014,18.0,18.54,backtest,11.42,25.66
2025-10-29,SKU014,14.0,18.5,backtest,11.39,25.62
2025-10-30,SKU014,19.0,18.51,backtest,11.39,25.63
2025-10-31,SKU014,14.0,18.53,backtest,11.41,25.65
2025-11-01,SKU014,25.0,25.26,backtest,18.14,32.37
2025-11-02,SKU014,16.0,25.36,backtest,18.24,32.47
2025-11-03,SKU014,13.0,16.81,backtest,9.69,23.93
2025-11-04,SKU014,19.0,18.1,backtest,10.99,25.22
2025-11-05,SKU014,11.0,17.81,backtest,10.69,24.92
2025-11-06,SKU014,13.0,17.43,backtest,10.31,24.54
2025-11-07,SKU014,18.0,17.39,backtest,10.27,24.51
2025-11-08,SKU014,18.0,25.42,backtest,18.3,32.54
2025-11-09,SKU014,25.0,25.41,backtest,18.29,32.52
2025-11-10,SKU014,16.0,17.81,backtest,10.7,24.93
2025-11-11,SKU014,17.0,18.13,backtest,11.01,25.25
2025-11-12,SKU014,13.0,17.41,backtest,10.3,24.53
2025-11-13,SKU014,21.0,17.27,backtest,10.15,24.39
2025-11-14,SKU014,16.0,18.36,backtest,11.25,25.48
2025-11-15,SKU014,24.0,25.45,backtest,18.33,32.57
2025-11-16,SKU014,23.0,25.45,backtest,18.34,32.57
2025-11-17,SKU014,25.0,18.26,backtest,11.14,25.37
2025-11-18,SKU014,11.0,18.35,backtest,11.23,25.46
2025-11-19,SKU014,18.0,18.67,backtest,11.55,25.78
2025-11-20,SKU014,19.0,18.19,backtest,11.07,25.31
2025-11-21,SKU014,10.0,18.57,backtest,11.46,25.69
2025-11-22,SKU014,29.0,24.64,backtest,17.52,31.76
2025-11-23,SKU014,18.0,25.52,backtest,18.41,32.64
2025-11-24,SKU014,14.0,17.72,backtest,10.6,24.83
2025-11-25,SKU014,17.0,17.75,backtest,10.64,24.87
2025-11-26,SKU014,23.0,17.55,backtest,10.43,24.66
2025-11-27,SKU014,18.0,18.52,backtest,11.4,25.64
2025-11-28,SKU014,21.0,18.4,backtest,11.28,25.52
2025-11-29,SKU014,22.0,27.13,backtest,20.02,34.25
2025-11-30,SKU014,36.0,26.92,backtest,19.8,34.04
2025-12-01,SKU014,16.0,18.21,backtest,11.1,25.33
2025-12-02,SKU014,20.0,18.57,backtest,11.46,25.69
2025-12-03,SKU014,11.0,17.41,backtest,10.29,24.53
2025-12-04,SKU014,15.0,18.12,backtest,11.0,25.23
2025-12-05,SKU014,23.0,18.8,backtest,11.68,25.92
2025-12-06,SKU014,20.0,20.41,backtest,13.29,27.52
2025-12-07,SKU014,19.0,20.48,backtest,13.37,27.6
2025-12-08,SKU014,14.0,18.49,backtest,11.38,25.61
2025-12-09,SKU014,16.0,19.11,backtest,11.99,26.22
2025-12-10,SKU014,15.0,19.02,backtest,11.91,26.14
2025-12-11,SKU014,24.0,19.5,backtest,12.39,26.62
2025-12-12,SKU014,20.0,19.1,backtest,11.99,26.22
2025-12-13,SKU014,21.0,20.67,backtest,13.56,27.79
2025-12-14,SKU014,27.0,20.69,backtest,13.57,27.8
2025-12-15,SKU014,26.0,17.97,backtest,10.85,25.09
2025-12-16,SKU014,12.0,18.18,backtest,11.06,25.3
2025-12-17,SKU014,9.0,19.52,backtest,12.4,26.64
2025-12-18,SKU014,14.0,19.03,backtest,11.91,26.15
2025-12-19,SKU014,16.0,19.37,backtest,12.25,26.48
2025-12-20,SKU014,23.0,22.06,backtest,14.94,29.17
2025-12-21,SKU014,16.0,21.53,backtest,14.42,28.65
2025-12-22,SKU014,22.0,18.59,backtest,11.48,25.71
2025-12-23,SKU014,19.0,19.75,backtest,12.64,26.87
2025-12-24,SKU014,15.0,19.21,backtest,12.09,26.32
2025-12-25,SKU014,12.0,19.76,backtest,12.64,26.88
2025-12-26,SKU014,16.0,19.74,backtest,12.63,26.86
2025-12-27,SKU014,20.0,20.71,backtest,13.6,27.83
2025-12-28,SKU014,18.0,21.89,backtest,14.77,29.01
2025-12-29,SKU014,11.0,19.86,backtest,12.74,26.98
2025-12-30,SKU014,18.0,19.67,backtest,12.56,26.79
2025-12-31,SKU014,22.0,19.99,backtest,12.87,27.1
2026-01-01,SKU014,,18.93,future,11.81,26.04
2026-01-02,SKU014,,18.9,future,11.78,26.02
2026-01-03,SKU014,,19.89,future,12.77,27.0
2026-01-04,SKU014,,20.11,future,12.99,27.23
2026-01-05,SKU014,,18.79,future,11.67,25.9
2026-01-06,SKU014,,18.29,future,11.17,25.4
2026-01-07,SKU014,,19.06,future,11.94,26.18
2026-01-08,SKU014,,19.03,future,11.91,26.14
2026-01-09,SKU014,,18.84,future,11.73,25.96
2026-01-10,SKU014,,20.38,future,13.26,27.5
2026-01-11,SKU014,,20.65,future,13.53,27.77
2026-01-12,SKU014,,18.73,future,11.61,25.85
2026-01-13,SKU014,,18.92,future,11.8,26.03
2026-01-14,SKU014,,19.42,future,12.3,26.54
2026-01-15,SKU014,,19.04,future,11.93,26.16
2026-01-16,SKU014,,19.38,future,12.27,26.5
2026-01-17,SKU014,,21.01,future,13.89,28.12
2026-01-18,SKU014,,21.65,future,14.54,28.77
2026-01-19,SKU014,,19.17,future,12.05,26.28
2026-01-20,SKU014,,19.42,future,12.3,26.54
2026-01-21,SKU014,,19.5,future,12.38,26.61
2026-01-22,SKU014,,19.98,future,12.87,27.1
2026-01-23,SKU014,,19.92,future,12.8,27.03
2026-01-24,SKU014,,22.22,future,15.1,29.34
2026-01-25,SKU014,,22.58,future,15.47,29.7
2026-01-26,SKU014,,20.07,future,12.95,27.19
2026-01-27,SKU014,,20.04,future,12.93,27.16
2026-01-28,SKU014,,19.75,future,12.64,26.87
2026-01-29,SKU014,,20.07,future,12.96,27.19
2026-01-30,SKU014,,20.16,future,13.05,27.28
2025-09-03,SKU015,2.0,,history,,
2025-09-04,SKU015,6.0,,history,,
2025-09-05,SKU015,3.0,,history,,
2025-09-06,SKU015,9.0,,history,,
2025-09-07,SKU015,4.0,,history,,
2025-09-08,SKU015,4.0,,history,,
2025-09-09,SKU015,2.0,,history,,
2025-09-10,SKU015,1.0,,history,,
2025-09-11,SKU015,5.0,,history,,
2025-09-12,SKU015,5.0,,history,,
2025-09-13,SKU015,2.0,,history,,
2025-09-14,SKU015,5.0,,history,,
2025-09-15,SKU015,1.0,,history,,
2025-09-16,SKU015,1.0,,history,,
2025-09-17,SKU015,3.0,,history,,
2025-09-18,SKU015,2.0,,history,,
2025-09-19,SKU015,6.0,,history,,
2025-09-20,SKU015,3.0,,history,,
2025-09-21,SKU015,7.0,,history,,
2025-09-22,SKU015,2.0,,history,,
2025-09-23,SKU015,2.0,,history,,
2025-09-24,SKU015,4.0,,history,,
2025-09-25,SKU015,6.0,,history,,
2025-09-26,SKU015,4.0,,history,,
2025-09-27,SKU015,3.0,,history,,
2025-09-28,SKU015,7.0,,history,,
2025-09-29,SKU015,1.0,,history,,
2025-09-30,SKU015,2.0,,history,,
2025-10-01,SKU015,3.0,,history,,
2025-10-02,SKU015,4.0,,history,,
2025-10-03,SKU015,3.0,3.33,backtest,0.21,6.45
2025-10-04,SKU015,4.0,3.76,backtest,0.64,6.89
2025-10-05,SKU015,2.0,3.77,backtest,0.65,6.89
2025-10-06,SKU015,2.0,3.24,backtest,0.12,6.36
2025-10-07,SKU015,2.0,3.05,backtest,0.0,6.18
2025-10-08,SKU015,4.0,3.16,backtest,0.03,6.28
2025-10-09,SKU015,2.0,3.28,backtest,0.16,6.4
2025-10-10,SKU015,1.0,3.37,backtest,0.24,6.49
2025-10-11,SKU015,2.0,3.5,backtest,0.38,6.62
2025-10-12,SKU015,3.0,3.81,backtest,0.69,6.93
2025-10-13,SKU015,2.0,3.06,backtest,0.0,6.19
2025-10-14,SKU015,6.0,3.21,backtest,0.09,6.33
2025-10-15,SKU015,4.0,3.23,backtest,0.11,6.35
2025-10-16,SKU015,2.0,3.29,backtest,0.17,6.41
2025-10-17,SKU015,2.0,3.57,backtest,0.45,6.69
2025-10-18,SKU015,1.0,3.78,backtest,0.65,6.9
2025-10-19,SKU015,4.0,3.93,backtest,0.8,7.05
2025-10-20,SKU015,4.0,3.26,backtest,0.13,6.38
2025-10-21,SKU015,3.0,3.26,backtest,0.14,6.38
2025-10-22,SKU015,0.0,3.29,backtest,0.17,6.41
2025-10-23,SKU015,1.0,3.44,backtest,0.32,6.56
2025-10-24,SKU015,4.0,3.45,backtest,0.33,6.57
2025-10-25,SKU015,6.0,3.63,backtest,0.5,6.75
2025-10-26,SKU015,3.0,3.93,backtest,0.81,7.06
2025-10-27,SKU015,0.0,3.12,backtest,0.0,6.25
2025-10-28,SKU015,4.0,3.13,backtest,0.01,6.25
2025-10-29,SKU015,2.0,3.28,backtest,0.16,6.41
2025-10-30,SKU015,0.0,3.37,backtest,0.25,6.49
2025-10-31,SKU015,1.0,3.3,backtest,0.18,6.43
2025-11-01,SKU015,6.0,4.45,backtest,1.33,7.57
2025-11-02,SKU015,4.0,3.9,backtest,0.77,7.02
2025-11-03,SKU015,0.0,2.69,backtest,0.0,5.81
2025-11-04,SKU015,2.0,2.7,backtest,0.0,5.82
2025-11-05,SKU015,0.0,2.72,backtest,0.0,5.84
2025-11-06,SKU015,2.0,2.77,backtest,0.0,5.89
2025-11-07,SKU015,2.0,2.86,backtest,0.0,5.98
2025-11-08,SKU015,4.0,3.79,backtest,0.67,6.91
2025-11-09,SKU015,3.0,3.9,backtest,0.77,7.02
2025-11-10,SKU015,1.0,2.69,backtest,0.0,5.81
2025-11-11,SKU015,3.0,2.79,backtest,0.0,5.91
2025-11-12,SKU015,4.0,2.72,backtest,0.0,5.84
2025-11-13,SKU015,4.0,2.77,backtest,0.0,5.89
2025-11-14,SKU015,7.0,2.85,backtest,0.0,5.97
2025-11-15,SKU015,1.0,3.85,backtest,0.73,6.97
2025-11-16,SKU015,4.0,3.9,backtest,0.78,7.02
2025-11-17,SKU015,8.0,2.71,backtest,0.0,5.83
2025-11-18,SKU015,3.0,2.7,backtest,0.0,5.82
2025-11-19,SKU015,2.0,2.69,backtest,0.0,5.81
2025-11-20,SKU015,3.0,2.83,backtest,0.0,5.96
2025-11-21,SKU015,1.0,2.94,backtest,0.0,6.07
2025-11-22,SKU015,4.0,4.01,backtest,0.88,7.13
2025-11-23,SKU015,3.0,3.96,backtest,0.84,7.08
2025-11-24,SKU015,1.0,2.71,backtest,0.0,5.83
2025-11-25,SKU015,2.0,2.74,backtest,0.0,5.86
2025-11-26,SKU015,4.0,2.7,backtest,0.0,5.82
2025-11-27,SKU015,8.0,2.77,backtest,0.0,5.89
2025-11-28,SKU015,2.0,2.76,backtest,0.0,5.88
2025-11-29,SKU015,9.0,4.17,backtest,1.05,7.29
2025-11-30,SKU015,5.0,3.62,backtest,0.5,6.74
2025-12-01,SKU015,2.0,2.73,backtest,0.0,5.85
2025-12-02,SKU015,2.0,3.21,backtest,0.09,6.34
2025-12-03,SKU015,5.0,3.22,backtest,0.09,6.34
2025-12-04,SKU015,3.0,3.46,backtest,0.34,6.58
2025-12-05,SKU015,5.0,3.42,backtest,0.29,6.54
2025-12-06,SKU015,2.0,4.11,backtest,0.99,7.23
2025-12-07,SKU015,3.0,4.09,backtest,0.97,7.21
2025-12-08,SKU015,3.0,3.54,backtest,0.41,6.66
2025-12-09,SKU015,2.0,3.55,backtest,0.43,6.68
2025-12-10,SKU015,7.0,3.52,backtest,0.4,6.64
2025-12-11,SKU015,5.0,3.58,backtest,0.46,6.7
2025-12-12,SKU015,4.0,3.68,backtest,0.56,6.8
2025-12-13,SKU015,7.0,3.97,backtest,0.85,7.09
2025-12-14,SKU015,3.0,4.01,backtest,0.89,7.13
2025-12-15,SKU015,3.0,3.56,backtest,0.44,6.68
2025-12-16,SKU015,1.0,3.48,backtest,0.36,6.6
2025-12-17,SKU015,4.0,3.47,backtest,0.35,6.59
2025-12-18,SKU015,4.0,3.55,backtest,0.43,6.67
2025-12-19,SKU015,1.0,3.6,backtest,0.48,6.72
2025-12-20,SKU015,7.0,3.98,backtest,0.85,7.1
2025-12-21,SKU015,1.0,4.01,backtest,0.88,7.13
2025-12-22,SKU015,2.0,3.43,backtest,0.3,6.55
2025-12-23,SKU015,3.0,3.44,backtest,0.32,6.56
2025-12-24,SKU015,4.0,3.54,backtest,0.41,6.66
2025-12-25,SKU015,4.0,3.67,backtest,0.55,6.79
2025-12-26,SKU015,6.0,3.7,backtest,0.58,6.82
2025-12-27,SKU015,3.0,4.14,backtest,1.02,7.27
2025-12-28,SKU015,5.0,4.14,backtest,1.01,7.26
2025-12-29,SKU015,2.0,3.6,backtest,0.48,6.72
2025-12-30,SKU015,1.0,3.63,backtest,0.51,6.76
2025-12-31,SKU015,4.0,3.64,backtest,0.51,6.76
2026-01-01,SKU015,,3.72,future,0.59,6.84
2026-01-02,SKU015,,3.76,future,0.64,6.88
2026-01-03,SKU015,,4.12,future,1.0,7.24
2026-01-04,SKU015,,4.13,future,1.01,7.26
2026-01-05,SKU015,,3.58,future,0.46,6.7
2026-01-06,SKU015,,3.63,future,0.51,6.75
2026-01-07,SKU015,,3.8,future,0.68,6.92
2026-01-08,SKU015,,3.82,future,0.7,6.94
2026-01-09,SKU015,,3.82,future,0.7,6.94
2026-01-10,SKU015,,4.29,future,1.17,7.41
2026-01-11,SKU015,,4.27,future,1.14,7.39
2026-01-12,SKU015,,3.75,future,0.63,6.87
2026-01-13,SKU015,,3.8,future,0.68,6.92
2026-01-14,SKU015,,3.81,future,0.68,6.93
2026-01-15,SKU015,,3.88,future,0.76,7.0
2026-01-16,SKU015,,3.91,future,0.79,7.03
2026-01-17,SKU015,,4.37,future,1.25,7.49
2026-01-18,SKU015,,4.31,future,1.19,7.43
2026-01-19,SKU015,,3.69,future,0.57,6.81
2026-01-20,SKU015,,3.79,future,0.67,6.91
2026-01-21,SKU015,,3.9,future,0.78,7.02
2026-01-22,SKU015,,3.98,future,0.85,7.1
2026-01-23,SKU015,,4.06,future,0.94,7.18
2026-01-24,SKU015,,4.3,future,1.18,7.42
2026-01-25,SKU015,,4.28,future,1.16,7.4
2026-01-26,SKU015,,3.66,future,0.54,6.78
2026-01-27,SKU015,,3.87,future,0.74,6.99
2026-01-28,SKU015,,3.87,future,0.75,6.99
2026-01-29,SKU015,,3.94,future,0.82,7.07
2026-01-30,SKU015,,4.02,future,0.9,7.14
2025-09-03,SKU016,9.0,,history,,
2025-09-04,SKU016,14.0,,history,,
2025-09-05,SKU016,9.0,,history,,
2025-09-06,SKU016,12.0,,history,,
2025-09-07,SKU016,10.0,,history,,
2025-09-08,SKU016,12.0,,history,,
2025-09-09,SKU016,11.0,,history,,
2025-09-10,SKU016,9.0,,history,,
2025-09-11,SKU016,5.0,,history,,
2025-09-12,SKU016,12.0,,history,,
2025-09-13,SKU016,17.0,,history,,
2025-09-14,SKU016,12.0,,history,,
2025-09-15,SKU016,11.0,,history,,
2025-09-16,SKU016,9.0,,history,,
2025-09-17,SKU016,8.0,,history,,
2025-09-18,SKU016,9.0,,history,,
2025-09-19,SKU016,9.0,,history,,
2025-09-20,SKU016,16.0,,history,,
2025-09-21,SKU016,14.0,,history,,
2025-09-22,SKU016,11.0,,history,,
2025-09-23,SKU016,7.0,,history,,
2025-09-24,SKU016,11.0,,history,,
2025-09-25,SKU016,12.0,,history,,
2025-09-26,SKU016,9.0,,history,,
2025-09-27,SKU016,9.0,,history,,
2025-09-28,SKU016,19.0,,history,,
2025-09-29,SKU016,11.0,,history,,
2025-09-30,SKU016,13.0,,history,,
2025-10-01,SKU016,10.0,,history,,
2025-10-02,SKU016,12.0,,history,,
2025-10-03,SKU016,8.0,10.79,backtest,5.15,16.42
2025-10-04,SKU016,7.0,12.27,backtest,6.63,17.9
2025-10-05,SKU016,11.0,12.25,backtest,6.62,17.88
2025-10-06,SKU016,10.0,10.5,backtest,4.86,16.13
2025-10-07,SKU016,10.0,10.63,backtest,4.99,16.26
2025-10-08,SKU016,14.0,10.65,backtest,5.02,16.28
2025-10-09,SKU016,12.0,10.81,backtest,5.18,16.44
2025-10-10,SKU016,11.0,10.8,backtest,5.17,16.43
2025-10-11,SKU016,12.0,12.43,backtest,6.8,18.06
2025-10-12,SKU016,15.0,12.27,backtest,6.64,17.9
2025-10-13,SKU016,10.0,10.6,backtest,4.96,16.23
2025-10-14,SKU016,20.0,10.64,backtest,5.01,16.28
2025-10-15,SKU016,6.0,10.9,backtest,5.27,16.54
2025-10-16,SKU016,12.0,10.89,backtest,5.26,16.52
2025-10-17,SKU016,16.0,11.06,backtest,5.43,16.69
2025-10-18,SKU016,11.0,12.61,backtest,6.98,18.25
2025-10-19,SKU016,11.0,12.79,backtest,7.16,18.42
2025-10-20,SKU016,15.0,10.81,backtest,5.17,16.44
2025-10-21,SKU016,10.0,10.83,backtest,5.19,16.46
2025-10-22,SKU016,8.0,10.95,backtest,5.32,16.58
2025-10-23,SKU016,12.0,11.09,backtest,5.45,16.72
2025-10-24,SKU016,4.0,11.12,backtest,5.49,16.75
2025-10-25,SKU016,9.0,12.77,backtest,7.14,18.4
2025-10-26,SKU016,15.0,12.85,backtest,7.21,18.48
2025-10-27,SKU016,6.0,10.99,backtest,5.36,16.62
2025-10-28,SKU016,11.0,10.87,backtest,5.24,16.5
2025-10-29,SKU016,22.0,10.93,backtest,5.29,16.56
2025-10-30,SKU016,15.0,11.22,backtest,5.58,16.85
2025-10-31,SKU016,12.0,11.19,backtest,5.56,16.82
2025-11-01,SKU016,18.0,15.72,backtest,10.09,21.35
2025-11-02,SKU016,25.0,15.97,backtest,10.34,21.61
2025-11-03,SKU016,9.0,10.74,backtest,5.11,16.37
2025-11-04,SKU016,10.0,10.98,backtest,5.34,16.61
2025-11-05,SKU016,15.0,10.9,backtest,5.27,16.53
2025-11-06,SKU016,12.0,11.11,backtest,5.48,16.74
2025-11-07,SKU016,10.0,11.21,backtest,5.57,16.84
2025-11-08,SKU016,17.0,15.84,backtest,10.21,21.47
2025-11-09,SKU016,19.0,16.27,backtest,10.63,21.9
2025-11-10,SKU016,9.0,10.92,backtest,5.28,16.55
2025-11-11,SKU016,11.0,11.24,backtest,5.6,16.87
2025-11-12,SKU016,14.0,10.82,backtest,5.19,16.45
2025-11-13,SKU016,13.0,11.22,backtest,5.58,16.85
2025-11-14,SKU016,12.0,11.38,backtest,5.75,17.01
2025-11-15,SKU016,16.0,15.73,backtest,10.1,21.36
2025-11-16,SKU016,20.0,15.99,backtest,10.36,21.62
2025-11-17,SKU016,7.0,11.18,backtest,5.55,16.81
2025-11-18,SKU016,11.0,11.11,backtest,5.47,16.74
2025-11-19,SKU016,10.0,11.25,backtest,5.61,16.88
2025-11-20,SKU016,10.0,11.35,backtest,5.72,16.98
2025-11-21,SKU016,14.0,11.26,backtest,5.63,16.9
2025-11-22,SKU016,14.0,15.99,backtest,10.36,21.63
2025-11-23,SKU016,9.0,16.37,backtest,10.73,22.0
2025-11-24,SKU016,10.0,11.5,backtest,5.87,17.14
2025-11-25,SKU016,9.0,11.57,backtest,5.93,17.2
2025-11-26,SKU016,10.0,12.2,backtest,6.56,17.83
2025-11-27,SKU016,8.0,11.84,backtest,6.21,17.47
2025-11-28,SKU016,11.0,11.65,backtest,6.02,17.28
2025-11-29,SKU016,9.0,16.58,backtest,10.95,22.21
2025-11-30,SKU016,14.0,16.55,backtest,10.92,22.18
2025-12-01,SKU016,10.0,11.39,backtest,5.76,17.03
2025-12-02,SKU016,8.0,11.18,backtest,5.54,16.81
2025-12-03,SKU016,10.0,11.55,backtest,5.92,17.19
2025-12-04,SKU016,10.0,11.51,backtest,5.87,17.14
2025-12-05,SKU016,12.0,11.24,backtest,5.61,16.88
2025-12-06,SKU016,12.0,13.57,backtest,7.94,19.2
2025-12-07,SKU016,15.0,13.26,backtest,7.63,18.89
2025-12-08,SKU016,12.0,11.4,backtest,5.76,17.03
2025-12-09,SKU016,15.0,11.34,backtest,5.71,16.97
2025-12-10,SKU016,8.0,11.7,backtest,6.06,17.33
2025-12-11,SKU016,8.0,11.8,backtest,6.17,17.43
2025-12-12,SKU016,10.0,11.46,backtest,5.83,17.09
2025-12-13,SKU016,14.0,13.27,backtest,7.64,18.9
2025-12-14,SKU016,11.0,13.48,backtest,7.85,19.12
2025-12-15,SKU016,6.0,11.23,backtest,5.6,16.87
2025-12-16,SKU016,8.0,11.11,backtest,5.48,16.75
2025-12-17,SKU016,10.0,11.18,backtest,5.55,16.82
2025-12-18,SKU016,11.0,11.31,backtest,5.68,16.95
2025-12-19,SKU016,17.0,11.5,backtest,5.87,17.13
2025-12-20,SKU016,11.0,13.05,backtest,7.42,18.69
2025-12-21,SKU016,11.0,12.97,backtest,7.34,18.6
2025-12-22,SKU016,16.0,11.23,backtest,5.59,16.86
2025-12-23,SKU016,13.0,11.3,backtest,5.66,16.93
2025-12-24,SKU016,14.0,11.2,backtest,5.57,16.83
2025-12-25,SKU016,18.0,11.34,backtest,5.71,16.98
2025-12-26,SKU016,14.0,11.55,backtest,5.92,17.18
2025-12-27,SKU016,13.0,12.99,backtest,7.36,18.63
2025-12-28,SKU016,16.0,13.97,backtest,8.33,19.6
2025-12-29,SKU016,10.0,11.56,backtest,5.93,17.19
2025-12-30,SKU016,15.0,11.79,backtest,6.16,17.43
2025-12-31,SKU016,12.0,11.99,backtest,6.36,17.62
2026-01-01,SKU016,,13.01,future,7.37,18.64
2026-01-02,SKU016,,12.82,future,7.18,18.45
2026-01-03,SKU016,,14.4,future,8.76,20.03
2026-01-04,SKU016,,14.49,future,8.86,20.12
2026-01-05,SKU016,,12.89,future,7.26,18.52
2026-01-06,SKU016,,12.62,future,6.99,18.25
2026-01-07,SKU016,,13.06,future,7.43,18.7
2026-01-08,SKU016,,12.95,future,7.32,18.58
2026-01-09,SKU016,,13.07,future,7.44,18.71
2026-01-10,SKU016,,14.44,future,8.8,20.07
2026-01-11,SKU016,,14.66,future,9.02,20.29
2026-01-12,SKU016,,13.44,future,7.81,19.08
2026-01-13,SKU016,,12.97,future,7.34,18.61
2026-01-14,SKU016,,13.16,future,7.53,18.8
2026-01-15,SKU016,,13.2,future,7.57,18.83
2026-01-16,SKU016,,13.42,future,7.78,19.05
2026-01-17,SKU016,,14.96,future,9.32,20.59
2026-01-18,SKU016,,15.11,future,9.48,20.74
2026-01-19,SKU016,,13.78,future,8.15,19.42
2026-01-20,SKU016,,13.58,future,7.94,19.21
2026-01-21,SKU016,,13.69,future,8.06,19.33
2026-01-22,SKU016,,13.72,future,8.09,19.35
2026-01-23,SKU016,,13.43,future,7.8,19.06
2026-01-24,SKU016,,14.91,future,9.27,20.54
2026-01-25,SKU016,,14.95,future,9.32,20.58
2026-01-26,SKU016,,13.51,future,7.88,19.14
2026-01-27,SKU016,,13.5,future,7.87,19.14
2026-01-28,SKU016,,13.37,future,7.74,19.0
2026-01-29,SKU016,,13.79,future,8.16,19.43
2026-01-30,SKU016,,13.99,future,8.36,19.62
2025-09-03,SKU017,6.0,,history,,
2025-09-04,SKU017,12.0,,history,,
2025-09-05,SKU017,8.0,,history,,
2025-09-06,SKU017,14.0,,history,,
2025-09-07,SKU017,11.0,,history,,
2025-09-08,SKU017,7.0,,history,,
2025-09-09,SKU017,5.0,,history,,
2025-09-10,SKU017,13.0,,history,,
2025-09-11,SKU017,6.0,,history,,
2025-09-12,SKU017,12.0,,history,,
2025-09-13,SKU017,16.0,,history,,
2025-09-14,SKU017,18.0,,history,,
2025-09-15,SKU017,7.0,,history,,
2025-09-16,SKU017,15.0,,history,,
2025-09-17,SKU017,7.0,,history,,
2025-09-18,SKU017,13.0,,history,,
2025-09-19,SKU017,13.0,,history,,
2025-09-20,SKU017,10.0,,history,,
2025-09-21,SKU017,18.0,,history,,
2025-09-22,SKU017,9.0,,history,,
2025-09-23,SKU017,13.0,,history,,
2025-09-24,SKU017,7.0,,history,,
2025-09-25,SKU017,24.0,,history,,
2025-09-26,SKU017,8.0,,history,,
2025-09-27,SKU017,17.0,,history,,
2025-09-28,SKU017,12.0,,history,,
2025-09-29,SKU017,12.0,,history,,
2025-09-30,SKU017,7.0,,history,,
2025-10-01,SKU017,15.0,,history,,
2025-10-02,SKU017,10.0,,history,,
2025-10-03,SKU017,8.0,10.83,backtest,5.3,16.36
2025-10-04,SKU017,10.0,12.71,backtest,7.18,18.24
2025-10-05,SKU017,13.0,12.2,backtest,6.67,17.73
2025-10-06,SKU017,6.0,11.17,backtest,5.64,16.7
2025-10-07,SKU017,12.0,11.09,backtest,5.56,16.62
2025-10-08,SKU017,11.0,11.01,backtest,5.48,16.54
2025-10-09,SKU017,13.0,11.3,backtest,5.77,16.83
2025-10-10,SKU017,8.0,11.27,backtest,5.74,16.8
2025-10-11,SKU017,12.0,12.98,backtest,7.45,18.5
2025-10-12,SKU017,14.0,13.08,backtest,7.55,18.61
2025-10-13,SKU017,8.0,11.2,backtest,5.67,16.73
2025-10-14,SKU017,12.0,11.18,backtest,5.65,16.71
2025-10-15,SKU017,13.0,11.32,backtest,5.79,16.85
2025-10-16,SKU017,14.0,11.25,backtest,5.72,16.78
2025-10-17,SKU017,11.0,11.26,backtest,5.73,16.79
2025-10-18,SKU017,9.0,13.07,backtest,7.54,18.6
2025-10-19,SKU017,17.0,13.0,backtest,7.47,18.53
2025-10-20,SKU017,6.0,11.22,backtest,5.69,16.75
2025-10-21,SKU017,8.0,11.23,backtest,5.7,16.76
2025-10-22,SKU017,10.0,11.36,backtest,5.83,16.89
2025-10-23,SKU017,12.0,11.06,backtest,5.53,16.59
2025-10-24,SKU017,6.0,11.11,backtest,5.58,16.63
2025-10-25,SKU017,12.0,12.3,backtest,6.77,17.83
2025-10-26,SKU017,7.0,12.77,backtest,7.24,18.3
2025-10-27,SKU017,16.0,10.89,backtest,5.36,16.42
2025-10-28,SKU017,11.0,11.08,backtest,5.55,16.61
2025-10-29,SKU017,9.0,10.86,backtest,5.34,16.39
2025-10-30,SKU017,14.0,11.01,backtest,5.48,16.54
2025-10-31,SKU017,10.0,11.12,backtest,5.6,16.65
2025-11-01,SKU017,11.0,15.14,backtest,9.61,20.66
2025-11-02,SKU017,12.0,14.78,backtest,9.25,20.31
2025-11-03,SKU017,12.0,10.95,backtest,5.42,16.48
2025-11-04,SKU017,13.0,11.1,backtest,5.57,16.63
2025-11-05,SKU017,15.0,10.97,backtest,5.44,16.5
2025-11-06,SKU017,12.0,11.04,backtest,5.51,16.57
2025-11-07,SKU017,14.0,11.21,backtest,5.68,16.74
2025-11-08,SKU017,20.0,15.09,backtest,9.56,20.62
2025-11-09,SKU017,17.0,14.94,backtest,9.41,20.47
2025-11-10,SKU017,12.0,10.96,backtest,5.43,16.49
2025-11-11,SKU017,11.0,10.92,backtest,5.39,16.45
2025-11-12,SKU017,8.0,10.95,backtest,5.42,16.48
2025-11-13,SKU017,7.0,10.93,backtest,5.4,16.46
2025-11-14,SKU017,16.0,11.19,backtest,5.66,16.72
2025-11-15,SKU017,14.0,14.96,backtest,9.43,20.49
2025-11-16,SKU017,20.0,14.78,backtest,9.25,20.31
2025-11-17,SKU017,12.0,11.07,backtest,5.54,16.6
2025-11-18,SKU017,10.0,11.15,backtest,5.62,16.68
2025-11-19,SKU017,8.0,10.89,backtest,5.36,16.42
2025-11-20,SKU017,11.0,11.02,backtest,5.5,16.55
2025-11-21,SKU017,10.0,11.14,backtest,5.61,16.67
2025-11-22,SKU017,20.0,15.34,backtest,9.81,20.87
2025-11-23,SKU017,16.0,15.41,backtest,9.88,20.94
2025-11-24,SKU017,11.0,11.06,backtest,5.53,16.59
2025-11-25,SKU017,7.0,11.04,backtest,5.51,16.57
2025-11-26,SKU017,9.0,11.06,backtest,5.53,16.59
2025-11-27,SKU017,17.0,11.1,backtest,5.57,16.63
2025-11-28,SKU017,11.0,10.84,backtest,5.31,16.37
2025-11-29,SKU017,19.0,15.31,backtest,9.79,20.84
2025-11-30,SKU017,16.0,14.96,backtest,9.43,20.49
2025-12-01,SKU017,18.0,11.26,backtest,5.73,16.79
2025-12-02,SKU017,16.0,11.8,backtest,6.27,17.33
2025-12-03,SKU017,12.0,12.29,backtest,6.76,17.82
2025-12-04,SKU017,19.0,12.21,backtest,6.68,17.74
2025-12-05,SKU017,14.0,12.08,backtest,6.55,17.61
2025-12-06,SKU017,16.0,14.32,backtest,8.79,19.85
2025-12-07,SKU017,10.0,14.12,backtest,8.59,19.65
2025-12-08,SKU017,23.0,12.39,backtest,6.86,17.92
2025-12-09,SKU017,11.0,12.22,backtest,6.69,17.75
2025-12-10,SKU017,8.0,12.47,backtest,6.94,18.0
2025-12-11,SKU017,11.0,12.46,backtest,6.93,17.99
2025-12-12,SKU017,16.0,12.37,backtest,6.84,17.9
2025-12-13,SKU017,11.0,14.11,backtest,8.58,19.63
2025-12-14,SKU017,16.0,13.91,backtest,8.38,19.44
2025-12-15,SKU017,6.0,12.15,backtest,6.62,17.68
2025-12-16,SKU017,10.0,12.24,backtest,6.71,17.77
2025-12-17,SKU017,14.0,12.37,backtest,6.84,17.9
2025-12-18,SKU017,11.0,12.32,backtest,6.79,17.85
2025-12-19,SKU017,9.0,12.39,backtest,6.86,17.92
2025-12-20,SKU017,14.0,13.9,backtest,8.37,19.43
2025-12-21,SKU017,17.0,13.78,backtest,8.25,19.31
2025-12-22,SKU017,15.0,12.17,backtest,6.64,17.7
2025-12-23,SKU017,10.0,12.33,backtest,6.8,17.86
2025-12-24,SKU017,11.0,12.36,backtest,6.83,17.89
2025-12-25,SKU017,14.0,12.3,backtest,6.77,17.82
2025-12-26,SKU017,14.0,12.51,backtest,6.98,18.04
2025-12-27,SKU017,13.0,14.2,backtest,8.67,19.73
2025-12-28,SKU017,21.0,14.14,backtest,8.61,19.67
2025-12-29,SKU017,16.0,12.5,backtest,6.97,18.03
2025-12-30,SKU017,15.0,12.4,backtest,6.87,17.93
2025-12-31,SKU017,6.0,12.37,backtest,6.84,17.9
2026-01-01,SKU017,,13.17,future,7.64,18.7
2026-01-02,SKU017,,13.29,future,7.76,18.82
2026-01-03,SKU017,,14.54,future,9.01,20.07
2026-01-04,SKU017,,14.87,future,9.34,20.39
2026-01-05,SKU017,,13.52,future,7.99,19.05
2026-01-06,SKU017,,12.81,future,7.29,18.34
2026-01-07,SKU017,,12.57,future,7.04,18.1
2026-01-08,SKU017,,13.4,future,7.88,18.93
2026-01-09,SKU017,,13.33,future,7.81,18.86
2026-01-10,SKU017,,14.89,future,9.36,20.42
2026-01-11,SKU017,,14.57,future,9.04,20.1
2026-01-12,SKU017,,13.39,future,7.86,18.91
2026-01-13,SKU017,,12.99,future,7.46,18.52
2026-01-14,SKU017,,12.9,future,7.37,18.43
2026-01-15,SKU017,,13.04,future,7.51,18.57
2026-01-16,SKU017,,13.24,future,7.71,18.77
2026-01-17,SKU017,,14.93,future,9.41,20.46
2026-01-18,SKU017,,14.87,future,9.34,20.4
2026-01-19,SKU017,,12.98,future,7.45,18.51
2026-01-20,SKU017,,12.91,future,7.39,18.44
2026-01-21,SKU017,,13.06,future,7.53,18.59
2026-01-22,SKU017,,13.33,future,7.8,18.86
2026-01-23,SKU017,,13.42,future,7.89,18.95
2026-01-24,SKU017,,14.89,future,9.36,20.42
2026-01-25,SKU017,,14.81,future,9.29,20.34
2026-01-26,SKU017,,12.65,future,7.12,18.18
2026-01-27,SKU017,,12.56,future,7.03,18.09
2026-01-28,SKU017,,12.86,future,7.33,18.39
2026-01-29,SKU017,,13.0,future,7.47,18.53
2026-01-30,SKU017,,13.35,future,7.82,18.88
2025-09-03,SKU018,20.0,,history,,
2025-09-04,SKU018,19.0,,history,,
2025-09-05,SKU018,16.0,,history,,
2025-09-06,SKU018,15.0,,history,,
2025-09-07,SKU018,35.0,,history,,
2025-09-08,SKU018,21.0,,history,,
2025-09-09,SKU018,15.0,,history,,
2025-09-10,SKU018,21.0,,history,,
2025-09-11,SKU018,24.0,,history,,
2025-09-12,SKU018,12.0,,history,,
2025-09-13,SKU018,31.0,,history,,
2025-09-14,SKU018,31.0,,history,,
2025-09-15,SKU018,22.0,,history,,
2025-09-16,SKU018,24.0,,history,,
2025-09-17,SKU018,23.0,,history,,
2025-09-18,SKU018,12.0,,history,,
2025-09-19,SKU018,13.0,,history,,
2025-09-20,SKU018,28.0,,history,,
2025-09-21,SKU018,26.0,,history,,
2025-09-22,SKU018,21.0,,history,,
2025-09-23,SKU018,16.0,,history,,
2025-09-24,SKU018,19.0,,history,,
2025-09-25,SKU018,23.0,,history,,
2025-09-26,SKU018,23.0,,history,,
2025-09-27,SKU018,25.0,,history,,
2025-09-28,SKU018,19.0,,history,,
2025-09-29,SKU018,19.0,,history,,
2025-09-30,SKU018,14.0,,history,,
2025-10-01,SKU018,19.0,,history,,
2025-10-02,SKU018,19.0,,history,,
2025-10-03,SKU018,18.0,19.95,backtest,12.61,27.3
2025-10-04,SKU018,26.0,23.51,backtest,16.17,30.86
2025-10-05,SKU018,23.0,24.51,backtest,17.17,31.86
2025-10-06,SKU018,17.0,20.16,backtest,12.82,27.51
2025-10-07,SKU018,20.0,20.07,backtest,12.73,27.42
2025-10-08,SKU018,29.0,20.12,backtest,12.77,27.46
2025-10-09,SKU018,28.0,20.01,backtest,12.67,27.36
2025-10-10,SKU018,16.0,19.21,backtest,11.86,26.56
2025-10-11,SKU018,24.0,23.65,backtest,16.3,31.0
2025-10-12,SKU018,20.0,22.42,backtest,15.08,29.77
2025-10-13,SKU018,25.0,18.97,backtest,11.63,26.32
2025-10-14,SKU018,20.0,18.9,backtest,11.55,26.25
2025-10-15,SKU018,19.0,18.65,backtest,11.31,26.0
2025-10-16,SKU018,16.0,18.82,backtest,11.47,26.16
2025-10-17,SKU018,13.0,19.8,backtest,12.45,27.15
2025-10-18,SKU018,26.0,23.3,backtest,15.96,30.65
2025-10-19,SKU018,22.0,23.76,backtest,16.42,31.11
2025-10-20,SKU018,25.0,20.25,backtest,12.91,27.6
2025-10-21,SKU018,22.0,20.08,backtest,12.74,27.43
2025-10-22,SKU018,14.0,20.29,backtest,12.94,27.63
2025-10-23,SKU018,15.0,20.48,backtest,13.13,27.83
2025-10-24,SKU018,21.0,20.25,backtest,12.91,27.6
2025-10-25,SKU018,18.0,23.45,backtest,16.1,30.79
2025-10-26,SKU018,20.0,22.62,backtest,15.27,29.96
2025-10-27,SKU018,23.0,20.06,backtest,12.72,27.41
2025-10-28,SKU018,15.0,20.11,backtest,12.77,27.46
2025-10-29,SKU018,17.0,20.4,backtest,13.05,27.75
2025-10-30,SKU018,23.0,20.96,backtest,13.61,28.31
2025-10-31,SKU018,21.0,21.06,backtest,13.71,28.4
2025-11-01,SKU018,30.0,28.84,backtest,21.49,36.18
2025-11-02,SKU018,37.0,27.81,backtest,20.46,35.16
2025-11-03,SKU018,16.0,20.64,backtest,13.29,27.98
2025-11-04,SKU018,24.0,20.97,backtest,13.62,28.32
2025-11-05,SKU018,19.0,21.16,backtest,13.82,28.51
2025-11-06,SKU018,20.0,20.05,backtest,12.7,27.4
2025-11-07,SKU018,22.0,20.07,backtest,12.72,27.41
2025-11-08,SKU018,21.0,27.74,backtest,20.39,35.09
2025-11-09,SKU018,35.0,28.5,backtest,21.15,35.85
2025-11-10,SKU018,17.0,20.86,backtest,13.52,28.21
2025-11-11,SKU018,24.0,20.65,backtest,13.31,28.0
2025-11-12,SKU018,22.0,20.59,backtest,13.24,27.94
2025-11-13,SKU018,17.0,21.23,backtest,13.88,28.58
2025-11-14,SKU018,13.0,20.9,backtest,13.55,28.24
2025-11-15,SKU018,19.0,28.99,backtest,21.64,36.33
2025-11-16,SKU018,30.0,28.31,backtest,20.96,35.66
2025-11-17,SKU018,20.0,20.66,backtest,13.31,28.01
2025-11-18,SKU018,21.0,20.89,backtest,13.55,28.24
2025-11-19,SKU018,16.0,20.45,backtest,13.1,27.8
2025-11-20,SKU018,25.0,20.42,backtest,13.07,27.76
2025-11-21,SKU018,18.0,20.51,backtest,13.16,27.86
2025-11-22,SKU018,27.0,27.73,backtest,20.38,35.08
2025-11-23,SKU018,23.0,28.7,backtest,21.35,36.05
2025-11-24,SKU018,18.0,20.53,backtest,13.19,27.88
2025-11-25,SKU018,18.0,20.82,backtest,13.47,28.16
2025-11-26,SKU018,26.0,20.32,backtest,12.97,27.67
2025-11-27,SKU018,19.0,20.36,backtest,13.02,27.71
2025-11-28,SKU018,26.0,20.29,backtest,12.94,27.63
2025-11-29,SKU018,19.0,28.12,backtest,20.77,35.46
2025-11-30,SKU018,26.0,28.92,backtest,21.57,36.26
2025-12-01,SKU018,29.0,21.34,backtest,13.99,28.68
2025-12-02,SKU018,22.0,20.31,backtest,12.96,27.66
2025-12-03,SKU018,20.0,20.35,backtest,13.01,27.7
2025-12-04,SKU018,22.0,22.0,backtest,14.65,29.35
2025-12-05,SKU018,13.0,21.07,backtest,13.72,28.41
2025-12-06,SKU018,22.0,25.2,backtest,17.86,32.55
2025-12-07,SKU018,30.0,25.71,backtest,18.36,33.06
2025-12-08,SKU018,18.0,22.42,backtest,15.07,29.76
2025-12-09,SKU018,22.0,22.65,backtest,15.3,29.99
2025-12-10,SKU018,27.0,23.64,backtest,16.3,30.99
2025-12-11,SKU018,27.0,22.09,backtest,14.75,29.44
2025-12-12,SKU018,27.0,21.72,backtest,14.38,29.07
2025-12-13,SKU018,23.0,25.21,backtest,17.86,32.55
2025-12-14,SKU018,18.0,26.21,backtest,18.87,33.56
2025-12-15,SKU018,20.0,22.62,backtest,15.27,29.97
2025-12-16,SKU018,30.0,22.76,backtest,15.41,30.11
2025-12-17,SKU018,21.0,22.57,backtest,15.23,29.92
2025-12-18,SKU018,24.0,21.74,backtest,14.39,29.09
2025-12-19,SKU018,19.0,22.19,backtest,14.84,29.53
2025-12-20,SKU018,24.0,25.04,backtest,17.7,32.39
2025-12-21,SKU018,22.0,25.71,backtest,18.37,33.06
2025-12-22,SKU018,26.0,21.91,backtest,14.56,29.26
2025-12-23,SKU018,28.0,22.32,backtest,14.98,29.67
2025-12-24,SKU018,19.0,22.38,backtest,15.03,29.73
2025-12-25,SKU018,21.0,22.3,backtest,14.95,29.64
2025-12-26,SKU018,19.0,21.9,backtest,14.56,29.25
2025-12-27,SKU018,20.0,25.55,backtest,18.2,32.89
2025-12-28,SKU018,28.0,25.58,backtest,18.23,32.93
2025-12-29,SKU018,21.0,22.58,backtest,15.23,29.93
2025-12-30,SKU018,11.0,22.75,backtest,15.41,30.1
2025-12-31,SKU018,26.0,22.74,backtest,15.39,30.08
2026-01-01,SKU018,,23.2,future,15.85,30.54
2026-01-02,SKU018,,23.67,future,16.32,31.01
2026-01-03,SKU018,,27.0,future,19.66,34.35
2026-01-04,SKU018,,27.78,future,20.43,35.13
2026-01-05,SKU018,,22.5,future,15.15,29.84
2026-01-06,SKU018,,22.38,future,15.04,29.73
2026-01-07,SKU018,,23.61,future,16.26,30.96
2026-01-08,SKU018,,23.4,future,16.05,30.74
2026-01-09,SKU018,,23.38,future,16.03,30.72
2026-01-10,SKU018,,26.3,future,18.95,33.65
2026-01-11,SKU018,,27.23,future,19.89,34.58
2026-01-12,SKU018,,21.65,future,14.3,28.99
2026-01-13,SKU018,,22.35,future,15.0,29.7
2026-01-14,SKU018,,22.74,future,15.4,30.09
2026-01-15,SKU018,,22.99,future,15.64,30.34
2026-01-16,SKU018,,23.19,future,15.84,30.53
2026-01-17,SKU018,,26.68,future,19.33,34.02
2026-01-18,SKU018,,26.93,future,19.58,34.28
2026-01-19,SKU018,,23.26,future,15.92,30.61
2026-01-20,SKU018,,23.12,future,15.77,30.47
2026-01-21,SKU018,,23.02,future,15.67,30.37
2026-01-22,SKU018,,23.36,future,16.01,30.7
2026-01-23,SKU018,,23.8,future,16.45,31.14
2026-01-24,SKU018,,27.37,future,20.02,34.72
2026-01-25,SKU018,,27.9,future,20.55,35.24
2026-01-26,SKU018,,22.56,future,15.22,29.91
2026-01-27,SKU018,,23.71,future,16.37,31.06
2026-01-28,SKU018,,22.74,future,15.4,30.09
2026-01-29,SKU018,,22.79,future,15.45,30.14
2026-01-30,SKU018,,23.15,future,15.8,30.5
2025-09-03,SKU019,19.0,,history,,
2025-09-04,SKU019,16.0,,history,,
2025-09-05,SKU019,14.0,,history,,
2025-09-06,SKU019,17.0,,history,,
2025-09-07,SKU019,18.0,,history,,
2025-09-08,SKU019,10.0,,history,,
2025-09-09,SKU019,9.0,,history,,
2025-09-10,SKU019,8.0,,history,,
2025-09-11,SKU019,8.0,,history,,
2025-09-12,SKU019,12.0,,history,,
2025-09-13,SKU019,15.0,,history,,
2025-09-14,SKU019,14.0,,history,,
2025-09-15,SKU019,12.0,,history,,
2025-09-16,SKU019,10.0,,history,,
2025-09-17,SKU019,9.0,,history,,
2025-09-18,SKU019,9.0,,history,,
2025-09-19,SKU019,13.0,,history,,
2025-09-20,SKU019,26.0,,history,,
2025-09-21,SKU019,21.0,,history,,
2025-09-22,SKU019,12.0,,history,,
2025-09-23,SKU019,12.0,,history,,
2025-09-24,SKU019,11.0,,history,,
2025-09-25,SKU019,12.0,,history,,
2025-09-26,SKU019,18.0,,history,,
2025-09-27,SKU019,19.0,,history,,
2025-09-28,SKU019,21.0,,history,,
2025-09-29,SKU019,13.0,,history,,
2025-09-30,SKU019,8.0,,history,,
2025-10-01,SKU019,16.0,,history,,
2025-10-02,SKU019,9.0,,history,,
2025-10-03,SKU019,14.0,11.5,backtest,5.55,17.46
2025-10-04,SKU019,16.0,14.21,backtest,8.25,20.16
2025-10-05,SKU019,7.0,14.19,backtest,8.24,20.15
2025-10-06,SKU019,11.0,11.78,backtest,5.82,17.73
2025-10-07,SKU019,16.0,12.14,backtest,6.18,18.09
2025-10-08,SKU019,10.0,11.81,backtest,5.86,17.77
2025-10-09,SKU019,18.0,12.15,backtest,6.19,18.1
2025-10-10,SKU019,11.0,11.95,backtest,5.99,17.9
2025-10-11,SKU019,10.0,14.23,backtest,8.28,20.19
2025-10-12,SKU019,16.0,14.3,backtest,8.35,20.26
2025-10-13,SKU019,8.0,11.92,backtest,5.97,17.88
2025-10-14,SKU019,10.0,11.96,backtest,6.01,17.92
2025-10-15,SKU019,13.0,12.05,backtest,6.09,18.0
2025-10-16,SKU019,14.0,12.17,backtest,6.22,18.13
2025-10-17,SKU019,13.0,12.56,backtest,6.61,18.52
2025-10-18,SKU019,23.0,14.5,backtest,8.54,20.45
2025-10-19,SKU019,15.0,14.64,backtest,8.68,20.59
2025-10-20,SKU019,9.0,12.04,backtest,6.09,18.0
2025-10-21,SKU019,16.0,12.16,backtest,6.2,18.11
2025-10-22,SKU019,11.0,12.2,backtest,6.24,18.15
2025-10-23,SKU019,10.0,12.3,backtest,6.35,18.26
2025-10-24,SKU019,11.0,12.35,backtest,6.4,18.31
2025-10-25,SKU019,12.0,14.79,backtest,8.83,20.74
2025-10-26,SKU019,15.0,14.85,backtest,8.9,20.81
2025-10-27,SKU019,7.0,11.87,backtest,5.92,17.83
2025-10-28,SKU019,14.0,11.95,backtest,5.99,17.9
2025-10-29,SKU019,18.0,11.77,backtest,5.82,17.73
2025-10-30,SKU019,7.0,12.02,backtest,6.07,17.98
2025-10-31,SKU019,12.0,12.33,backtest,6.38,18.29
2025-11-01,SKU019,14.0,18.61,backtest,12.66,24.57
2025-11-02,SKU019,19.0,18.29,backtest,12.34,24.25
2025-11-03,SKU019,16.0,12.33,backtest,6.38,18.29
2025-11-04,SKU019,22.0,12.52,backtest,6.57,18.48
2025-11-05,SKU019,14.0,12.43,backtest,6.48,18.39
2025-11-06,SKU019,6.0,12.58,backtest,6.63,18.54
2025-11-07,SKU019,10.0,12.48,backtest,6.52,18.43
2025-11-08,SKU019,17.0,18.63,backtest,12.67,24.58
2025-11-09,SKU019,18.0,18.61,backtest,12.65,24.56
2025-11-10,SKU019,10.0,12.49,backtest,6.53,18.44
2025-11-11,SKU019,15.0,12.68,backtest,6.73,18.64
2025-11-12,SKU019,18.0,12.76,backtest,6.8,18.71
2025-11-13,SKU019,14.0,12.53,backtest,6.57,18.48
2025-11-14,SKU019,14.0,13.26,backtest,7.31,19.22
2025-11-15,SKU019,21.0,19.09,backtest,13.13,25.04
2025-11-16,SKU019,20.0,19.21,backtest,13.26,25.17
2025-11-17,SKU019,14.0,13.23,backtest,7.28,19.19
2025-11-18,SKU019,10.0,12.91,backtest,6.96,18.87
2025-11-19,SKU019,13.0,13.18,backtest,7.23,19.14
2025-11-20,SKU019,16.0,13.22,backtest,7.26,19.17
2025-11-21,SKU019,18.0,13.37,backtest,7.41,19.32
2025-11-22,SKU019,20.0,19.33,backtest,13.37,25.28
2025-11-23,SKU019,19.0,19.11,backtest,13.16,25.07
2025-11-24,SKU019,17.0,13.14,backtest,7.19,19.1
2025-11-25,SKU019,9.0,12.89,backtest,6.94,18.85
2025-11-26,SKU019,9.0,12.76,backtest,6.8,18.71
2025-11-27,SKU019,12.0,13.12,backtest,7.16,19.07
2025-11-28,SKU019,9.0,13.1,backtest,7.15,19.06
2025-11-29,SKU019,16.0,18.82,backtest,12.86,24.77
2025-11-30,SKU019,16.0,18.82,backtest,12.86,24.77
2025-12-01,SKU019,13.0,13.73,backtest,7.78,19.69
2025-12-02,SKU019,9.0,13.54,backtest,7.58,19.49
2025-12-03,SKU019,21.0,13.32,backtest,7.36,19.27
2025-12-04,SKU019,10.0,13.28,backtest,7.33,19.24
2025-12-05,SKU019,19.0,13.21,backtest,7.25,19.16
2025-12-06,SKU019,12.0,16.0,backtest,10.05,21.96
2025-12-07,SKU019,19.0,16.0,backtest,10.05,21.96
2025-12-08,SKU019,8.0,13.72,backtest,7.76,19.67
2025-12-09,SKU019,10.0,13.81,backtest,7.86,19.77
2025-12-10,SKU019,14.0,13.77,backtest,7.81,19.72
2025-12-11,SKU019,20.0,13.37,backtest,7.42,19.33
2025-12-12,SKU019,17.0,13.32,backtest,7.36,19.27
2025-12-13,SKU019,9.0,15.26,backtest,9.3,21.21
2025-12-14,SKU019,18.0,15.13,backtest,9.17,21.08
2025-12-15,SKU019,16.0,13.44,backtest,7.48,19.39
2025-12-16,SKU019,17.0,13.56,backtest,7.6,19.51
2025-12-17,SKU019,15.0,13.47,backtest,7.51,19.42
2025-12-18,SKU019,14.0,13.19,backtest,7.23,19.14
2025-12-19,SKU019,15.0,13.56,backtest,7.6,19.51
2025-12-20,SKU019,17.0,15.37,backtest,9.42,21.33
2025-12-21,SKU019,13.0,15.64,backtest,9.69,21.6
2025-12-22,SKU019,13.0,13.19,backtest,7.23,19.14
2025-12-23,SKU019,21.0,13.28,backtest,7.32,19.23
2025-12-24,SKU019,12.0,13.34,backtest,7.38,19.29
2025-12-25,SKU019,13.0,13.39,backtest,7.43,19.34
2025-12-26,SKU019,16.0,13.59,backtest,7.63,19.54
2025-12-27,SKU019,11.0,15.52,backtest,9.56,21.47
2025-12-28,SKU019,18.0,15.73,backtest,9.78,21.69
2025-12-29,SKU019,17.0,13.95,backtest,7.99,19.9
2025-12-30,SKU019,9.0,13.88,backtest,7.92,19.83
2025-12-31,SKU019,14.0,14.04,backtest,8.09,20.0
2026-01-01,SKU019,,15.44,future,9.48,21.39
2026-01-02,SKU019,,15.38,future,9.43,21.34
2026-01-03,SKU019,,17.2,future,11.25,23.16
2026-01-04,SKU019,,17.42,future,11.47,23.38
2026-01-05,SKU019,,15.11,future,9.16,21.07
2026-01-06,SKU019,,15.21,future,9.26,21.17
2026-01-07,SKU019,,16.06,future,10.1,22.01
2026-01-08,SKU019,,16.12,future,10.17,22.08
2026-01-09,SKU019,,15.85,future,9.9,21.81
2026-01-10,SKU019,,18.33,future,12.38,24.29
2026-01-11,SKU019,,17.99,future,12.03,23.94
2026-01-12,SKU019,,15.83,future,9.87,21.78
2026-01-13,SKU019,,15.73,future,9.77,21.68
2026-01-14,SKU019,,15.83,future,9.87,21.78
2026-01-15,SKU019,,15.89,future,9.94,21.85
2026-01-16,SKU019,,15.95,future,9.99,21.9
2026-01-17,SKU019,,17.92,future,11.97,23.88
2026-01-18,SKU019,,17.92,future,11.97,23.88
2026-01-19,SKU019,,15.84,future,9.89,21.8
2026-01-20,SKU019,,15.93,future,9.98,21.89
2026-01-21,SKU019,,16.02,future,10.06,21.97
2026-01-22,SKU019,,15.94,future,9.98,21.89
2026-01-23,SKU019,,16.09,future,10.14,22.05
2026-01-24,SKU019,,18.21,future,12.26,24.17
2026-01-25,SKU019,,17.94,future,11.98,23.89
2026-01-26,SKU019,,15.76,future,9.81,21.72
2026-01-27,SKU019,,16.5,future,10.55,22.46
2026-01-28,SKU019,,16.18,future,10.23,22.14
2026-01-29,SKU019,,16.04,future,10.09,22.0
2026-01-30,SKU019,,16.14,future,10.18,22.09
2025-09-03,SKU020,8.0,,history,,
2025-09-04,SKU020,11.0,,history,,
2025-09-05,SKU020,13.0,,history,,
2025-09-06,SKU020,21.0,,history,,
2025-09-07,SKU020,15.0,,history,,
2025-09-08,SKU020,10.0,,history,,
2025-09-09,SKU020,11.0,,history,,
2025-09-10,SKU020,13.0,,history,,
2025-09-11,SKU020,10.0,,history,,
2025-09-12,SKU020,8.0,,history,,
2025-09-13,SKU020,23.0,,history,,
2025-09-14,SKU020,16.0,,history,,
2025-09-15,SKU020,8.0,,history,,
2025-09-16,SKU020,10.0,,history,,
2025-09-17,SKU020,10.0,,history,,
2025-09-18,SKU020,9.0,,history,,
2025-09-19,SKU020,9.0,,history,,
2025-09-20,SKU020,20.0,,history,,
2025-09-21,SKU020,13.0,,history,,
2025-09-22,SKU020,13.0,,history,,
2025-09-23,SKU020,9.0,,history,,
2025-09-24,SKU020,7.0,,history,,
2025-09-25,SKU020,14.0,,history,,
2025-09-26,SKU020,12.0,,history,,
2025-09-27,SKU020,16.0,,history,,
2025-09-28,SKU020,15.0,,history,,
2025-09-29,SKU020,13.0,,history,,
2025-09-30,SKU020,8.0,,history,,
2025-10-01,SKU020,10.0,,history,,
2025-10-02,SKU020,4.0,,history,,
2025-10-03,SKU020,13.0,10.72,backtest,5.12,16.32
2025-10-04,SKU020,13.0,12.71,backtest,7.11,18.31
2025-10-05,SKU020,14.0,12.19,backtest,6.59,17.79
2025-10-06,SKU020,14.0,10.06,backtest,4.46,15.66
2025-10-07,SKU020,10.0,9.99,backtest,4.39,15.59
2025-10-08,SKU020,15.0,10.26,backtest,4.66,15.86
2025-10-09,SKU020,12.0,10.12,backtest,4.52,15.72
2025-10-10,SKU020,17.0,10.58,backtest,4.98,16.18
2025-10-11,SKU020,20.0,11.52,backtest,5.92,17.12
2025-10-12,SKU020,19.0,12.26,backtest,6.66,17.86
2025-10-13,SKU020,12.0,10.46,backtest,4.86,16.06
2025-10-14,SKU020,9.0,10.4,backtest,4.8,16.0
2025-10-15,SKU020,11.0,10.39,backtest,4.79,15.99
2025-10-16,SKU020,8.0,10.75,backtest,5.15,16.35
2025-10-17,SKU020,10.0,10.64,backtest,5.03,16.24
2025-10-18,SKU020,13.0,12.3,backtest,6.7,17.9
2025-10-19,SKU020,11.0,12.75,backtest,7.15,18.35
2025-10-20,SKU020,9.0,10.51,backtest,4.9,16.11
2025-10-21,SKU020,10.0,10.54,backtest,4.94,16.14
2025-10-22,SKU020,17.0,10.64,backtest,5.04,16.24
2025-10-23,SKU020,14.0,10.8,backtest,5.2,16.4
2025-10-24,SKU020,12.0,10.84,backtest,5.24,16.44
2025-10-25,SKU020,13.0,12.6,backtest,6.99,18.2
2025-10-26,SKU020,13.0,12.7,backtest,7.09,18.3
2025-10-27,SKU020,19.0,10.7,backtest,5.1,16.3
2025-10-28,SKU020,7.0,10.16,backtest,4.56,15.76
2025-10-29,SKU020,12.0,10.55,backtest,4.95,16.15
2025-10-30,SKU020,12.0,10.7,backtest,5.1,16.3
2025-10-31,SKU020,15.0,10.9,backtest,5.3,16.5
2025-11-01,SKU020,19.0,15.27,backtest,9.67,20.87
2025-11-02,SKU020,17.0,16.3,backtest,10.7,21.9
2025-11-03,SKU020,8.0,11.43,backtest,5.83,17.04
2025-11-04,SKU020,5.0,11.31,backtest,5.71,16.91
2025-11-05,SKU020,8.0,11.44,backtest,5.84,17.04
2025-11-06,SKU020,15.0,11.61,backtest,6.01,17.21
2025-11-07,SKU020,10.0,11.68,backtest,6.08,17.28
2025-11-08,SKU020,16.0,16.31,backtest,10.71,21.91
2025-11-09,SKU020,16.0,16.03,backtest,10.43,21.63
2025-11-10,SKU020,13.0,10.91,backtest,5.31,16.51
2025-11-11,SKU020,12.0,11.01,backtest,5.4,16.61
2025-11-12,SKU020,15.0,10.96,backtest,5.36,16.56
2025-11-13,SKU020,11.0,11.09,backtest,5.49,16.69
2025-11-14,SKU020,7.0,11.27,backtest,5.66,16.87
2025-11-15,SKU020,18.0,15.82,backtest,10.21,21.42
2025-11-16,SKU020,16.0,16.25,backtest,10.65,21.85
2025-11-17,SKU020,13.0,11.54,backtest,5.94,17.14
2025-11-18,SKU020,12.0,11.36,backtest,5.76,16.96
2025-11-19,SKU020,9.0,11.49,backtest,5.89,17.09
2025-11-20,SKU020,9.0,11.64,backtest,6.04,17.24
2025-11-21,SKU020,8.0,11.69,backtest,6.09,17.29
2025-11-22,SKU020,9.0,16.07,backtest,10.47,21.67
2025-11-23,SKU020,21.0,16.16,backtest,10.56,21.76
2025-11-24,SKU020,12.0,11.16,backtest,5.56,16.76
2025-11-25,SKU020,15.0,10.94,backtest,5.34,16.54
2025-11-26,SKU020,15.0,11.4,backtest,5.8,17.0
2025-11-27,SKU020,14.0,11.44,backtest,5.83,17.04
2025-11-28,SKU020,5.0,11.42,backtest,5.82,17.02
2025-11-29,SKU020,19.0,15.73,backtest,10.13,21.33
2025-11-30,SKU020,17.0,15.52,backtest,9.92,21.12
2025-12-01,SKU020,10.0,11.12,backtest,5.52,16.72
2025-12-02,SKU020,12.0,11.2,backtest,5.6,16.8
2025-12-03,SKU020,17.0,11.49,backtest,5.89,17.09
2025-12-04,SKU020,15.0,11.4,backtest,5.8,17.0
2025-12-05,SKU020,10.0,11.4,backtest,5.8,17.0
2025-12-06,SKU020,12.0,14.38,backtest,8.78,19.98
2025-12-07,SKU020,9.0,14.32,backtest,8.72,19.92
2025-12-08,SKU020,13.0,11.55,backtest,5.94,17.15
2025-12-09,SKU020,12.0,11.52,backtest,5.92,17.12
2025-12-10,SKU020,6.0,11.59,backtest,5.99,17.2
2025-12-11,SKU020,13.0,11.6,backtest,6.0,17.2
2025-12-12,SKU020,11.0,12.01,backtest,6.41,17.61
2025-12-13,SKU020,14.0,13.93,backtest,8.32,19.53
2025-12-14,SKU020,13.0,13.65,backtest,8.05,19.25
2025-12-15,SKU020,10.0,11.55,backtest,5.95,17.15
2025-12-16,SKU020,3.0,11.63,backtest,6.03,17.23
2025-12-17,SKU020,14.0,11.8,backtest,6.2,17.4
2025-12-18,SKU020,6.0,11.73,backtest,6.13,17.33
2025-12-19,SKU020,13.0,11.89,backtest,6.29,17.49
2025-12-20,SKU020,14.0,13.88,backtest,8.28,19.48
2025-12-21,SKU020,14.0,14.12,backtest,8.52,19.72
2025-12-22,SKU020,14.0,11.82,backtest,6.22,17.42
2025-12-23,SKU020,17.0,11.77,backtest,6.17,17.37
2025-12-24,SKU020,12.0,11.89,backtest,6.29,17.49
2025-12-25,SKU020,14.0,11.79,backtest,6.19,17.39
2025-12-26,SKU020,18.0,11.95,backtest,6.35,17.55
2025-12-27,SKU020,13.0,14.11,backtest,8.51,19.71
2025-12-28,SKU020,11.0,14.12,backtest,8.52,19.72
2025-12-29,SKU020,15.0,11.93,backtest,6.33,17.53
2025-12-30,SKU020,11.0,11.93,backtest,6.33,17.53
2025-12-31,SKU020,17.0,11.96,backtest,6.36,17.56
2026-01-01,SKU020,,12.61,future,7.01,18.21
2026-01-02,SKU020,,13.13,future,7.52,18.73
2026-01-03,SKU020,,14.54,future,8.94,20.14
2026-01-04,SKU020,,14.51,future,8.91,20.11
2026-01-05,SKU020,,12.44,future,6.84,18.04
2026-01-06,SKU020,,12.49,future,6.89,18.09
2026-01-07,SKU020,,12.77,future,7.17,18.37
2026-01-08,SKU020,,12.75,future,7.15,18.35
2026-01-09,SKU020,,12.55,future,6.95,18.15
2026-01-10,SKU020,,14.43,future,8.83,20.03
2026-01-11,SKU020,,14.46,future,8.86,20.06
2026-01-12,SKU020,,12.83,future,7.23,18.43
2026-01-13,SKU020,,12.98,future,7.38,18.58
2026-01-14,SKU020,,12.52,future,6.92,18.12
2026-01-15,SKU020,,13.29,future,7.69,18.89
2026-01-16,SKU020,,13.39,future,7.79,18.99
2026-01-17,SKU020,,14.73,future,9.13,20.33
2026-01-18,SKU020,,14.69,future,9.08,20.29
2026-01-19,SKU020,,13.26,future,7.66,18.86
2026-01-20,SKU020,,13.0,future,7.4,18.6
2026-01-21,SKU020,,12.91,future,7.31,18.51
2026-01-22,SKU020,,13.2,future,7.59,18.8
2026-01-23,SKU020,,13.33,future,7.73,18.94
2026-01-24,SKU020,,14.67,future,9.07,20.27
2026-01-25,SKU020,,14.78,future,9.18,20.39
2026-01-26,SKU020,,12.85,future,7.24,18.45
2026-01-27,SKU020,,12.9,future,7.3,18.5
2026-01-28,SKU020,,12.86,future,7.26,18.46
2026-01-29,SKU020,,13.18,future,7.58,18.78
2026-01-30,SKU020,,13.42,future,7.82,19.02
2025-09-03,SKU021,4.0,,history,,
2025-09-04,SKU021,5.0,,history,,
2025-09-05,SKU021,10.0,,history,,
2025-09-06,SKU021,4.0,,history,,
2025-09-07,SKU021,11.0,,history,,
2025-09-08,SKU021,4.0,,history,,
2025-09-09,SKU021,10.0,,history,,
2025-09-10,SKU021,9.0,,history,,
2025-09-11,SKU021,4.0,,history,,
2025-09-12,SKU021,9.0,,history,,
2025-09-13,SKU021,12.0,,history,,
2025-09-14,SKU021,7.0,,history,,
2025-09-15,SKU021,8.0,,history,,
2025-09-16,SKU021,8.0,,history,,
2025-09-17,SKU021,4.0,,history,,
2025-09-18,SKU021,6.0,,history,,
2025-09-19,SKU021,7.0,,history,,
2025-09-20,SKU021,10.0,,history,,
2025-09-21,SKU021,12.0,,history,,
2025-09-22,SKU021,5.0,,history,,
2025-09-23,SKU021,2.0,,history,,
2025-09-24,SKU021,5.0,,history,,
2025-09-25,SKU021,7.0,,history,,
2025-09-26,SKU021,14.0,,history,,
2025-09-27,SKU021,11.0,,history,,
2025-09-28,SKU021,9.0,,history,,
2025-09-29,SKU021,6.0,,history,,
2025-09-30,SKU021,4.0,,history,,
2025-10-01,SKU021,5.0,,history,,
2025-10-02,SKU021,7.0,,history,,
2025-10-03,SKU021,3.0,6.75,backtest,2.14,11.36
2025-10-04,SKU021,4.0,7.61,backtest,3.0,12.21
2025-10-05,SKU021,6.0,7.39,backtest,2.78,11.99
2025-10-06,SKU021,11.0,6.88,backtest,2.27,11.49
2025-10-07,SKU021,3.0,6.68,backtest,2.07,11.29
2025-10-08,SKU021,4.0,6.88,backtest,2.27,11.49
2025-10-09,SKU021,5.0,6.91,backtest,2.3,11.52
2025-10-10,SKU021,10.0,6.88,backtest,2.27,11.48
2025-10-11,SKU021,6.0,7.43,backtest,2.82,12.04
2025-10-12,SKU021,9.0,7.43,backtest,2.82,12.04
2025-10-13,SKU021,12.0,6.94,backtest,2.34,11.55
2025-10-14,SKU021,8.0,6.72,backtest,2.12,11.33
2025-10-15,SKU021,5.0,6.72,backtest,2.11,11.33
2025-10-16,SKU021,4.0,6.98,backtest,2.37,11.59
2025-10-17,SKU021,10.0,7.02,backtest,2.42,11.63
2025-10-18,SKU021,14.0,7.5,backtest,2.89,12.11
2025-10-19,SKU021,12.0,7.38,backtest,2.78,11.99
2025-10-20,SKU021,7.0,6.71,backtest,2.11,11.32
2025-10-21,SKU021,7.0,6.76,backtest,2.16,11.37
2025-10-22,SKU021,8.0,7.01,backtest,2.4,11.62
2025-10-23,SKU021,4.0,7.04,backtest,2.43,11.65
2025-10-24,SKU021,5.0,6.98,backtest,2.37,11.59
2025-10-25,SKU021,10.0,7.64,backtest,3.03,12.25
2025-10-26,SKU021,3.0,7.68,backtest,3.07,12.29
2025-10-27,SKU021,5.0,6.83,backtest,2.22,11.44
2025-10-28,SKU021,8.0,6.81,backtest,2.2,11.42
2025-10-29,SKU021,5.0,6.83,backtest,2.22,11.44
2025-10-30,SKU021,7.0,6.87,backtest,2.26,11.48
2025-10-31,SKU021,7.0,6.93,backtest,2.32,11.53
2025-11-01,SKU021,16.0,9.71,backtest,5.1,14.32
2025-11-02,SKU021,10.0,9.68,backtest,5.08,14.29
2025-11-03,SKU021,2.0,6.95,backtest,2.34,11.56
2025-11-04,SKU021,4.0,7.0,backtest,2.39,11.61
2025-11-05,SKU021,4.0,7.02,backtest,2.41,11.63
2025-11-06,SKU021,10.0,7.09,backtest,2.49,11.7
2025-11-07,SKU021,10.0,7.16,backtest,2.55,11.77
2025-11-08,SKU021,9.0,9.95,backtest,5.34,14.56
2025-11-09,SKU021,7.0,9.73,backtest,5.12,14.33
2025-11-10,SKU021,6.0,7.05,backtest,2.44,11.65
2025-11-11,SKU021,7.0,7.08,backtest,2.47,11.69
2025-11-12,SKU021,4.0,7.06,backtest,2.46,11.67
2025-11-13,SKU021,7.0,7.07,backtest,2.46,11.68
2025-11-14,SKU021,8.0,7.13,backtest,2.52,11.74
2025-11-15,SKU021,10.0,9.5,backtest,4.89,14.11
2025-11-16,SKU021,3.0,9.67,backtest,5.06,14.28
2025-11-17,SKU021,7.0,7.15,backtest,2.54,11.76
2025-11-18,SKU021,7.0,7.14,backtest,2.53,11.75
2025-11-19,SKU021,9.0,7.15,backtest,2.54,11.75
2025-11-20,SKU021,6.0,7.13,backtest,2.52,11.74
2025-11-21,SKU021,3.0,7.17,backtest,2.56,11.78
2025-11-22,SKU021,3.0,9.44,backtest,4.84,14.05
2025-11-23,SKU021,8.0,9.5,backtest,4.9,14.11
2025-11-24,SKU021,8.0,6.89,backtest,2.28,11.5
2025-11-25,SKU021,9.0,6.92,backtest,2.32,11.53
2025-11-26,SKU021,9.0,6.89,backtest,2.28,11.49
2025-11-27,SKU021,2.0,7.05,backtest,2.44,11.66
2025-11-28,SKU021,4.0,7.05,backtest,2.44,11.66
2025-11-29,SKU021,10.0,9.7,backtest,5.09,14.31
2025-11-30,SKU021,5.0,9.24,backtest,4.63,13.84
2025-12-01,SKU021,5.0,7.26,backtest,2.65,11.87
2025-12-02,SKU021,6.0,6.86,backtest,2.25,11.47
2025-12-03,SKU021,10.0,6.92,backtest,2.31,11.52
2025-12-04,SKU021,9.0,6.86,backtest,2.25,11.46
2025-12-05,SKU021,8.0,6.89,backtest,2.28,11.49
2025-12-06,SKU021,6.0,8.05,backtest,3.44,12.66
2025-12-07,SKU021,8.0,8.07,backtest,3.46,12.68
2025-12-08,SKU021,11.0,7.36,backtest,2.75,11.97
2025-12-09,SKU021,5.0,7.33,backtest,2.72,11.94
2025-12-10,SKU021,7.0,7.3,backtest,2.7,11.91
2025-12-11,SKU021,9.0,7.46,backtest,2.85,12.07
2025-12-12,SKU021,5.0,7.41,backtest,2.8,12.01
2025-12-13,SKU021,10.0,7.92,backtest,3.32,12.53
2025-12-14,SKU021,12.0,8.06,backtest,3.45,12.67
2025-12-15,SKU021,5.0,7.37,backtest,2.76,11.98
2025-12-16,SKU021,9.0,7.37,backtest,2.76,11.98
2025-12-17,SKU021,5.0,7.33,backtest,2.72,11.94
2025-12-18,SKU021,5.0,7.3,backtest,2.69,11.91
2025-12-19,SKU021,8.0,7.26,backtest,2.65,11.87
2025-12-20,SKU021,4.0,7.96,backtest,3.35,12.57
2025-12-21,SKU021,11.0,8.16,backtest,3.55,12.77
2025-12-22,SKU021,3.0,7.45,backtest,2.84,12.06
2025-12-23,SKU021,8.0,7.43,backtest,2.82,12.04
2025-12-24,SKU021,10.0,7.31,backtest,2.71,11.92
2025-12-25,SKU021,4.0,7.29,backtest,2.69,11.9
2025-12-26,SKU021,8.0,7.63,backtest,3.02,12.24
2025-12-27,SKU021,6.0,8.24,backtest,3.63,12.85
2025-12-28,SKU021,11.0,8.32,backtest,3.71,12.93
2025-12-29,SKU021,5.0,7.69,backtest,3.09,12.3
2025-12-30,SKU021,8.0,7.78,backtest,3.18,12.39
2025-12-31,SKU021,6.0,7.75,backtest,3.15,12.36
2026-01-01,SKU021,,8.17,future,3.56,12.77
2026-01-02,SKU021,,8.23,future,3.62,12.83
2026-01-03,SKU021,,8.91,future,4.31,13.52
2026-01-04,SKU021,,8.97,future,4.37,13.58
2026-01-05,SKU021,,7.93,future,3.33,12.54
2026-01-06,SKU021,,8.09,future,3.48,12.7
2026-01-07,SKU021,,8.15,future,3.54,12.75
2026-01-08,SKU021,,8.23,future,3.62,12.83
2026-01-09,SKU021,,8.18,future,3.57,12.79
2026-01-10,SKU021,,8.87,future,4.26,13.48
2026-01-11,SKU021,,8.83,future,4.22,13.44
2026-01-12,SKU021,,8.08,future,3.47,12.68
2026-01-13,SKU021,,8.15,future,3.55,12.76
2026-01-14,SKU021,,8.13,future,3.52,12.74
2026-01-15,SKU021,,8.22,future,3.62,12.83
2026-01-16,SKU021,,8.27,future,3.67,12.88
2026-01-17,SKU021,,8.92,future,4.31,13.53
2026-01-18,SKU021,,9.06,future,4.45,13.67
2026-01-19,SKU021,,8.18,future,3.57,12.79
2026-01-20,SKU021,,8.62,future,4.01,13.23
2026-01-21,SKU021,,8.39,future,3.79,13.0
2026-01-22,SKU021,,8.6,future,3.99,13.21
2026-01-23,SKU021,,8.69,future,4.08,13.3
2026-01-24,SKU021,,9.69,future,5.08,14.3
2026-01-25,SKU021,,9.53,future,4.92,14.14
2026-01-26,SKU021,,8.61,future,4.0,13.22
2026-01-27,SKU021,,8.66,future,4.05,13.27
2026-01-28,SKU021,,8.65,future,4.04,13.26
2026-01-29,SKU021,,8.83,future,4.23,13.44
2026-01-30,SKU021,,8.82,future,4.21,13.43
2025-09-03,SKU022,8.0,,history,,
2025-09-04,SKU022,7.0,,history,,
2025-09-05,SKU022,3.0,,history,,
2025-09-06,SKU022,11.0,,history,,
2025-09-07,SKU022,10.0,,history,,
2025-09-08,SKU022,10.0,,history,,
2025-09-09,SKU022,8.0,,history,,
2025-09-10,SKU022,12.0,,history,,
2025-09-11,SKU022,11.0,,history,,
2025-09-12,SKU022,7.0,,history,,
2025-09-13,SKU022,6.0,,history,,
2025-09-14,SKU022,13.0,,history,,
2025-09-15,SKU022,7.0,,history,,
2025-09-16,SKU022,7.0,,history,,
2025-09-17,SKU022,10.0,,history,,
2025-09-18,SKU022,6.0,,history,,
2025-09-19,SKU022,6.0,,history,,
2025-09-20,SKU022,14.0,,history,,
2025-09-21,SKU022,10.0,,history,,
2025-09-22,SKU022,7.0,,history,,
2025-09-23,SKU022,9.0,,history,,
2025-09-24,SKU022,10.0,,history,,
2025-09-25,SKU022,4.0,,history,,
2025-09-26,SKU022,8.0,,history,,
2025-09-27,SKU022,14.0,,history,,
2025-09-28,SKU022,9.0,,history,,
2025-09-29,SKU022,8.0,,history,,
2025-09-30,SKU022,6.0,,history,,
2025-10-01,SKU022,9.0,,history,,
2025-10-02,SKU022,7.0,,history,,
2025-10-03,SKU022,10.0,7.83,backtest,2.4,13.27
2025-10-04,SKU022,8.0,9.25,backtest,3.81,14.68
2025-10-05,SKU022,2.0,9.24,backtest,3.8,14.67
2025-10-06,SKU022,3.0,7.64,backtest,2.2,13.07
2025-10-07,SKU022,8.0,7.7,backtest,2.27,13.14
2025-10-08,SKU022,7.0,7.66,backtest,2.23,13.1
2025-10-09,SKU022,10.0,7.63,backtest,2.19,13.06
2025-10-10,SKU022,9.0,7.66,backtest,2.23,13.1
2025-10-11,SKU022,7.0,8.71,backtest,3.27,14.14
2025-10-12,SKU022,10.0,8.98,backtest,3.55,14.42
2025-10-13,SKU022,11.0,7.45,backtest,2.02,12.89
2025-10-14,SKU022,9.0,7.52,backtest,2.09,12.96
2025-10-15,SKU022,6.0,7.47,backtest,2.04,12.91
2025-10-16,SKU022,6.0,7.58,backtest,2.15,13.01
2025-10-17,SKU022,7.0,7.7,backtest,2.27,13.14
2025-10-18,SKU022,11.0,8.71,backtest,3.27,14.14
2025-10-19,SKU022,8.0,8.82,backtest,3.38,14.25
2025-10-20,SKU022,11.0,7.48,backtest,2.05,12.92
2025-10-21,SKU022,4.0,7.55,backtest,2.12,12.99
2025-10-22,SKU022,7.0,7.54,backtest,2.1,12.97
2025-10-23,SKU022,6.0,7.51,backtest,2.08,12.95
2025-10-24,SKU022,7.0,7.82,backtest,2.38,13.25
2025-10-25,SKU022,9.0,8.91,backtest,3.48,14.35
2025-10-26,SKU022,7.0,8.5,backtest,3.06,13.93
2025-10-27,SKU022,10.0,7.42,backtest,1.99,12.86
2025-10-28,SKU022,8.0,7.5,backtest,2.07,12.94
2025-10-29,SKU022,5.0,7.52,backtest,2.08,12.95
2025-10-30,SKU022,9.0,7.58,backtest,2.14,13.01
2025-10-31,SKU022,9.0,7.71,backtest,2.27,13.14
2025-11-01,SKU022,14.0,10.59,backtest,5.15,16.02
2025-11-02,SKU022,7.0,10.64,backtest,5.2,16.07
2025-11-03,SKU022,7.0,7.6,backtest,2.17,13.04
2025-11-04,SKU022,7.0,7.65,backtest,2.21,13.08
2025-11-05,SKU022,8.0,7.66,backtest,2.22,13.09
2025-11-06,SKU022,5.0,7.77,backtest,2.33,13.2
2025-11-07,SKU022,5.0,7.83,backtest,2.4,13.27
2025-11-08,SKU022,6.0,11.04,backtest,5.6,16.47
2025-11-09,SKU022,6.0,10.72,backtest,5.28,16.15
2025-11-10,SKU022,5.0,7.48,backtest,2.04,12.91
2025-11-11,SKU022,13.0,7.6,backtest,2.17,13.04
2025-11-12,SKU022,7.0,7.62,backtest,2.18,13.05
2025-11-13,SKU022,5.0,7.65,backtest,2.22,13.09
2025-11-14,SKU022,17.0,7.78,backtest,2.35,13.22
2025-11-15,SKU022,16.0,10.7,backtest,5.26,16.13
2025-11-16,SKU022,15.0,10.66,backtest,5.23,16.1
2025-11-17,SKU022,5.0,7.45,backtest,2.01,12.88
2025-11-18,SKU022,4.0,7.56,backtest,2.13,13.0
2025-11-19,SKU022,8.0,7.63,backtest,2.2,13.07
2025-11-20,SKU022,8.0,7.91,backtest,2.47,13.34
2025-11-21,SKU022,6.0,8.04,backtest,2.61,13.48
2025-11-22,SKU022,13.0,11.21,backtest,5.77,16.64
2025-11-23,SKU022,9.0,11.13,backtest,5.69,16.56
2025-11-24,SKU022,10.0,7.76,backtest,2.33,13.2
2025-11-25,SKU022,7.0,7.89,backtest,2.45,13.32
2025-11-26,SKU022,7.0,7.81,backtest,2.38,13.25
2025-11-27,SKU022,7.0,7.91,backtest,2.47,13.34
2025-11-28,SKU022,7.0,7.99,backtest,2.55,13.42
2025-11-29,SKU022,11.0,11.54,backtest,6.11,16.98
2025-11-30,SKU022,20.0,11.11,backtest,5.67,16.54
2025-12-01,SKU022,7.0,7.94,backtest,2.51,13.38
2025-12-02,SKU022,6.0,8.11,backtest,2.68,13.55
2025-12-03,SKU022,12.0,8.11,backtest,2.67,13.54
2025-12-04,SKU022,16.0,8.08,backtest,2.65,13.52
2025-12-05,SKU022,5.0,8.2,backtest,2.76,13.63
2025-12-06,SKU022,11.0,9.78,backtest,4.34,15.21
2025-12-07,SKU022,13.0,9.87,backtest,4.44,15.31
2025-12-08,SKU022,12.0,8.52,backtest,3.09,13.96
2025-12-09,SKU022,8.0,8.65,backtest,3.22,14.09
2025-12-10,SKU022,7.0,8.75,backtest,3.32,14.19
2025-12-11,SKU022,6.0,8.69,backtest,3.26,14.13
2025-12-12,SKU022,6.0,8.82,backtest,3.39,14.26
2025-12-13,SKU022,15.0,10.23,backtest,4.79,15.66
2025-12-14,SKU022,6.0,9.71,backtest,4.27,15.14
2025-12-15,SKU022,12.0,8.2,backtest,2.76,13.63
2025-12-16,SKU022,11.0,8.27,backtest,2.83,13.7
2025-12-17,SKU022,6.0,8.36,backtest,2.93,13.8
2025-12-18,SKU022,5.0,8.42,backtest,2.99,13.86
2025-12-19,SKU022,12.0,8.53,backtest,3.09,13.96
2025-12-20,SKU022,5.0,9.94,backtest,4.5,15.37
2025-12-21,SKU022,11.0,9.86,backtest,4.43,15.3
2025-12-22,SKU022,7.0,8.3,backtest,2.87,13.74
2025-12-23,SKU022,13.0,8.43,backtest,3.0,13.87
2025-12-24,SKU022,15.0,8.53,backtest,3.1,13.96
2025-12-25,SKU022,11.0,8.57,backtest,3.13,14.0
2025-12-26,SKU022,10.0,8.96,backtest,3.52,14.39
2025-12-27,SKU022,17.0,10.42,backtest,4.98,15.85
2025-12-28,SKU022,11.0,10.74,backtest,5.3,16.17
2025-12-29,SKU022,1.0,8.67,backtest,3.24,14.11
2025-12-30,SKU022,7.0,8.76,backtest,3.32,14.19
2025-12-31,SKU022,9.0,8.69,backtest,3.26,14.13
2026-01-01,SKU022,,10.42,future,4.98,15.85
2026-01-02,SKU022,,10.32,future,4.89,15.76
2026-01-03,SKU022,,11.92,future,6.49,17.36
2026-01-04,SKU022,,11.68,future,6.25,17.12
2026-01-05,SKU022,,10.23,future,4.79,15.66
2026-01-06,SKU022,,10.34,future,4.9,15.77
2026-01-07,SKU022,,10.25,future,4.81,15.68
2026-01-08,SKU022,,10.52,future,5.08,15.95
2026-01-09,SKU022,,10.8,future,5.36,16.23
2026-01-10,SKU022,,11.92,future,6.48,17.35
2026-01-11,SKU022,,12.11,future,6.67,17.54
2026-01-12,SKU022,,10.3,future,4.87,15.73
2026-01-13,SKU022,,10.11,future,4.68,15.55
2026-01-14,SKU022,,10.22,future,4.78,15.65
2026-01-15,SKU022,,10.32,future,4.88,15.75
2026-01-16,SKU022,,10.46,future,5.03,15.9
2026-01-17,SKU022,,11.8,future,6.37,17.24
2026-01-18,SKU022,,11.86,future,6.42,17.29
2026-01-19,SKU022,,10.31,future,4.88,15.75
2026-01-20,SKU022,,10.37,future,4.93,15.8
2026-01-21,SKU022,,10.26,future,4.83,15.7
2026-01-22,SKU022,,10.35,future,4.91,15.78
2026-01-23,SKU022,,10.39,future,4.95,15.82
2026-01-24,SKU022,,11.72,future,6.28,17.15
2026-01-25,SKU022,,11.78,future,6.34,17.21
2026-01-26,SKU022,,10.02,future,4.58,15.45
2026-01-27,SKU022,,10.51,future,5.07,15.94
2026-01-28,SKU022,,10.55,future,5.12,15.99
2026-01-29,SKU022,,10.64,future,5.2,16.07
2026-01-30,SKU022,,10.75,future,5.31,16.18
2025-09-03,SKU023,15.0,,history,,
2025-09-04,SKU023,9.0,,history,,
2025-09-05,SKU023,11.0,,history,,
2025-09-06,SKU023,17.0,,history,,
2025-09-07,SKU023,11.0,,history,,
2025-09-08,SKU023,1.0,,history,,
2025-09-09,SKU023,11.0,,history,,
2025-09-10,SKU023,12.0,,history,,
2025-09-11,SKU023,6.0,,history,,
2025-09-12,SKU023,8.0,,history,,
2025-09-13,SKU023,10.0,,history,,
2025-09-14,SKU023,5.0,,history,,
2025-09-15,SKU023,12.0,,history,,
2025-09-16,SKU023,12.0,,history,,
2025-09-17,SKU023,14.0,,history,,
2025-09-18,SKU023,21.0,,history,,
2025-09-19,SKU023,7.0,,history,,
2025-09-20,SKU023,22.0,,history,,
2025-09-21,SKU023,23.0,,history,,
2025-09-22,SKU023,10.0,,history,,
2025-09-23,SKU023,3.0,,history,,
2025-09-24,SKU023,7.0,,history,,
2025-09-25,SKU023,16.0,,history,,
2025-09-26,SKU023,18.0,,history,,
2025-09-27,SKU023,19.0,,history,,
2025-09-28,SKU023,17.0,,history,,
2025-09-29,SKU023,20.0,,history,,
2025-09-30,SKU023,7.0,,history,,
2025-10-01,SKU023,9.0,,history,,
2025-10-02,SKU023,10.0,,history,,
2025-10-03,SKU023,12.0,11.75,backtest,5.69,17.8
2025-10-04,SKU023,11.0,13.12,backtest,7.06,19.17
2025-10-05,SKU023,20.0,13.53,backtest,7.48,19.59
2025-10-06,SKU023,15.0,12.07,backtest,6.01,18.12
2025-10-07,SKU023,13.0,11.41,backtest,5.36,17.47
2025-10-08,SKU023,13.0,11.8,backtest,5.74,17.85
2025-10-09,SKU023,10.0,11.88,backtest,5.82,17.93
2025-10-10,SKU023,6.0,12.01,backtest,5.95,18.06
2025-10-11,SKU023,13.0,13.61,backtest,7.55,19.67
2025-10-12,SKU023,10.0,14.11,backtest,8.05,20.17
2025-10-13,SKU023,10.0,11.74,backtest,5.68,17.79
2025-10-14,SKU023,11.0,12.26,backtest,6.2,18.32
2025-10-15,SKU023,12.0,12.23,backtest,6.18,18.29
2025-10-16,SKU023,12.0,11.8,backtest,5.74,17.85
2025-10-17,SKU023,9.0,12.41,backtest,6.36,18.47
2025-10-18,SKU023,9.0,13.33,backtest,7.27,19.38
2025-10-19,SKU023,11.0,13.26,backtest,7.2,19.31
2025-10-20,SKU023,15.0,11.23,backtest,5.17,17.28
2025-10-21,SKU023,8.0,11.47,backtest,5.41,17.52
2025-10-22,SKU023,9.0,11.63,backtest,5.57,17.68
2025-10-23,SKU023,9.0,11.76,backtest,5.71,17.82
2025-10-24,SKU023,12.0,11.81,backtest,5.75,17.87
2025-10-25,SKU023,18.0,13.54,backtest,7.49,19.6
2025-10-26,SKU023,20.0,13.67,backtest,7.61,19.72
2025-10-27,SKU023,10.0,11.48,backtest,5.42,17.53
2025-10-28,SKU023,11.0,11.31,backtest,5.25,17.37
2025-10-29,SKU023,8.0,11.64,backtest,5.59,17.7
2025-10-30,SKU023,11.0,11.66,backtest,5.6,17.71
2025-10-31,SKU023,11.0,12.03,backtest,5.98,18.09
2025-11-01,SKU023,16.0,16.3,backtest,10.24,22.35
2025-11-02,SKU023,17.0,15.78,backtest,9.73,21.84
2025-11-03,SKU023,12.0,11.08,backtest,5.03,17.14
2025-11-04,SKU023,13.0,11.41,backtest,5.35,17.47
2025-11-05,SKU023,15.0,11.29,backtest,5.24,17.35
2025-11-06,SKU023,13.0,11.24,backtest,5.18,17.29
2025-11-07,SKU023,6.0,11.35,backtest,5.29,17.4
2025-11-08,SKU023,20.0,14.73,backtest,8.68,20.79
2025-11-09,SKU023,12.0,14.61,backtest,8.55,20.67
2025-11-10,SKU023,13.0,11.33,backtest,5.27,17.39
2025-11-11,SKU023,10.0,11.49,backtest,5.43,17.54
2025-11-12,SKU023,11.0,11.75,backtest,5.69,17.8
2025-11-13,SKU023,13.0,11.75,backtest,5.69,17.8
2025-11-14,SKU023,14.0,11.86,backtest,5.8,17.91
2025-11-15,SKU023,17.0,15.82,backtest,9.76,21.87
2025-11-16,SKU023,10.0,15.99,backtest,9.93,22.04
2025-11-17,SKU023,9.0,11.85,backtest,5.79,17.9
2025-11-18,SKU023,13.0,11.71,backtest,5.65,17.76
2025-11-19,SKU023,9.0,12.04,backtest,5.99,18.1
2025-11-20,SKU023,10.0,12.11,backtest,6.06,18.17
2025-11-21,SKU023,10.0,12.33,backtest,6.28,18.39
2025-11-22,SKU023,17.0,16.01,backtest,9.95,22.06
2025-11-23,SKU023,20.0,15.81,backtest,9.76,21.87
2025-11-24,SKU023,7.0,11.77,backtest,5.71,17.82
2025-11-25,SKU023,22.0,11.89,backtest,5.84,17.95
2025-11-26,SKU023,6.0,11.92,backtest,5.86,17.97
2025-11-27,SKU023,10.0,12.17,backtest,6.12,18.23
2025-11-28,SKU023,18.0,12.35,backtest,6.3,18.41
2025-11-29,SKU023,15.0,16.04,backtest,9.99,22.1
2025-11-30,SKU023,12.0,15.77,backtest,9.72,21.83
2025-12-01,SKU023,11.0,12.29,backtest,6.23,18.34
2025-12-02,SKU023,9.0,11.93,backtest,5.87,17.98
2025-12-03,SKU023,16.0,12.03,backtest,5.97,18.08
2025-12-04,SKU023,15.0,12.43,backtest,6.38,18.49
2025-12-05,SKU023,18.0,12.53,backtest,6.47,18.58
2025-12-06,SKU023,16.0,14.26,backtest,8.2,20.31
2025-12-07,SKU023,12.0,14.5,backtest,8.44,20.55
2025-12-08,SKU023,14.0,12.45,backtest,6.4,18.51
2025-12-09,SKU023,11.0,12.26,backtest,6.21,18.32
2025-12-10,SKU023,20.0,12.71,backtest,6.65,18.77
2025-12-11,SKU023,11.0,12.82,backtest,6.76,18.87
2025-12-12,SKU023,15.0,12.38,backtest,6.32,18.43
2025-12-13,SKU023,18.0,14.35,backtest,8.29,20.4
2025-12-14,SKU023,9.0,14.2,backtest,8.14,20.25
2025-12-15,SKU023,4.0,12.21,backtest,6.16,18.27
2025-12-16,SKU023,19.0,12.76,backtest,6.71,18.82
2025-12-17,SKU023,7.0,12.69,backtest,6.64,18.75
2025-12-18,SKU023,16.0,12.37,backtest,6.31,18.42
2025-12-19,SKU023,11.0,12.73,backtest,6.67,18.79
2025-12-20,SKU023,15.0,14.32,backtest,8.26,20.37
2025-12-21,SKU023,24.0,14.19,backtest,8.13,20.24
2025-12-22,SKU023,14.0,12.54,backtest,6.48,18.59
2025-12-23,SKU023,16.0,13.02,backtest,6.96,19.08
2025-12-24,SKU023,18.0,12.51,backtest,6.46,18.57
2025-12-25,SKU023,12.0,12.82,backtest,6.77,18.88
2025-12-26,SKU023,15.0,13.12,backtest,7.07,19.18
2025-12-27,SKU023,17.0,14.47,backtest,8.42,20.53
2025-12-28,SKU023,7.0,14.42,backtest,8.36,20.47
2025-12-29,SKU023,12.0,12.99,backtest,6.93,19.04
2025-12-30,SKU023,13.0,13.04,backtest,6.99,19.1
2025-12-31,SKU023,14.0,13.12,backtest,7.06,19.18
2026-01-01,SKU023,,14.18,future,8.12,20.24
2026-01-02,SKU023,,14.15,future,8.09,20.2
2026-01-03,SKU023,,16.04,future,9.99,22.1
2026-01-04,SKU023,,16.15,future,10.09,22.2
2026-01-05,SKU023,,14.18,future,8.13,20.24
2026-01-06,SKU023,,14.22,future,8.16,20.27
2026-01-07,SKU023,,14.26,future,8.2,20.32
2026-01-08,SKU023,,14.42,future,8.36,20.48
2026-01-09,SKU023,,14.37,future,8.31,20.42
2026-01-10,SKU023,,15.8,future,9.74,21.85
2026-01-11,SKU023,,16.26,future,10.21,22.32
2026-01-12,SKU023,,14.27,future,8.21,20.33
2026-01-13,SKU023,,14.17,future,8.11,20.22
2026-01-14,SKU023,,14.12,future,8.07,20.18
2026-01-15,SKU023,,14.3,future,8.25,20.36
2026-01-16,SKU023,,14.52,future,8.47,20.58
2026-01-17,SKU023,,16.35,future,10.29,22.4
2026-01-18,SKU023,,16.21,future,10.16,22.27
2026-01-19,SKU023,,14.17,future,8.11,20.22
2026-01-20,SKU023,,14.24,future,8.18,20.29
2026-01-21,SKU023,,14.12,future,8.06,20.18
2026-01-22,SKU023,,14.08,future,8.03,20.14
2026-01-23,SKU023,,14.27,future,8.22,20.33
2026-01-24,SKU023,,15.89,future,9.84,21.95
2026-01-25,SKU023,,16.15,future,10.1,22.21
2026-01-26,SKU023,,14.24,future,8.19,20.3
2026-01-27,SKU023,,14.2,future,8.14,20.25
2026-01-28,SKU023,,14.31,future,8.26,20.37
2026-01-29,SKU023,,14.45,future,8.39,20.51
2026-01-30,SKU023,,14.8,future,8.75,20.86
2025-09-03,SKU024,10.0,,history,,
2025-09-04,SKU024,10.0,,history,,
2025-09-05,SKU024,18.0,,history,,
2025-09-06,SKU024,19.0,,history,,
2025-09-07,SKU024,17.0,,history,,
2025-09-08,SKU024,10.0,,history,,
2025-09-09,SKU024,12.0,,history,,
2025-09-10,SKU024,9.0,,history,,
2025-09-11,SKU024,14.0,,history,,
2025-09-12,SKU024,6.0,,history,,
2025-09-13,SKU024,9.0,,history,,
2025-09-14,SKU024,19.0,,history,,
2025-09-15,SKU024,13.0,,history,,
2025-09-16,SKU024,13.0,,history,,
2025-09-17,SKU024,8.0,,history,,
2025-09-18,SKU024,10.0,,history,,
2025-09-19,SKU024,10.0,,history,,
2025-09-20,SKU024,11.0,,history,,
2025-09-21,SKU024,19.0,,history,,
2025-09-22,SKU024,7.0,,history,,
2025-09-23,SKU024,12.0,,history,,
2025-09-24,SKU024,11.0,,history,,
2025-09-25,SKU024,11.0,,history,,
2025-09-26,SKU024,9.0,,history,,
2025-09-27,SKU024,13.0,,history,,
2025-09-28,SKU024,17.0,,history,,
2025-09-29,SKU024,9.0,,history,,
2025-09-30,SKU024,11.0,,history,,
2025-10-01,SKU024,5.0,,history,,
2025-10-02,SKU024,10.0,,history,,
2025-10-03,SKU024,14.0,10.1,backtest,4.58,15.61
2025-10-04,SKU024,7.0,11.33,backtest,5.81,16.85
2025-10-05,SKU024,13.0,12.0,backtest,6.48,17.52
2025-10-06,SKU024,10.0,10.11,backtest,4.59,15.62
2025-10-07,SKU024,6.0,9.92,backtest,4.4,15.43
2025-10-08,SKU024,10.0,10.07,backtest,4.55,15.59
2025-10-09,SKU024,12.0,9.98,backtest,4.46,15.49
2025-10-10,SKU024,10.0,10.16,backtest,4.64,15.68
2025-10-11,SKU024,10.0,11.88,backtest,6.36,17.39
2025-10-12,SKU024,7.0,11.48,backtest,5.96,16.99
2025-10-13,SKU024,13.0,9.93,backtest,4.41,15.45
2025-10-14,SKU024,12.0,9.97,backtest,4.45,15.49
2025-10-15,SKU024,12.0,9.81,backtest,4.29,15.32
2025-10-16,SKU024,10.0,10.0,backtest,4.48,15.52
2025-10-17,SKU024,10.0,10.06,backtest,4.55,15.58
2025-10-18,SKU024,8.0,11.85,backtest,6.34,17.37
2025-10-19,SKU024,10.0,11.63,backtest,6.12,17.15
2025-10-20,SKU024,12.0,9.64,backtest,4.12,15.16
2025-10-21,SKU024,10.0,9.67,backtest,4.15,15.19
2025-10-22,SKU024,12.0,9.63,backtest,4.11,15.15
2025-10-23,SKU024,11.0,9.68,backtest,4.17,15.2
2025-10-24,SKU024,10.0,9.75,backtest,4.23,15.27
2025-10-25,SKU024,10.0,11.57,backtest,6.05,17.09
2025-10-26,SKU024,17.0,11.54,backtest,6.02,17.06
2025-10-27,SKU024,12.0,9.69,backtest,4.18,15.21
2025-10-28,SKU024,8.0,9.75,backtest,4.23,15.26
2025-10-29,SKU024,9.0,9.77,backtest,4.25,15.28
2025-10-30,SKU024,8.0,9.83,backtest,4.31,15.34
2025-10-31,SKU024,9.0,9.9,backtest,4.38,15.42
2025-11-01,SKU024,13.0,14.76,backtest,9.24,20.27
2025-11-02,SKU024,24.0,14.79,backtest,9.27,20.31
2025-11-03,SKU024,14.0,9.88,backtest,4.36,15.4
2025-11-04,SKU024,11.0,9.91,backtest,4.39,15.43
2025-11-05,SKU024,5.0,9.83,backtest,4.31,15.34
2025-11-06,SKU024,18.0,9.99,backtest,4.47,15.51
2025-11-07,SKU024,9.0,9.94,backtest,4.43,15.46
2025-11-08,SKU024,11.0,14.66,backtest,9.15,20.18
2025-11-09,SKU024,14.0,15.71,backtest,10.19,21.23
2025-11-10,SKU024,7.0,10.66,backtest,5.14,16.17
2025-11-11,SKU024,11.0,10.54,backtest,5.02,16.06
2025-11-12,SKU024,11.0,10.41,backtest,4.89,15.93
2025-11-13,SKU024,12.0,10.52,backtest,5.0,16.04
2025-11-14,SKU024,13.0,10.59,backtest,5.07,16.1
2025-11-15,SKU024,5.0,15.96,backtest,10.44,21.48
2025-11-16,SKU024,23.0,15.74,backtest,10.23,21.26
2025-11-17,SKU024,9.0,10.6,backtest,5.08,16.12
2025-11-18,SKU024,14.0,10.42,backtest,4.9,15.94
2025-11-19,SKU024,9.0,10.59,backtest,5.08,16.11
2025-11-20,SKU024,7.0,10.52,backtest,5.0,16.03
2025-11-21,SKU024,9.0,10.44,backtest,4.93,15.96
2025-11-22,SKU024,19.0,15.83,backtest,10.31,21.35
2025-11-23,SKU024,13.0,16.05,backtest,10.53,21.56
2025-11-24,SKU024,5.0,10.58,backtest,5.06,16.1
2025-11-25,SKU024,7.0,10.31,backtest,4.79,15.83
2025-11-26,SKU024,12.0,10.39,backtest,4.87,15.91
2025-11-27,SKU024,8.0,10.34,backtest,4.82,15.85
2025-11-28,SKU024,10.0,10.34,backtest,4.82,15.86
2025-11-29,SKU024,20.0,15.94,backtest,10.42,21.46
2025-11-30,SKU024,14.0,16.4,backtest,10.88,21.92
2025-12-01,SKU024,13.0,10.76,backtest,5.24,16.27
2025-12-02,SKU024,11.0,10.39,backtest,4.88,15.91
2025-12-03,SKU024,15.0,10.51,backtest,4.99,16.03
2025-12-04,SKU024,11.0,10.86,backtest,5.34,16.38
2025-12-05,SKU024,12.0,10.38,backtest,4.86,15.89
2025-12-06,SKU024,15.0,12.63,backtest,7.12,18.15
2025-12-07,SKU024,16.0,12.91,backtest,7.39,18.43
2025-12-08,SKU024,7.0,11.25,backtest,5.73,16.77
2025-12-09,SKU024,9.0,11.17,backtest,5.65,16.68
2025-12-10,SKU024,5.0,10.98,backtest,5.47,16.5
2025-12-11,SKU024,14.0,11.15,backtest,5.64,16.67
2025-12-12,SKU024,12.0,11.12,backtest,5.6,16.64
2025-12-13,SKU024,15.0,13.02,backtest,7.51,18.54
2025-12-14,SKU024,10.0,11.93,backtest,6.41,17.45
2025-12-15,SKU024,11.0,11.09,backtest,5.57,16.6
2025-12-16,SKU024,10.0,11.31,backtest,5.79,16.83
2025-12-17,SKU024,10.0,11.08,backtest,5.56,16.6
2025-12-18,SKU024,15.0,10.8,backtest,5.28,16.32
2025-12-19,SKU024,14.0,11.08,backtest,5.56,16.6
2025-12-20,SKU024,16.0,12.83,backtest,7.32,18.35
2025-12-21,SKU024,9.0,13.23,backtest,7.71,18.74
2025-12-22,SKU024,10.0,11.04,backtest,5.52,16.55
2025-12-23,SKU024,14.0,11.1,backtest,5.58,16.62
2025-12-24,SKU024,5.0,11.23,backtest,5.71,16.75
2025-12-25,SKU024,13.0,11.08,backtest,5.56,16.59
2025-12-26,SKU024,9.0,11.31,backtest,5.79,16.83
2025-12-27,SKU024,14.0,13.59,backtest,8.07,19.11
2025-12-28,SKU024,6.0,13.3,backtest,7.78,18.82
2025-12-29,SKU024,9.0,11.36,backtest,5.84,16.88
2025-12-30,SKU024,9.0,11.16,backtest,5.64,16.67
2025-12-31,SKU024,9.0,11.23,backtest,5.71,16.74
2026-01-01,SKU024,,11.48,future,5.97,17.0
2026-01-02,SKU024,,11.55,future,6.03,17.06
2026-01-03,SKU024,,13.05,future,7.53,18.57
2026-01-04,SKU024,,13.31,future,7.79,18.83
2026-01-05,SKU024,,11.62,future,6.11,17.14
2026-01-06,SKU024,,11.45,future,5.93,16.97
2026-01-07,SKU024,,11.59,future,6.08,17.11
2026-01-08,SKU024,,11.65,future,6.13,17.17
2026-01-09,SKU024,,11.89,future,6.38,17.41
2026-01-10,SKU024,,13.42,future,7.9,18.94
2026-01-11,SKU024,,13.92,future,8.4,19.44
2026-01-12,SKU024,,11.57,future,6.05,17.09
2026-01-13,SKU024,,11.45,future,5.93,16.97
2026-01-14,SKU024,,11.48,future,5.97,17.0
2026-01-15,SKU024,,11.51,future,5.99,17.03
2026-01-16,SKU024,,11.55,future,6.04,17.07
2026-01-17,SKU024,,13.37,future,7.85,18.89
2026-01-18,SKU024,,13.56,future,8.05,19.08
2026-01-19,SKU024,,11.48,future,5.96,17.0
2026-01-20,SKU024,,11.45,future,5.93,16.96
2026-01-21,SKU024,,11.42,future,5.9,16.94
2026-01-22,SKU024,,11.53,future,6.01,17.05
2026-01-23,SKU024,,11.67,future,6.16,17.19
2026-01-24,SKU024,,13.49,future,7.97,19.01
2026-01-25,SKU024,,13.55,future,8.04,19.07
2026-01-26,SKU024,,11.97,future,6.46,17.49
2026-01-27,SKU024,,12.05,future,6.53,17.57
2026-01-28,SKU024,,12.29,future,6.77,17.8
2026-01-29,SKU024,,12.2,future,6.68,17.72
2026-01-30,SKU024,,12.41,future,6.89,17.92
2025-09-03,SKU025,4.0,,history,,
2025-09-04,SKU025,1.0,,history,,
2025-09-05,SKU025,3.0,,history,,
2025-09-06,SKU025,2.0,,history,,
2025-09-07,SKU025,2.0,,history,,
2025-09-08,SKU025,1.0,,history,,
2025-09-09,SKU025,1.0,,history,,
2025-09-10,SKU025,2.0,,history,,
2025-09-11,SKU025,4.0,,history,,
2025-09-12,SKU025,4.0,,history,,
2025-09-13,SKU025,2.0,,history,,
2025-09-14,SKU025,2.0,,history,,
2025-09-15,SKU025,3.0,,history,,
2025-09-16,SKU025,3.0,,history,,
2025-09-17,SKU025,2.0,,history,,
2025-09-18,SKU025,3.0,,history,,
2025-09-19,SKU025,0.0,,history,,
2025-09-20,SKU025,2.0,,history,,
2025-09-21,SKU025,3.0,,history,,
2025-09-22,SKU025,1.0,,history,,
2025-09-23,SKU025,2.0,,history,,
2025-09-24,SKU025,3.0,,history,,
2025-09-25,SKU025,5.0,,history,,
2025-09-26,SKU025,2.0,,history,,
2025-09-27,SKU025,4.0,,history,,
2025-09-28,SKU025,4.0,,history,,
2025-09-29,SKU025,2.0,,history,,
2025-09-30,SKU025,1.0,,history,,
2025-10-01,SKU025,1.0,,history,,
2025-10-02,SKU025,0.0,,history,,
2025-10-03,SKU025,1.0,2.43,backtest,0.31,4.55
2025-10-04,SKU025,4.0,2.64,backtest,0.52,4.75
2025-10-05,SKU025,3.0,2.65,backtest,0.53,4.77
2025-10-06,SKU025,1.0,2.3,backtest,0.18,4.42
2025-10-07,SKU025,3.0,2.32,backtest,0.2,4.44
2025-10-08,SKU025,2.0,2.32,backtest,0.2,4.44
2025-10-09,SKU025,2.0,2.41,backtest,0.29,4.53
2025-10-10,SKU025,3.0,2.47,backtest,0.35,4.58
2025-10-11,SKU025,2.0,2.64,backtest,0.52,4.75
2025-10-12,SKU025,0.0,2.65,backtest,0.53,4.77
2025-10-13,SKU025,2.0,2.34,backtest,0.22,4.46
2025-10-14,SKU025,3.0,2.36,backtest,0.24,4.48
2025-10-15,SKU025,1.0,2.35,backtest,0.23,4.47
2025-10-16,SKU025,3.0,2.4,backtest,0.28,4.52
2025-10-17,SKU025,2.0,2.44,backtest,0.32,4.56
2025-10-18,SKU025,2.0,2.66,backtest,0.54,4.78
2025-10-19,SKU025,4.0,2.71,backtest,0.59,4.83
2025-10-20,SKU025,4.0,2.36,backtest,0.24,4.48
2025-10-21,SKU025,2.0,2.37,backtest,0.25,4.49
2025-10-22,SKU025,2.0,2.39,backtest,0.27,4.51
2025-10-23,SKU025,2.0,2.44,backtest,0.32,4.56
2025-10-24,SKU025,3.0,2.47,backtest,0.35,4.59
2025-10-25,SKU025,2.0,2.72,backtest,0.6,4.84
2025-10-26,SKU025,2.0,2.73,backtest,0.61,4.85
2025-10-27,SKU025,3.0,2.37,backtest,0.25,4.48
2025-10-28,SKU025,0.0,2.38,backtest,0.26,4.5
2025-10-29,SKU025,3.0,2.38,backtest,0.26,4.5
2025-10-30,SKU025,1.0,2.42,backtest,0.3,4.54
2025-10-31,SKU025,2.0,2.48,backtest,0.36,4.6
2025-11-01,SKU025,6.0,3.3,backtest,1.18,5.42
2025-11-02,SKU025,5.0,3.32,backtest,1.2,5.44
2025-11-03,SKU025,3.0,2.36,backtest,0.25,4.48
2025-11-04,SKU025,4.0,2.39,backtest,0.27,4.51
2025-11-05,SKU025,4.0,2.38,backtest,0.26,4.5
2025-11-06,SKU025,1.0,2.42,backtest,0.3,4.54
2025-11-07,SKU025,2.0,2.49,backtest,0.37,4.61
2025-11-08,SKU025,1.0,3.33,backtest,1.22,5.45
2025-11-09,SKU025,3.0,3.33,backtest,1.21,5.45
2025-11-10,SKU025,3.0,2.38,backtest,0.26,4.5
2025-11-11,SKU025,0.0,2.41,backtest,0.29,4.53
2025-11-12,SKU025,4.0,2.39,backtest,0.27,4.51
2025-11-13,SKU025,1.0,2.45,backtest,0.33,4.57
2025-11-14,SKU025,2.0,2.48,backtest,0.36,4.6
2025-11-15,SKU025,5.0,3.31,backtest,1.19,5.43
2025-11-16,SKU025,3.0,3.34,backtest,1.22,5.46
2025-11-17,SKU025,2.0,2.39,backtest,0.27,4.51
2025-11-18,SKU025,0.0,2.39,backtest,0.27,4.51
2025-11-19,SKU025,2.0,2.39,backtest,0.27,4.51
2025-11-20,SKU025,0.0,2.43,backtest,0.31,4.55
2025-11-21,SKU025,1.0,2.49,backtest,0.37,4.61
2025-11-22,SKU025,4.0,3.29,backtest,1.17,5.41
2025-11-23,SKU025,3.0,3.3,backtest,1.18,5.42
2025-11-24,SKU025,0.0,2.32,backtest,0.2,4.44
2025-11-25,SKU025,2.0,2.32,backtest,0.2,4.44
2025-11-26,SKU025,1.0,2.3,backtest,0.18,4.42
2025-11-27,SKU025,1.0,2.33,backtest,0.21,4.45
2025-11-28,SKU025,1.0,2.28,backtest,0.16,4.4
2025-11-29,SKU025,0.0,3.25,backtest,1.13,5.37
2025-11-30,SKU025,4.0,2.94,backtest,0.82,5.06
2025-12-01,SKU025,1.0,2.33,backtest,0.21,4.44
2025-12-02,SKU025,3.0,2.33,backtest,0.21,4.45
2025-12-03,SKU025,0.0,2.34,backtest,0.22,4.46
2025-12-04,SKU025,3.0,2.43,backtest,0.31,4.55
2025-12-05,SKU025,2.0,2.47,backtest,0.35,4.59
2025-12-06,SKU025,4.0,3.01,backtest,0.89,5.13
2025-12-07,SKU025,5.0,3.02,backtest,0.91,5.14
2025-12-08,SKU025,0.0,2.7,backtest,0.58,4.82
2025-12-09,SKU025,1.0,2.7,backtest,0.58,4.82
2025-12-10,SKU025,3.0,2.68,backtest,0.56,4.8
2025-12-11,SKU025,1.0,2.71,backtest,0.59,4.83
2025-12-12,SKU025,2.0,2.74,backtest,0.62,4.86
2025-12-13,SKU025,4.0,2.97,backtest,0.85,5.09
2025-12-14,SKU025,2.0,2.96,backtest,0.84,5.08
2025-12-15,SKU025,3.0,2.62,backtest,0.5,4.74
2025-12-16,SKU025,1.0,2.64,backtest,0.52,4.76
2025-12-17,SKU025,2.0,2.64,backtest,0.52,4.76
2025-12-18,SKU025,2.0,2.67,backtest,0.56,4.79
2025-12-19,SKU025,1.0,2.72,backtest,0.6,4.84
2025-12-20,SKU025,3.0,2.95,backtest,0.83,5.07
2025-12-21,SKU025,2.0,2.95,backtest,0.84,5.07
2025-12-22,SKU025,3.0,2.58,backtest,0.46,4.7
2025-12-23,SKU025,1.0,2.6,backtest,0.48,4.72
2025-12-24,SKU025,1.0,2.64,backtest,0.52,4.76
2025-12-25,SKU025,3.0,2.68,backtest,0.56,4.8
2025-12-26,SKU025,1.0,2.74,backtest,0.62,4.86
2025-12-27,SKU025,5.0,2.96,backtest,0.84,5.08
2025-12-28,SKU025,2.0,2.98,backtest,0.86,5.1
2025-12-29,SKU025,2.0,2.64,backtest,0.52,4.76
2025-12-30,SKU025,4.0,2.68,backtest,0.56,4.8
2025-12-31,SKU025,1.0,2.68,backtest,0.56,4.8
2026-01-01,SKU025,,2.68,future,0.56,4.79
2026-01-02,SKU025,,2.7,future,0.58,4.82
2026-01-03,SKU025,,3.03,future,0.91,5.14
2026-01-04,SKU025,,3.08,future,0.97,5.2
2026-01-05,SKU025,,2.65,future,0.53,4.77
2026-01-06,SKU025,,2.68,future,0.56,4.79
2026-01-07,SKU025,,2.68,future,0.56,4.8
2026-01-08,SKU025,,2.71,future,0.59,4.83
2026-01-09,SKU025,,2.74,future,0.62,4.85
2026-01-10,SKU025,,3.06,future,0.94,5.18
2026-01-11,SKU025,,3.07,future,0.95,5.19
2026-01-12,SKU025,,2.65,future,0.53,4.77
2026-01-13,SKU025,,2.65,future,0.53,4.77
2026-01-14,SKU025,,2.65,future,0.53,4.77
2026-01-15,SKU025,,2.68,future,0.56,4.8
2026-01-16,SKU025,,2.7,future,0.59,4.82
2026-01-17,SKU025,,3.03,future,0.91,5.15
2026-01-18,SKU025,,3.04,future,0.92,5.16
2026-01-19,SKU025,,2.55,future,0.43,4.67
2026-01-20,SKU025,,2.63,future,0.52,4.75
2026-01-21,SKU025,,2.63,future,0.52,4.75
2026-01-22,SKU025,,2.67,future,0.55,4.79
2026-01-23,SKU025,,2.69,future,0.57,4.81
2026-01-24,SKU025,,3.04,future,0.92,5.16
2026-01-25,SKU025,,3.04,future,0.92,5.16
2026-01-26,SKU025,,2.57,future,0.45,4.69
2026-01-27,SKU025,,2.65,future,0.53,4.77
2026-01-28,SKU025,,2.66,future,0.54,4.78
2026-01-29,SKU025,,2.7,future,0.58,4.82
2026-01-30,SKU025,,2.75,future,0.63,4.86
2025-09-03,SKU026,24.0,,history,,
2025-09-04,SKU026,21.0,,history,,
2025-09-05,SKU026,18.0,,history,,
2025-09-06,SKU026,27.0,,history,,
2025-09-07,SKU026,23.0,,history,,
2025-09-08,SKU026,12.0,,history,,
2025-09-09,SKU026,24.0,,history,,
2025-09-10,SKU026,13.0,,history,,
2025-09-11,SKU026,17.0,,history,,
2025-09-12,SKU026,16.0,,history,,
2025-09-13,SKU026,24.0,,history,,
2025-09-14,SKU026,18.0,,history,,
2025-09-15,SKU026,16.0,,history,,
2025-09-16,SKU026,12.0,,history,,
2025-09-17,SKU026,13.0,,history,,
2025-09-18,SKU026,24.0,,history,,
2025-09-19,SKU026,20.0,,history,,
2025-09-20,SKU026,25.0,,history,,
2025-09-21,SKU026,28.0,,history,,
2025-09-22,SKU026,9.0,,history,,
2025-09-23,SKU026,25.0,,history,,
2025-09-24,SKU026,21.0,,history,,
2025-09-25,SKU026,19.0,,history,,
2025-09-26,SKU026,16.0,,history,,
2025-09-27,SKU026,18.0,,history,,
2025-09-28,SKU026,24.0,,history,,
2025-09-29,SKU026,21.0,,history,,
2025-09-30,SKU026,15.0,,history,,
2025-10-01,SKU026,17.0,,history,,
2025-10-02,SKU026,18.0,,history,,
2025-10-03,SKU026,12.0,17.32,backtest,9.75,24.89
2025-10-04,SKU026,18.0,20.44,backtest,12.87,28.01
2025-10-05,SKU026,13.0,20.52,backtest,12.95,28.1
2025-10-06,SKU026,15.0,17.06,backtest,9.49,24.63
2025-10-07,SKU026,17.0,17.56,backtest,9.99,25.14
2025-10-08,SKU026,15.0,17.26,backtest,9.69,24.83
2025-10-09,SKU026,19.0,17.48,backtest,9.91,25.05
2025-10-10,SKU026,19.0,17.49,backtest,9.92,25.06
2025-10-11,SKU026,21.0,20.91,backtest,13.34,28.48
2025-10-12,SKU026,29.0,20.33,backtest,12.76,27.9
2025-10-13,SKU026,22.0,17.24,backtest,9.67,24.81
2025-10-14,SKU026,15.0,17.42,backtest,9.85,24.99
2025-10-15,SKU026,16.0,17.49,backtest,9.92,25.07
2025-10-16,SKU026,15.0,17.9,backtest,10.33,25.48
2025-10-17,SKU026,20.0,17.79,backtest,10.22,25.36
2025-10-18,SKU026,22.0,21.63,backtest,14.06,29.2
2025-10-19,SKU026,28.0,21.76,backtest,14.19,29.33
2025-10-20,SKU026,23.0,17.41,backtest,9.83,24.98
2025-10-21,SKU026,10.0,18.88,backtest,11.3,26.45
2025-10-22,SKU026,18.0,18.5,backtest,10.93,26.07
2025-10-23,SKU026,16.0,18.16,backtest,10.59,25.73
2025-10-24,SKU026,25.0,18.14,backtest,10.56,25.71
2025-10-25,SKU026,17.0,20.98,backtest,13.41,28.55
2025-10-26,SKU026,15.0,21.56,backtest,13.99,29.13
2025-10-27,SKU026,21.0,18.19,backtest,10.62,25.76
2025-10-28,SKU026,19.0,18.3,backtest,10.73,25.87
2025-10-29,SKU026,15.0,18.24,backtest,10.67,25.81
2025-10-30,SKU026,21.0,18.21,backtest,10.64,25.78
2025-10-31,SKU026,20.0,18.27,backtest,10.7,25.84
2025-11-01,SKU026,21.0,26.14,backtest,18.57,33.71
2025-11-02,SKU026,24.0,26.49,backtest,18.92,34.06
2025-11-03,SKU026,14.0,16.97,backtest,9.4,24.54
2025-11-04,SKU026,24.0,18.31,backtest,10.74,25.88
2025-11-05,SKU026,7.0,18.01,backtest,10.44,25.59
2025-11-06,SKU026,22.0,18.01,backtest,10.43,25.58
2025-11-07,SKU026,18.0,18.44,backtest,10.86,26.01
2025-11-08,SKU026,19.0,25.86,backtest,18.29,33.43
2025-11-09,SKU026,23.0,24.79,backtest,17.22,32.36
2025-11-10,SKU026,19.0,17.73,backtest,10.16,25.3
2025-11-11,SKU026,21.0,17.53,backtest,9.96,25.1
2025-11-12,SKU026,9.0,18.21,backtest,10.64,25.78
2025-11-13,SKU026,10.0,17.37,backtest,9.8,24.95
2025-11-14,SKU026,18.0,18.14,backtest,10.57,25.71
2025-11-15,SKU026,25.0,24.92,backtest,17.35,32.49
2025-11-16,SKU026,28.0,26.72,backtest,19.15,34.29
2025-11-17,SKU026,16.0,17.73,backtest,10.15,25.3
2025-11-18,SKU026,14.0,17.67,backtest,10.1,25.24
2025-11-19,SKU026,13.0,18.67,backtest,11.1,26.24
2025-11-20,SKU026,18.0,18.24,backtest,10.66,25.81
2025-11-21,SKU026,22.0,18.79,backtest,11.22,26.36
2025-11-22,SKU026,15.0,25.26,backtest,17.69,32.83
2025-11-23,SKU026,30.0,25.31,backtest,17.74,32.88
2025-11-24,SKU026,16.0,17.94,backtest,10.37,25.51
2025-11-25,SKU026,8.0,17.88,backtest,10.31,25.46
2025-11-26,SKU026,11.0,17.81,backtest,10.24,25.38
2025-11-27,SKU026,19.0,18.16,backtest,10.59,25.73
2025-11-28,SKU026,23.0,18.03,backtest,10.46,25.6
2025-11-29,SKU026,25.0,26.23,backtest,18.66,33.8
2025-11-30,SKU026,24.0,26.86,backtest,19.29,34.44
2025-12-01,SKU026,23.0,18.43,backtest,10.85,26.0
2025-12-02,SKU026,21.0,18.9,backtest,11.33,26.47
2025-12-03,SKU026,23.0,17.47,backtest,9.9,25.04
2025-12-04,SKU026,18.0,19.88,backtest,12.31,27.45
2025-12-05,SKU026,18.0,18.94,backtest,11.37,26.51
2025-12-06,SKU026,21.0,21.44,backtest,13.87,29.01
2025-12-07,SKU026,33.0,22.68,backtest,15.11,30.25
2025-12-08,SKU026,17.0,19.4,backtest,11.82,26.97
2025-12-09,SKU026,18.0,20.19,backtest,12.62,27.76
2025-12-10,SKU026,17.0,19.05,backtest,11.47,26.62
2025-12-11,SKU026,19.0,18.89,backtest,11.32,26.46
2025-12-12,SKU026,11.0,19.28,backtest,11.7,26.85
2025-12-13,SKU026,21.0,22.16,backtest,14.59,29.73
2025-12-14,SKU026,25.0,22.19,backtest,14.62,29.76
2025-12-15,SKU026,16.0,19.64,backtest,12.07,27.22
2025-12-16,SKU026,22.0,18.74,backtest,11.17,26.31
2025-12-17,SKU026,26.0,19.63,backtest,12.06,27.21
2025-12-18,SKU026,23.0,19.83,backtest,12.26,27.4
2025-12-19,SKU026,20.0,19.25,backtest,11.68,26.82
2025-12-20,SKU026,29.0,20.96,backtest,13.39,28.53
2025-12-21,SKU026,20.0,21.86,backtest,14.29,29.43
2025-12-22,SKU026,20.0,20.32,backtest,12.75,27.9
2025-12-23,SKU026,27.0,19.44,backtest,11.87,27.02
2025-12-24,SKU026,14.0,19.13,backtest,11.56,26.71
2025-12-25,SKU026,15.0,20.46,backtest,12.88,28.03
2025-12-26,SKU026,17.0,20.59,backtest,13.02,28.16
2025-12-27,SKU026,16.0,23.25,backtest,15.68,30.82
2025-12-28,SKU026,26.0,22.8,backtest,15.23,30.38
2025-12-29,SKU026,14.0,20.25,backtest,12.68,27.82
2025-12-30,SKU026,21.0,20.4,backtest,12.83,27.98
2025-12-31,SKU026,20.0,20.4,backtest,12.83,27.97
2026-01-01,SKU026,,20.59,future,13.02,28.17
2026-01-02,SKU026,,20.91,future,13.33,28.48
2026-01-03,SKU026,,23.08,future,15.51,30.65
2026-01-04,SKU026,,23.55,future,15.98,31.13
2026-01-05,SKU026,,20.36,future,12.79,27.93
2026-01-06,SKU026,,19.96,future,12.39,27.53
2026-01-07,SKU026,,20.45,future,12.88,28.03
2026-01-08,SKU026,,20.64,future,13.06,28.21
2026-01-09,SKU026,,20.88,future,13.31,28.46
2026-01-10,SKU026,,23.0,future,15.43,30.57
2026-01-11,SKU026,,23.37,future,15.79,30.94
2026-01-12,SKU026,,20.93,future,13.36,28.5
2026-01-13,SKU026,,20.87,future,13.3,28.44
2026-01-14,SKU026,,20.92,future,13.35,28.49
2026-01-15,SKU026,,21.17,future,13.6,28.74
2026-01-16,SKU026,,20.39,future,12.82,27.96
2026-01-17,SKU026,,23.87,future,16.3,31.44
2026-01-18,SKU026,,23.12,future,15.55,30.69
2026-01-19,SKU026,,20.13,future,12.55,27.7
2026-01-20,SKU026,,20.68,future,13.11,28.25
2026-01-21,SKU026,,20.03,future,12.45,27.6
2026-01-22,SKU026,,20.22,future,12.65,27.79
2026-01-23,SKU026,,20.77,future,13.2,28.34
2026-01-24,SKU026,,22.74,future,15.17,30.31
2026-01-25,SKU026,,25.14,future,17.57,32.71
2026-01-26,SKU026,,21.17,future,13.6,28.74
2026-01-27,SKU026,,21.43,future,13.86,29.0
2026-01-28,SKU026,,21.06,future,13.49,28.63
2026-01-29,SKU026,,21.47,future,13.9,29.04
2026-01-30,SKU026,,21.95,future,14.38,29.53
2025-09-03,SKU027,15.0,,history,,
2025-09-04,SKU027,26.0,,history,,
2025-09-05,SKU027,25.0,,history,,
2025-09-06,SKU027,28.0,,history,,
2025-09-07,SKU027,36.0,,history,,
2025-09-08,SKU027,13.0,,history,,
2025-09-09,SKU027,24.0,,history,,
2025-09-10,SKU027,16.0,,history,,
2025-09-11,SKU027,25.0,,history,,
2025-09-12,SKU027,15.0,,history,,
2025-09-13,SKU027,29.0,,history,,
2025-09-14,SKU027,21.0,,history,,
2025-09-15,SKU027,31.0,,history,,
2025-09-16,SKU027,23.0,,history,,
2025-09-17,SKU027,15.0,,history,,
2025-09-18,SKU027,18.0,,history,,
2025-09-19,SKU027,21.0,,history,,
2025-09-20,SKU027,26.0,,history,,
2025-09-21,SKU027,24.0,,history,,
2025-09-22,SKU027,19.0,,history,,
2025-09-23,SKU027,22.0,,history,,
2025-09-24,SKU027,14.0,,history,,
2025-09-25,SKU027,22.0,,history,,
2025-09-26,SKU027,19.0,,history,,
2025-09-27,SKU027,27.0,,history,,
2025-09-28,SKU027,27.0,,history,,
2025-09-29,SKU027,20.0,,history,,
2025-09-30,SKU027,17.0,,history,,
2025-10-01,SKU027,24.0,,history,,
2025-10-02,SKU027,20.0,,history,,
2025-10-03,SKU027,28.0,19.34,backtest,11.48,27.19
2025-10-04,SKU027,21.0,21.71,backtest,13.86,29.56
2025-10-05,SKU027,21.0,21.28,backtest,13.43,29.13
2025-10-06,SKU027,28.0,19.47,backtest,11.62,27.33
2025-10-07,SKU027,21.0,19.39,backtest,11.54,27.24
2025-10-08,SKU027,17.0,19.92,backtest,12.07,27.77
2025-10-09,SKU027,19.0,19.49,backtest,11.64,27.34
2025-10-10,SKU027,23.0,19.85,backtest,12.0,27.7
2025-10-11,SKU027,26.0,22.88,backtest,15.03,30.73
2025-10-12,SKU027,15.0,22.74,backtest,14.89,30.59
2025-10-13,SKU027,18.0,20.27,backtest,12.41,28.12
2025-10-14,SKU027,17.0,20.43,backtest,12.58,28.29
2025-10-15,SKU027,21.0,19.43,backtest,11.58,27.28
2025-10-16,SKU027,18.0,20.0,backtest,12.15,27.85
2025-10-17,SKU027,10.0,20.56,backtest,12.7,28.41
2025-10-18,SKU027,21.0,22.48,backtest,14.63,30.33
2025-10-19,SKU027,22.0,22.96,backtest,15.11,30.81
2025-10-20,SKU027,13.0,20.35,backtest,12.5,28.21
2025-10-21,SKU027,14.0,21.1,backtest,13.25,28.95
2025-10-22,SKU027,22.0,20.27,backtest,12.42,28.12
2025-10-23,SKU027,16.0,21.74,backtest,13.89,29.59
2025-10-24,SKU027,22.0,21.04,backtest,13.18,28.89
2025-10-25,SKU027,17.0,23.94,backtest,16.09,31.79
2025-10-26,SKU027,26.0,23.47,backtest,15.62,31.33
2025-10-27,SKU027,18.0,20.56,backtest,12.71,28.41
2025-10-28,SKU027,23.0,20.91,backtest,13.06,28.76
2025-10-29,SKU027,21.0,21.96,backtest,14.1,29.81
2025-10-30,SKU027,13.0,20.7,backtest,12.85,28.55
2025-10-31,SKU027,13.0,20.47,backtest,12.62,28.32
2025-11-01,SKU027,28.0,28.51,backtest,20.66,36.36
2025-11-02,SKU027,20.0,25.81,backtest,17.96,33.66
2025-11-03,SKU027,25.0,17.72,backtest,9.87,25.57
2025-11-04,SKU027,12.0,18.59,backtest,10.74,26.44
2025-11-05,SKU027,11.0,18.6,backtest,10.75,26.45
2025-11-06,SKU027,29.0,18.86,backtest,11.01,26.71
2025-11-07,SKU027,16.0,18.36,backtest,10.5,26.21
2025-11-08,SKU027,30.0,26.04,backtest,18.19,33.89
2025-11-09,SKU027,24.0,26.24,backtest,18.39,34.09
2025-11-10,SKU027,18.0,18.35,backtest,10.5,26.2
2025-11-11,SKU027,16.0,18.34,backtest,10.49,26.19
2025-11-12,SKU027,19.0,18.37,backtest,10.52,26.23
2025-11-13,SKU027,17.0,18.3,backtest,10.45,26.15
2025-11-14,SKU027,23.0,18.62,backtest,10.77,26.47
2025-11-15,SKU027,26.0,26.75,backtest,18.9,34.6
2025-11-16,SKU027,30.0,27.33,backtest,19.48,35.18
2025-11-17,SKU027,23.0,18.63,backtest,10.78,26.48
2025-11-18,SKU027,31.0,19.03,backtest,11.18,26.88
2025-11-19,SKU027,21.0,20.21,backtest,12.36,28.06
2025-11-20,SKU027,15.0,19.37,backtest,11.52,27.22
2025-11-21,SKU027,21.0,19.96,backtest,12.11,27.81
2025-11-22,SKU027,22.0,27.59,backtest,19.74,35.44
2025-11-23,SKU027,30.0,28.54,backtest,20.69,36.39
2025-11-24,SKU027,20.0,20.07,backtest,12.21,27.92
2025-11-25,SKU027,23.0,20.38,backtest,12.53,28.23
2025-11-26,SKU027,17.0,20.01,backtest,12.16,27.87
2025-11-27,SKU027,21.0,19.9,backtest,12.05,27.75
2025-11-28,SKU027,22.0,20.14,backtest,12.28,27.99
2025-11-29,SKU027,38.0,28.59,backtest,20.74,36.44
2025-11-30,SKU027,21.0,28.56,backtest,20.71,36.41
2025-12-01,SKU027,23.0,21.38,backtest,13.53,29.23
2025-12-02,SKU027,25.0,19.92,backtest,12.07,27.77
2025-12-03,SKU027,14.0,20.45,backtest,12.6,28.3
2025-12-04,SKU027,16.0,21.65,backtest,13.8,29.5
2025-12-05,SKU027,24.0,21.32,backtest,13.47,29.17
2025-12-06,SKU027,25.0,24.97,backtest,17.12,32.82
2025-12-07,SKU027,26.0,25.04,backtest,17.18,32.89
2025-12-08,SKU027,14.0,21.28,backtest,13.43,29.13
2025-12-09,SKU027,21.0,21.44,backtest,13.59,29.29
2025-12-10,SKU027,24.0,20.88,backtest,13.03,28.73
2025-12-11,SKU027,25.0,21.31,backtest,13.46,29.16
2025-12-12,SKU027,27.0,20.98,backtest,13.12,28.83
2025-12-13,SKU027,20.0,23.26,backtest,15.41,31.11
2025-12-14,SKU027,30.0,24.35,backtest,16.49,32.2
2025-12-15,SKU027,23.0,22.08,backtest,14.23,29.93
2025-12-16,SKU027,29.0,21.9,backtest,14.05,29.76
2025-12-17,SKU027,21.0,22.28,backtest,14.43,30.13
2025-12-18,SKU027,30.0,21.86,backtest,14.01,29.71
2025-12-19,SKU027,22.0,22.22,backtest,14.37,30.07
2025-12-20,SKU027,31.0,25.71,backtest,17.85,33.56
2025-12-21,SKU027,26.0,25.33,backtest,17.48,33.18
2025-12-22,SKU027,22.0,23.42,backtest,15.57,31.27
2025-12-23,SKU027,20.0,22.85,backtest,15.0,30.7
2025-12-24,SKU027,27.0,23.53,backtest,15.68,31.38
2025-12-25,SKU027,16.0,22.96,backtest,15.11,30.81
2025-12-26,SKU027,19.0,23.09,backtest,15.24,30.94
2025-12-27,SKU027,21.0,26.39,backtest,18.54,34.25
2025-12-28,SKU027,19.0,27.29,backtest,19.44,35.14
2025-12-29,SKU027,21.0,23.57,backtest,15.72,31.42
2025-12-30,SKU027,23.0,23.92,backtest,16.07,31.78
2025-12-31,SKU027,23.0,23.95,backtest,16.1,31.8
2026-01-01,SKU027,,23.06,future,15.2,30.91
2026-01-02,SKU027,,23.96,future,16.11,31.81
2026-01-03,SKU027,,27.65,future,19.8,35.5
2026-01-04,SKU027,,27.76,future,19.91,35.61
2026-01-05,SKU027,,23.68,future,15.83,31.53
2026-01-06,SKU027,,23.67,future,15.82,31.52
2026-01-07,SKU027,,24.23,future,16.38,32.08
2026-01-08,SKU027,,24.76,future,16.91,32.61
2026-01-09,SKU027,,24.91,future,17.06,32.76
2026-01-10,SKU027,,27.68,future,19.83,35.53
2026-01-11,SKU027,,28.18,future,20.33,36.03
2026-01-12,SKU027,,23.45,future,15.6,31.3
2026-01-13,SKU027,,23.62,future,15.77,31.47
2026-01-14,SKU027,,23.98,future,16.13,31.83
2026-01-15,SKU027,,24.75,future,16.9,32.6
2026-01-16,SKU027,,24.95,future,17.1,32.8
2026-01-17,SKU027,,28.27,future,20.42,36.12
2026-01-18,SKU027,,28.48,future,20.63,36.33
2026-01-19,SKU027,,24.09,future,16.24,31.94
2026-01-20,SKU027,,23.79,future,15.94,31.64
2026-01-21,SKU027,,24.14,future,16.29,31.99
2026-01-22,SKU027,,24.81,future,16.96,32.66
2026-01-23,SKU027,,24.94,future,17.09,32.79
2026-01-24,SKU027,,28.19,future,20.34,36.04
2026-01-25,SKU027,,27.98,future,20.13,35.83
2026-01-26,SKU027,,23.16,future,15.31,31.01
2026-01-27,SKU027,,23.68,future,15.82,31.53
2026-01-28,SKU027,,24.07,future,16.22,31.92
2026-01-29,SKU027,,24.58,future,16.73,32.43
2026-01-30,SKU027,,25.02,future,17.17,32.87
2025-09-03,SKU028,4.0,,history,,
2025-09-04,SKU028,3.0,,history,,
2025-09-05,SKU028,7.0,,history,,
2025-09-06,SKU028,3.0,,history,,
2025-09-07,SKU028,7.0,,history,,
2025-09-08,SKU028,5.0,,history,,
2025-09-09,SKU028,7.0,,history,,
2025-09-10,SKU028,3.0,,history,,
2025-09-11,SKU028,2.0,,history,,
2025-09-12,SKU028,8.0,,history,,
2025-09-13,SKU028,2.0,,history,,
2025-09-14,SKU028,9.0,,history,,
2025-09-15,SKU028,3.0,,history,,
2025-09-16,SKU028,9.0,,history,,
2025-09-17,SKU028,2.0,,history,,
2025-09-18,SKU028,5.0,,history,,
2025-09-19,SKU028,4.0,,history,,
2025-09-20,SKU028,7.0,,history,,
2025-09-21,SKU028,4.0,,history,,
2025-09-22,SKU028,3.0,,history,,
2025-09-23,SKU028,4.0,,history,,
2025-09-24,SKU028,4.0,,history,,
2025-09-25,SKU028,7.0,,history,,
2025-09-26,SKU028,2.0,,history,,
2025-09-27,SKU028,4.0,,history,,
2025-09-28,SKU028,6.0,,history,,
2025-09-29,SKU028,3.0,,history,,
2025-09-30,SKU028,4.0,,history,,
2025-10-01,SKU028,2.0,,history,,
2025-10-02,SKU028,2.0,,history,,
2025-10-03,SKU028,3.0,4.29,backtest,0.7,7.88
2025-10-04,SKU028,3.0,4.53,backtest,0.94,8.13
2025-10-05,SKU028,1.0,4.6,backtest,1.01,8.19
2025-10-06,SKU028,2.0,4.12,backtest,0.53,7.72
2025-10-07,SKU028,5.0,4.16,backtest,0.57,7.76
2025-10-08,SKU028,5.0,4.09,backtest,0.49,7.68
2025-10-09,SKU028,4.0,4.19,backtest,0.6,7.78
2025-10-10,SKU028,4.0,4.28,backtest,0.68,7.87
2025-10-11,SKU028,6.0,4.59,backtest,0.99,8.18
2025-10-12,SKU028,5.0,4.59,backtest,1.0,8.19
2025-10-13,SKU028,5.0,4.16,backtest,0.57,7.75
2025-10-14,SKU028,1.0,4.21,backtest,0.62,7.8
2025-10-15,SKU028,6.0,4.08,backtest,0.48,7.67
2025-10-16,SKU028,6.0,4.36,backtest,0.76,7.95
2025-10-17,SKU028,2.0,4.39,backtest,0.8,7.98
2025-10-18,SKU028,4.0,4.81,backtest,1.22,8.4
2025-10-19,SKU028,8.0,4.59,backtest,1.0,8.18
2025-10-20,SKU028,6.0,4.09,backtest,0.5,7.68
2025-10-21,SKU028,3.0,4.31,backtest,0.71,7.9
2025-10-22,SKU028,4.0,4.31,backtest,0.71,7.9
2025-10-23,SKU028,4.0,4.4,backtest,0.81,8.0
2025-10-24,SKU028,7.0,4.18,backtest,0.59,7.78
2025-10-25,SKU028,2.0,4.77,backtest,1.18,8.37
2025-10-26,SKU028,4.0,4.83,backtest,1.23,8.42
2025-10-27,SKU028,2.0,4.28,backtest,0.69,7.87
2025-10-28,SKU028,6.0,4.32,backtest,0.72,7.91
2025-10-29,SKU028,3.0,4.29,backtest,0.7,7.89
2025-10-30,SKU028,5.0,4.32,backtest,0.73,7.91
2025-10-31,SKU028,3.0,4.38,backtest,0.78,7.97
2025-11-01,SKU028,10.0,5.72,backtest,2.13,9.32
2025-11-02,SKU028,2.0,5.88,backtest,2.29,9.47
2025-11-03,SKU028,0.0,4.37,backtest,0.78,7.96
2025-11-04,SKU028,7.0,4.56,backtest,0.97,8.16
2025-11-05,SKU028,4.0,4.52,backtest,0.93,8.12
2025-11-06,SKU028,3.0,4.49,backtest,0.9,8.08
2025-11-07,SKU028,4.0,4.65,backtest,1.05,8.24
2025-11-08,SKU028,7.0,6.3,backtest,2.71,9.9
2025-11-09,SKU028,5.0,6.16,backtest,2.57,9.75
2025-11-10,SKU028,7.0,4.48,backtest,0.88,8.07
2025-11-11,SKU028,7.0,4.48,backtest,0.88,8.07
2025-11-12,SKU028,3.0,4.6,backtest,1.01,8.19
2025-11-13,SKU028,10.0,4.66,backtest,1.06,8.25
2025-11-14,SKU028,3.0,4.59,backtest,1.0,8.18
2025-11-15,SKU028,3.0,6.28,backtest,2.69,9.87
2025-11-16,SKU028,7.0,6.33,backtest,2.74,9.92
2025-11-17,SKU028,4.0,4.61,backtest,1.02,8.21
2025-11-18,SKU028,3.0,4.58,backtest,0.98,8.17
2025-11-19,SKU028,9.0,4.59,backtest,0.99,8.18
2025-11-20,SKU028,5.0,4.63,backtest,1.04,8.23
2025-11-21,SKU028,4.0,4.71,backtest,1.12,8.31
2025-11-22,SKU028,8.0,6.24,backtest,2.64,9.83
2025-11-23,SKU028,6.0,6.27,backtest,2.68,9.86
2025-11-24,SKU028,5.0,4.47,backtest,0.88,8.06
2025-11-25,SKU028,6.0,4.7,backtest,1.11,8.3
2025-11-26,SKU028,4.0,4.65,backtest,1.06,8.25
2025-11-27,SKU028,5.0,4.71,backtest,1.12,8.31
2025-11-28,SKU028,4.0,4.68,backtest,1.09,8.27
2025-11-29,SKU028,6.0,6.48,backtest,2.89,10.08
2025-11-30,SKU028,4.0,6.21,backtest,2.62,9.81
2025-12-01,SKU028,7.0,4.7,backtest,1.11,8.3
2025-12-02,SKU028,4.0,4.77,backtest,1.18,8.36
2025-12-03,SKU028,9.0,4.71,backtest,1.11,8.3
2025-12-04,SKU028,4.0,4.76,backtest,1.16,8.35
2025-12-05,SKU028,5.0,4.78,backtest,1.18,8.37
2025-12-06,SKU028,2.0,5.74,backtest,2.15,9.34
2025-12-07,SKU028,9.0,5.68,backtest,2.09,9.28
2025-12-08,SKU028,2.0,5.2,backtest,1.61,8.8
2025-12-09,SKU028,3.0,5.19,backtest,1.59,8.78
2025-12-10,SKU028,5.0,5.14,backtest,1.54,8.73
2025-12-11,SKU028,1.0,5.25,backtest,1.66,8.84
2025-12-12,SKU028,5.0,5.25,backtest,1.66,8.84
2025-12-13,SKU028,3.0,5.78,backtest,2.19,9.38
2025-12-14,SKU028,6.0,5.84,backtest,2.25,9.43
2025-12-15,SKU028,6.0,5.2,backtest,1.61,8.8
2025-12-16,SKU028,3.0,5.23,backtest,1.63,8.82
2025-12-17,SKU028,4.0,5.29,backtest,1.7,8.88
2025-12-18,SKU028,4.0,5.29,backtest,1.7,8.88
2025-12-19,SKU028,2.0,5.31,backtest,1.72,8.91
2025-12-20,SKU028,1.0,5.83,backtest,2.23,9.42
2025-12-21,SKU028,2.0,5.82,backtest,2.23,9.42
2025-12-22,SKU028,3.0,5.22,backtest,1.63,8.82
2025-12-23,SKU028,6.0,5.31,backtest,1.71,8.9
2025-12-24,SKU028,6.0,5.3,backtest,1.71,8.89
2025-12-25,SKU028,6.0,5.36,backtest,1.77,8.96
2025-12-26,SKU028,5.0,5.37,backtest,1.78,8.96
2025-12-27,SKU028,4.0,5.87,backtest,2.28,9.47
2025-12-28,SKU028,1.0,5.85,backtest,2.25,9.44
2025-12-29,SKU028,4.0,5.33,backtest,1.74,8.92
2025-12-30,SKU028,7.0,5.34,backtest,1.74,8.93
2025-12-31,SKU028,3.0,5.34,backtest,1.74,8.93
2026-01-01,SKU028,,4.38,future,0.79,7.97
2026-01-02,SKU028,,4.41,future,0.82,8.01
2026-01-03,SKU028,,4.83,future,1.24,8.42
2026-01-04,SKU028,,5.28,future,1.69,8.88
2026-01-05,SKU028,,4.32,future,0.72,7.91
2026-01-06,SKU028,,4.67,future,1.08,8.26
2026-01-07,SKU028,,4.72,future,1.13,8.31
2026-01-08,SKU028,,4.77,future,1.18,8.37
2026-01-09,SKU028,,4.79,future,1.19,8.38
2026-01-10,SKU028,,5.22,future,1.63,8.82
2026-01-11,SKU028,,5.27,future,1.68,8.86
2026-01-12,SKU028,,4.71,future,1.12,8.31
2026-01-13,SKU028,,4.66,future,1.07,8.25
2026-01-14,SKU028,,4.74,future,1.15,8.33
2026-01-15,SKU028,,4.78,future,1.19,8.37
2026-01-16,SKU028,,4.76,future,1.17,8.35
2026-01-17,SKU028,,5.34,future,1.75,8.93
2026-01-18,SKU028,,5.42,future,1.83,9.02
2026-01-19,SKU028,,5.02,future,1.42,8.61
2026-01-20,SKU028,,5.15,future,1.55,8.74
2026-01-21,SKU028,,5.21,future,1.61,8.8
2026-01-22,SKU028,,5.24,future,1.65,8.84
2026-01-23,SKU028,,5.22,future,1.62,8.81
2026-01-24,SKU028,,5.79,future,2.19,9.38
2026-01-25,SKU028,,5.81,future,2.22,9.4
2026-01-26,SKU028,,5.08,future,1.49,8.67
2026-01-27,SKU028,,5.22,future,1.62,8.81
2026-01-28,SKU028,,5.21,future,1.62,8.81
2026-01-29,SKU028,,5.25,future,1.66,8.84
2026-01-30,SKU028,,5.26,future,1.66,8.85
2025-09-03,SKU029,13.0,,history,,
2025-09-04,SKU029,14.0,,history,,
2025-09-05,SKU029,11.0,,history,,
2025-09-06,SKU029,15.0,,history,,
2025-09-07,SKU029,12.0,,history,,
2025-09-08,SKU029,15.0,,history,,
2025-09-09,SKU029,14.0,,history,,
2025-09-10,SKU029,9.0,,history,,
2025-09-11,SKU029,14.0,,history,,
2025-09-12,SKU029,8.0,,history,,
2025-09-13,SKU029,12.0,,history,,
2025-09-14,SKU029,17.0,,history,,
2025-09-15,SKU029,14.0,,history,,
2025-09-16,SKU029,11.0,,history,,
2025-09-17,SKU029,8.0,,history,,
2025-09-18,SKU029,9.0,,history,,
2025-09-19,SKU029,21.0,,history,,
2025-09-20,SKU029,25.0,,history,,
2025-09-21,SKU029,17.0,,history,,
2025-09-22,SKU029,8.0,,history,,
2025-09-23,SKU029,3.0,,history,,
2025-09-24,SKU029,12.0,,history,,
2025-09-25,SKU029,14.0,,history,,
2025-09-26,SKU029,10.0,,history,,
2025-09-27,SKU029,17.0,,history,,
2025-09-28,SKU029,22.0,,history,,
2025-09-29,SKU029,12.0,,history,,
2025-09-30,SKU029,10.0,,history,,
2025-10-01,SKU029,11.0,,history,,
2025-10-02,SKU029,14.0,,history,,
2025-10-03,SKU029,13.0,12.36,backtest,6.31,18.4
2025-10-04,SKU029,8.0,14.52,backtest,8.48,20.57
2025-10-05,SKU029,10.0,14.45,backtest,8.4,20.49
2025-10-06,SKU029,13.0,11.9,backtest,5.85,17.94
2025-10-07,SKU029,13.0,12.27,backtest,6.22,18.31
2025-10-08,SKU029,9.0,12.03,backtest,5.99,18.07
2025-10-09,SKU029,13.0,12.04,backtest,5.99,18.08
2025-10-10,SKU029,13.0,12.32,backtest,6.27,18.36
2025-10-11,SKU029,11.0,14.28,backtest,8.24,20.33
2025-10-12,SKU029,20.0,14.25,backtest,8.21,20.3
2025-10-13,SKU029,11.0,11.84,backtest,5.8,17.88
2025-10-14,SKU029,6.0,12.13,backtest,6.09,18.17
2025-10-15,SKU029,14.0,12.12,backtest,6.08,18.17
2025-10-16,SKU029,9.0,12.13,backtest,6.09,18.18
2025-10-17,SKU029,16.0,12.32,backtest,6.28,18.36
2025-10-18,SKU029,11.0,14.44,backtest,8.4,20.48
2025-10-19,SKU029,18.0,14.27,backtest,8.23,20.32
2025-10-20,SKU029,13.0,11.64,backtest,5.6,17.69
2025-10-21,SKU029,20.0,11.74,backtest,5.69,17.78
2025-10-22,SKU029,13.0,12.3,backtest,6.26,18.35
2025-10-23,SKU029,15.0,12.41,backtest,6.37,18.46
2025-10-24,SKU029,16.0,12.5,backtest,6.45,18.54
2025-10-25,SKU029,9.0,14.76,backtest,8.72,20.8
2025-10-26,SKU029,12.0,14.98,backtest,8.94,21.02
2025-10-27,SKU029,12.0,11.89,backtest,5.85,17.94
2025-10-28,SKU029,12.0,11.97,backtest,5.93,18.02
2025-10-29,SKU029,10.0,12.15,backtest,6.11,18.2
2025-10-30,SKU029,15.0,12.25,backtest,6.21,18.3
2025-10-31,SKU029,13.0,12.34,backtest,6.3,18.38
2025-11-01,SKU029,22.0,17.67,backtest,11.62,23.71
2025-11-02,SKU029,20.0,17.81,backtest,11.76,23.85
2025-11-03,SKU029,10.0,12.66,backtest,6.62,18.71
2025-11-04,SKU029,8.0,12.72,backtest,6.67,18.76
2025-11-05,SKU029,10.0,12.88,backtest,6.84,18.93
2025-11-06,SKU029,13.0,12.81,backtest,6.77,18.86
2025-11-07,SKU029,13.0,13.01,backtest,6.97,19.06
2025-11-08,SKU029,16.0,18.91,backtest,12.86,24.95
2025-11-09,SKU029,18.0,18.05,backtest,12.01,24.1
2025-11-10,SKU029,9.0,12.8,backtest,6.76,18.85
2025-11-11,SKU029,9.0,13.07,backtest,7.03,19.11
2025-11-12,SKU029,16.0,13.07,backtest,7.03,19.12
2025-11-13,SKU029,9.0,13.23,backtest,7.18,19.27
2025-11-14,SKU029,14.0,13.27,backtest,7.22,19.31
2025-11-15,SKU029,20.0,18.27,backtest,12.22,24.31
2025-11-16,SKU029,21.0,18.33,backtest,12.29,24.38
2025-11-17,SKU029,17.0,13.42,backtest,7.37,19.46
2025-11-18,SKU029,8.0,13.33,backtest,7.29,19.38
2025-11-19,SKU029,8.0,13.65,backtest,7.6,19.69
2025-11-20,SKU029,14.0,13.37,backtest,7.33,19.41
2025-11-21,SKU029,8.0,13.43,backtest,7.38,19.47
2025-11-22,SKU029,27.0,18.07,backtest,12.03,24.11
2025-11-23,SKU029,15.0,18.12,backtest,12.08,24.16
2025-11-24,SKU029,16.0,13.14,backtest,7.09,19.18
2025-11-25,SKU029,10.0,13.43,backtest,7.39,19.48
2025-11-26,SKU029,15.0,13.28,backtest,7.24,19.33
2025-11-27,SKU029,14.0,13.29,backtest,7.25,19.33
2025-11-28,SKU029,10.0,13.3,backtest,7.25,19.34
2025-11-29,SKU029,13.0,18.8,backtest,12.76,24.84
2025-11-30,SKU029,18.0,18.44,backtest,12.39,24.48
2025-12-01,SKU029,6.0,13.91,backtest,7.87,19.96
2025-12-02,SKU029,10.0,13.59,backtest,7.54,19.63
2025-12-03,SKU029,7.0,13.36,backtest,7.32,19.41
2025-12-04,SKU029,13.0,13.22,backtest,7.18,19.26
2025-12-05,SKU029,19.0,13.38,backtest,7.33,19.42
2025-12-06,SKU029,18.0,15.84,backtest,9.8,21.89
2025-12-07,SKU029,14.0,16.14,backtest,10.1,22.19
2025-12-08,SKU029,17.0,13.3,backtest,7.26,19.35
2025-12-09,SKU029,13.0,13.77,backtest,7.73,19.81
2025-12-10,SKU029,14.0,13.67,backtest,7.62,19.71
2025-12-11,SKU029,18.0,13.54,backtest,7.5,19.59
2025-12-12,SKU029,15.0,13.23,backtest,7.18,19.27
2025-12-13,SKU029,25.0,15.56,backtest,9.51,21.6
2025-12-14,SKU029,13.0,15.76,backtest,9.71,21.8
2025-12-15,SKU029,15.0,13.22,backtest,7.17,19.26
2025-12-16,SKU029,17.0,13.41,backtest,7.37,19.45
2025-12-17,SKU029,13.0,13.65,backtest,7.61,19.7
2025-12-18,SKU029,14.0,13.42,backtest,7.38,19.46
2025-12-19,SKU029,17.0,13.59,backtest,7.54,19.63
2025-12-20,SKU029,12.0,15.58,backtest,9.54,21.63
2025-12-21,SKU029,16.0,15.81,backtest,9.77,21.85
2025-12-22,SKU029,16.0,13.59,backtest,7.54,19.63
2025-12-23,SKU029,9.0,13.4,backtest,7.36,19.45
2025-12-24,SKU029,19.0,13.77,backtest,7.73,19.82
2025-12-25,SKU029,10.0,13.72,backtest,7.68,19.77
2025-12-26,SKU029,12.0,13.69,backtest,7.65,19.73
2025-12-27,SKU029,17.0,15.75,backtest,9.7,21.79
2025-12-28,SKU029,14.0,15.87,backtest,9.83,21.91
2025-12-29,SKU029,14.0,13.51,backtest,7.46,19.55
2025-12-30,SKU029,14.0,13.95,backtest,7.91,20.0
2025-12-31,SKU029,7.0,14.11,backtest,8.06,20.15
2026-01-01,SKU029,,15.13,future,9.08,21.17
2026-01-02,SKU029,,15.25,future,9.21,21.29
2026-01-03,SKU029,,17.51,future,11.47,23.55
2026-01-04,SKU029,,17.15,future,11.1,23.19
2026-01-05,SKU029,,14.95,future,8.91,21.0
2026-01-06,SKU029,,14.99,future,8.94,21.03
2026-01-07,SKU029,,14.86,future,8.82,20.9
2026-01-08,SKU029,,15.75,future,9.71,21.8
2026-01-09,SKU029,,15.75,future,9.71,21.79
2026-01-10,SKU029,,17.31,future,11.27,23.36
2026-01-11,SKU029,,17.35,future,11.31,23.4
2026-01-12,SKU029,,15.38,future,9.34,21.42
2026-01-13,SKU029,,15.16,future,9.11,21.2
2026-01-14,SKU029,,15.36,future,9.32,21.4
2026-01-15,SKU029,,15.47,future,9.42,21.51
2026-01-16,SKU029,,15.45,future,9.41,21.49
2026-01-17,SKU029,,17.11,future,11.07,23.16
2026-01-18,SKU029,,17.37,future,11.33,23.41
2026-01-19,SKU029,,15.46,future,9.42,21.5
2026-01-20,SKU029,,15.55,future,9.51,21.6
2026-01-21,SKU029,,15.66,future,9.62,21.7
2026-01-22,SKU029,,15.68,future,9.64,21.73
2026-01-23,SKU029,,15.89,future,9.85,21.94
2026-01-24,SKU029,,17.42,future,11.37,23.46
2026-01-25,SKU029,,17.42,future,11.38,23.47
2026-01-26,SKU029,,15.63,future,9.58,21.67
2026-01-27,SKU029,,15.52,future,9.48,21.56
2026-01-28,SKU029,,15.91,future,9.86,21.95
2026-01-29,SKU029,,15.9,future,9.85,21.94
2026-01-30,SKU029,,15.98,future,9.94,22.03
2025-09-03,SKU030,1.0,,history,,
2025-09-04,SKU030,4.0,,history,,
2025-09-05,SKU030,4.0,,history,,
2025-09-06,SKU030,6.0,,history,,
2025-09-07,SKU030,6.0,,history,,
2025-09-08,SKU030,5.0,,history,,
2025-09-09,SKU030,6.0,,history,,
2025-09-10,SKU030,4.0,,history,,
2025-09-11,SKU030,3.0,,history,,
2025-09-12,SKU030,4.0,,history,,
2025-09-13,SKU030,6.0,,history,,
2025-09-14,SKU030,6.0,,history,,
2025-09-15,SKU030,6.0,,history,,
2025-09-16,SKU030,3.0,,history,,
2025-09-17,SKU030,5.0,,history,,
2025-09-18,SKU030,2.0,,history,,
2025-09-19,SKU030,6.0,,history,,
2025-09-20,SKU030,4.0,,history,,
2025-09-21,SKU030,6.0,,history,,
2025-09-22,SKU030,6.0,,history,,
2025-09-23,SKU030,6.0,,history,,
2025-09-24,SKU030,3.0,,history,,
2025-09-25,SKU030,5.0,,history,,
2025-09-26,SKU030,6.0,,history,,
2025-09-27,SKU030,7.0,,history,,
2025-09-28,SKU030,8.0,,history,,
2025-09-29,SKU030,3.0,,history,,
2025-09-30,SKU030,5.0,,history,,
2025-10-01,SKU030,3.0,,history,,
2025-10-02,SKU030,4.0,,history,,
2025-10-03,SKU030,4.0,4.31,backtest,1.35,7.26
2025-10-04,SKU030,2.0,4.77,backtest,1.82,7.73
2025-10-05,SKU030,6.0,4.79,backtest,1.84,7.74
2025-10-06,SKU030,2.0,4.16,backtest,1.2,7.11
2025-10-07,SKU030,1.0,4.18,backtest,1.23,7.14
2025-10-08,SKU030,3.0,4.14,backtest,1.19,7.1
2025-10-09,SKU030,6.0,4.15,backtest,1.2,7.11
2025-10-10,SKU030,4.0,4.29,backtest,1.34,7.25
2025-10-11,SKU030,5.0,4.75,backtest,1.8,7.71
2025-10-12,SKU030,4.0,4.76,backtest,1.81,7.72
2025-10-13,SKU030,7.0,4.22,backtest,1.26,7.17
2025-10-14,SKU030,6.0,4.13,backtest,1.18,7.08
2025-10-15,SKU030,2.0,4.18,backtest,1.23,7.14
2025-10-16,SKU030,4.0,4.18,backtest,1.23,7.13
2025-10-17,SKU030,3.0,4.38,backtest,1.43,7.34
2025-10-18,SKU030,5.0,4.72,backtest,1.77,7.67
2025-10-19,SKU030,5.0,4.77,backtest,1.81,7.72
2025-10-20,SKU030,3.0,4.23,backtest,1.28,7.18
2025-10-21,SKU030,3.0,4.1,backtest,1.15,7.06
2025-10-22,SKU030,6.0,4.02,backtest,1.07,6.98
2025-10-23,SKU030,4.0,4.11,backtest,1.15,7.06
2025-10-24,SKU030,4.0,4.17,backtest,1.22,7.12
2025-10-25,SKU030,3.0,4.57,backtest,1.61,7.52
2025-10-26,SKU030,4.0,4.57,backtest,1.62,7.53
2025-10-27,SKU030,2.0,4.05,backtest,1.09,7.0
2025-10-28,SKU030,3.0,4.05,backtest,1.09,7.0
2025-10-29,SKU030,2.0,4.05,backtest,1.09,7.0
2025-10-30,SKU030,8.0,4.11,backtest,1.15,7.06
2025-10-31,SKU030,3.0,4.15,backtest,1.19,7.1
2025-11-01,SKU030,4.0,5.72,backtest,2.76,8.67
2025-11-02,SKU030,6.0,5.46,backtest,2.51,8.42
2025-11-03,SKU030,3.0,3.63,backtest,0.67,6.58
2025-11-04,SKU030,8.0,3.85,backtest,0.9,6.8
2025-11-05,SKU030,2.0,4.04,backtest,1.09,6.99
2025-11-06,SKU030,3.0,4.23,backtest,1.27,7.18
2025-11-07,SKU030,2.0,3.97,backtest,1.01,6.92
2025-11-08,SKU030,3.0,5.44,backtest,2.49,8.4
2025-11-09,SKU030,4.0,5.73,backtest,2.78,8.69
2025-11-10,SKU030,6.0,4.1,backtest,1.15,7.06
2025-11-11,SKU030,1.0,3.98,backtest,1.03,6.93
2025-11-12,SKU030,3.0,3.92,backtest,0.96,6.87
2025-11-13,SKU030,3.0,3.99,backtest,1.03,6.94
2025-11-14,SKU030,4.0,4.04,backtest,1.08,6.99
2025-11-15,SKU030,5.0,5.54,backtest,2.59,8.49
2025-11-16,SKU030,12.0,5.81,backtest,2.86,8.77
2025-11-17,SKU030,3.0,4.14,backtest,1.19,7.1
2025-11-18,SKU030,4.0,4.12,backtest,1.17,7.08
2025-11-19,SKU030,5.0,4.24,backtest,1.29,7.2
2025-11-20,SKU030,4.0,4.26,backtest,1.3,7.21
2025-11-21,SKU030,2.0,4.3,backtest,1.34,7.25
2025-11-22,SKU030,8.0,6.02,backtest,3.07,8.98
2025-11-23,SKU030,7.0,6.03,backtest,3.08,8.98
2025-11-24,SKU030,3.0,4.14,backtest,1.18,7.09
2025-11-25,SKU030,0.0,4.14,backtest,1.19,7.09
2025-11-26,SKU030,2.0,4.09,backtest,1.14,7.04
2025-11-27,SKU030,3.0,4.23,backtest,1.28,7.18
2025-11-28,SKU030,5.0,4.09,backtest,1.14,7.05
2025-11-29,SKU030,8.0,5.86,backtest,2.9,8.81
2025-11-30,SKU030,5.0,5.66,backtest,2.71,8.62
2025-12-01,SKU030,2.0,4.18,backtest,1.23,7.13
2025-12-02,SKU030,2.0,4.08,backtest,1.13,7.04
2025-12-03,SKU030,5.0,3.86,backtest,0.91,6.81
2025-12-04,SKU030,2.0,3.93,backtest,0.98,6.89
2025-12-05,SKU030,1.0,4.22,backtest,1.27,7.17
2025-12-06,SKU030,6.0,4.85,backtest,1.89,7.8
2025-12-07,SKU030,7.0,4.82,backtest,1.87,7.77
2025-12-08,SKU030,5.0,4.39,backtest,1.43,7.34
2025-12-09,SKU030,5.0,4.35,backtest,1.4,7.3
2025-12-10,SKU030,6.0,4.3,backtest,1.34,7.25
2025-12-11,SKU030,4.0,4.35,backtest,1.39,7.3
2025-12-12,SKU030,7.0,4.37,backtest,1.42,7.33
2025-12-13,SKU030,5.0,4.78,backtest,1.83,7.74
2025-12-14,SKU030,3.0,4.85,backtest,1.89,7.8
2025-12-15,SKU030,4.0,4.31,backtest,1.35,7.26
2025-12-16,SKU030,4.0,4.3,backtest,1.34,7.25
2025-12-17,SKU030,4.0,4.27,backtest,1.32,7.23
2025-12-18,SKU030,3.0,4.34,backtest,1.39,7.29
2025-12-19,SKU030,5.0,4.36,backtest,1.41,7.32
2025-12-20,SKU030,2.0,4.78,backtest,1.83,7.73
2025-12-21,SKU030,4.0,4.85,backtest,1.89,7.8
2025-12-22,SKU030,3.0,4.34,backtest,1.39,7.29
2025-12-23,SKU030,5.0,4.32,backtest,1.37,7.27
2025-12-24,SKU030,4.0,4.32,backtest,1.36,7.27
2025-12-25,SKU030,1.0,4.38,backtest,1.42,7.33
2025-12-26,SKU030,5.0,4.4,backtest,1.45,7.35
2025-12-27,SKU030,6.0,4.85,backtest,1.9,7.81
2025-12-28,SKU030,4.0,4.86,backtest,1.9,7.81
2025-12-29,SKU030,4.0,4.36,backtest,1.41,7.32
2025-12-30,SKU030,3.0,4.41,backtest,1.45,7.36
2025-12-31,SKU030,7.0,4.48,backtest,1.53,7.44
2026-01-01,SKU030,,4.34,future,1.39,7.3
2026-01-02,SKU030,,4.38,future,1.43,7.33
2026-01-03,SKU030,,4.99,future,2.03,7.94
2026-01-04,SKU030,,5.05,future,2.1,8.0
2026-01-05,SKU030,,4.55,future,1.59,7.5
2026-01-06,SKU030,,4.55,future,1.6,7.5
2026-01-07,SKU030,,4.58,future,1.63,7.54
2026-01-08,SKU030,,4.55,future,1.6,7.51
2026-01-09,SKU030,,4.62,future,1.67,7.58
2026-01-10,SKU030,,5.02,future,2.06,7.97
2026-01-11,SKU030,,5.04,future,2.08,7.99
2026-01-12,SKU030,,4.51,future,1.56,7.46
2026-01-13,SKU030,,4.52,future,1.56,7.47
2026-01-14,SKU030,,4.47,future,1.51,7.42
2026-01-15,SKU030,,4.54,future,1.58,7.49
2026-01-16,SKU030,,4.56,future,1.61,7.51
2026-01-17,SKU030,,5.06,future,2.1,8.01
2026-01-18,SKU030,,5.09,future,2.14,8.05
2026-01-19,SKU030,,4.49,future,1.54,7.45
2026-01-20,SKU030,,4.58,future,1.63,7.54
2026-01-21,SKU030,,4.57,future,1.61,7.52
2026-01-22,SKU030,,4.59,future,1.63,7.54
2026-01-23,SKU030,,4.84,future,1.88,7.79
2026-01-24,SKU030,,5.21,future,2.26,8.17
2026-01-25,SKU030,,5.1,future,2.15,8.06
2026-01-26,SKU030,,4.7,future,1.75,7.65
2026-01-27,SKU030,,4.76,future,1.8,7.71
2026-01-28,SKU030,,4.82,future,1.86,7.77
2026-01-29,SKU030,,4.78,future,1.82,7.73
2026-01-30,SKU030,,4.88,future,1.93,7.84
2025-09-03,SKU031,14.0,,history,,
2025-09-04,SKU031,15.0,,history,,
2025-09-05,SKU031,7.0,,history,,
2025-09-06,SKU031,28.0,,history,,
2025-09-07,SKU031,25.0,,history,,
2025-09-08,SKU031,16.0,,history,,
2025-09-09,SKU031,15.0,,history,,
2025-09-10,SKU031,17.0,,history,,
2025-09-11,SKU031,15.0,,history,,
2025-09-12,SKU031,13.0,,history,,
2025-09-13,SKU031,24.0,,history,,
2025-09-14,SKU031,25.0,,history,,
2025-09-15,SKU031,16.0,,history,,
2025-09-16,SKU031,16.0,,history,,
2025-09-17,SKU031,6.0,,history,,
2025-09-18,SKU031,11.0,,history,,
2025-09-19,SKU031,21.0,,history,,
2025-09-20,SKU031,27.0,,history,,
2025-09-21,SKU031,21.0,,history,,
2025-09-22,SKU031,8.0,,history,,
2025-09-23,SKU031,15.0,,history,,
2025-09-24,SKU031,17.0,,history,,
2025-09-25,SKU031,10.0,,history,,
2025-09-26,SKU031,17.0,,history,,
2025-09-27,SKU031,22.0,,history,,
2025-09-28,SKU031,23.0,,history,,
2025-09-29,SKU031,10.0,,history,,
2025-09-30,SKU031,18.0,,history,,
2025-10-01,SKU031,11.0,,history,,
2025-10-02,SKU031,21.0,,history,,
2025-10-03,SKU031,6.0,15.35,backtest,8.75,21.95
2025-10-04,SKU031,22.0,17.0,backtest,10.4,23.6
2025-10-05,SKU031,19.0,16.4,backtest,9.81,23.0
2025-10-06,SKU031,17.0,14.63,backtest,8.03,21.23
2025-10-07,SKU031,12.0,14.45,backtest,7.85,21.05
2025-10-08,SKU031,21.0,14.5,backtest,7.9,21.1
2025-10-09,SKU031,21.0,14.54,backtest,7.94,21.13
2025-10-10,SKU031,12.0,14.07,backtest,7.47,20.67
2025-10-11,SKU031,15.0,15.59,backtest,8.99,22.18
2025-10-12,SKU031,11.0,16.62,backtest,10.03,23.22
2025-10-13,SKU031,16.0,14.49,backtest,7.89,21.09
2025-10-14,SKU031,16.0,14.33,backtest,7.73,20.93
2025-10-15,SKU031,15.0,14.2,backtest,7.6,20.79
2025-10-16,SKU031,27.0,14.57,backtest,7.98,21.17
2025-10-17,SKU031,13.0,14.9,backtest,8.31,21.5
2025-10-18,SKU031,16.0,16.47,backtest,9.87,23.07
2025-10-19,SKU031,17.0,16.97,backtest,10.38,23.57
2025-10-20,SKU031,14.0,14.8,backtest,8.2,21.4
2025-10-21,SKU031,10.0,14.79,backtest,8.2,21.39
2025-10-22,SKU031,15.0,15.24,backtest,8.65,21.84
2025-10-23,SKU031,19.0,15.15,backtest,8.56,21.75
2025-10-24,SKU031,17.0,15.35,backtest,8.75,21.94
2025-10-25,SKU031,17.0,17.19,backtest,10.59,23.79
2025-10-26,SKU031,22.0,17.29,backtest,10.7,23.89
2025-10-27,SKU031,15.0,15.38,backtest,8.78,21.98
2025-10-28,SKU031,18.0,15.22,backtest,8.62,21.82
2025-10-29,SKU031,9.0,15.46,backtest,8.86,22.06
2025-10-30,SKU031,13.0,15.56,backtest,8.96,22.15
2025-10-31,SKU031,16.0,15.71,backtest,9.11,22.31
2025-11-01,SKU031,19.0,21.17,backtest,14.58,27.77
2025-11-02,SKU031,20.0,20.83,backtest,14.24,27.43
2025-11-03,SKU031,14.0,15.47,backtest,8.87,22.07
2025-11-04,SKU031,10.0,15.01,backtest,8.41,21.61
2025-11-05,SKU031,16.0,15.37,backtest,8.77,21.97
2025-11-06,SKU031,18.0,14.85,backtest,8.25,21.44
2025-11-07,SKU031,15.0,15.01,backtest,8.42,21.61
2025-11-08,SKU031,21.0,20.91,backtest,14.31,27.51
2025-11-09,SKU031,15.0,21.25,backtest,14.66,27.85
2025-11-10,SKU031,14.0,15.17,backtest,8.57,21.76
2025-11-11,SKU031,18.0,15.14,backtest,8.54,21.74
2025-11-12,SKU031,12.0,14.86,backtest,8.26,21.46
2025-11-13,SKU031,22.0,14.9,backtest,8.3,21.49
2025-11-14,SKU031,16.0,15.27,backtest,8.67,21.87
2025-11-15,SKU031,29.0,21.29,backtest,14.7,27.89
2025-11-16,SKU031,20.0,21.81,backtest,15.21,28.41
2025-11-17,SKU031,9.0,15.22,backtest,8.63,21.82
2025-11-18,SKU031,17.0,15.2,backtest,8.6,21.79
2025-11-19,SKU031,16.0,15.46,backtest,8.86,22.05
2025-11-20,SKU031,14.0,15.59,backtest,8.99,22.19
2025-11-21,SKU031,20.0,15.75,backtest,9.16,22.35
2025-11-22,SKU031,13.0,21.58,backtest,14.98,28.18
2025-11-23,SKU031,24.0,21.83,backtest,15.23,28.42
2025-11-24,SKU031,14.0,15.6,backtest,9.01,22.2
2025-11-25,SKU031,11.0,15.88,backtest,9.29,22.48
2025-11-26,SKU031,14.0,15.48,backtest,8.88,22.08
2025-11-27,SKU031,8.0,15.78,backtest,9.19,22.38
2025-11-28,SKU031,16.0,16.27,backtest,9.67,22.86
2025-11-29,SKU031,19.0,21.72,backtest,15.13,28.32
2025-11-30,SKU031,22.0,21.41,backtest,14.82,28.01
2025-12-01,SKU031,11.0,16.34,backtest,9.74,22.93
2025-12-02,SKU031,15.0,14.61,backtest,8.01,21.21
2025-12-03,SKU031,14.0,15.28,backtest,8.69,21.88
2025-12-04,SKU031,16.0,15.74,backtest,9.14,22.33
2025-12-05,SKU031,15.0,15.97,backtest,9.37,22.56
2025-12-06,SKU031,14.0,17.22,backtest,10.62,23.81
2025-12-07,SKU031,11.0,17.61,backtest,11.01,24.2
2025-12-08,SKU031,10.0,16.01,backtest,9.42,22.61
2025-12-09,SKU031,17.0,16.03,backtest,9.43,22.62
2025-12-10,SKU031,13.0,15.57,backtest,8.97,22.17
2025-12-11,SKU031,16.0,16.02,backtest,9.43,22.62
2025-12-12,SKU031,11.0,16.03,backtest,9.44,22.63
2025-12-13,SKU031,13.0,17.45,backtest,10.86,24.05
2025-12-14,SKU031,24.0,17.91,backtest,11.31,24.51
2025-12-15,SKU031,20.0,15.67,backtest,9.08,22.27
2025-12-16,SKU031,18.0,16.09,backtest,9.49,22.68
2025-12-17,SKU031,20.0,16.13,backtest,9.54,22.73
2025-12-18,SKU031,18.0,15.75,backtest,9.15,22.35
2025-12-19,SKU031,16.0,16.22,backtest,9.62,22.82
2025-12-20,SKU031,23.0,17.12,backtest,10.52,23.71
2025-12-21,SKU031,17.0,17.67,backtest,11.07,24.27
2025-12-22,SKU031,14.0,15.95,backtest,9.35,22.55
2025-12-23,SKU031,8.0,15.85,backtest,9.26,22.45
2025-12-24,SKU031,14.0,16.1,backtest,9.5,22.7
2025-12-25,SKU031,13.0,15.78,backtest,9.18,22.38
2025-12-26,SKU031,14.0,16.57,backtest,9.97,23.17
2025-12-27,SKU031,20.0,18.06,backtest,11.47,24.66
2025-12-28,SKU031,14.0,18.24,backtest,11.65,24.84
2025-12-29,SKU031,23.0,16.5,backtest,9.9,23.09
2025-12-30,SKU031,12.0,16.8,backtest,10.2,23.39
2025-12-31,SKU031,15.0,16.82,backtest,10.23,23.42
2026-01-01,SKU031,,17.68,future,11.09,24.28
2026-01-02,SKU031,,17.78,future,11.19,24.38
2026-01-03,SKU031,,19.37,future,12.78,25.97
2026-01-04,SKU031,,19.67,future,13.07,26.27
2026-01-05,SKU031,,18.4,future,11.81,25.0
2026-01-06,SKU031,,18.07,future,11.48,24.67
2026-01-07,SKU031,,18.25,future,11.65,24.84
2026-01-08,SKU031,,18.56,future,11.97,25.16
2026-01-09,SKU031,,18.57,future,11.97,25.17
2026-01-10,SKU031,,20.18,future,13.58,26.77
2026-01-11,SKU031,,20.37,future,13.77,26.96
2026-01-12,SKU031,,18.3,future,11.7,24.89
2026-01-13,SKU031,,18.66,future,12.06,25.26
2026-01-14,SKU031,,18.6,future,12.0,25.2
2026-01-15,SKU031,,18.26,future,11.66,24.85
2026-01-16,SKU031,,18.62,future,12.02,25.22
2026-01-17,SKU031,,20.04,future,13.44,26.63
2026-01-18,SKU031,,20.57,future,13.97,27.16
2026-01-19,SKU031,,18.86,future,12.26,25.46
2026-01-20,SKU031,,19.16,future,12.57,25.76
2026-01-21,SKU031,,19.24,future,12.64,25.84
2026-01-22,SKU031,,19.32,future,12.73,25.92
2026-01-23,SKU031,,19.51,future,12.92,26.11
2026-01-24,SKU031,,21.59,future,14.99,28.19
2026-01-25,SKU031,,22.03,future,15.43,28.63
2026-01-26,SKU031,,18.88,future,12.28,25.48
2026-01-27,SKU031,,19.1,future,12.51,25.7
2026-01-28,SKU031,,19.37,future,12.77,25.96
2026-01-29,SKU031,,19.22,future,12.62,25.82
2026-01-30,SKU031,,19.41,future,12.81,26.01
2025-09-03,SKU032,6.0,,history,,
2025-09-04,SKU032,5.0,,history,,
2025-09-05,SKU032,9.0,,history,,
2025-09-06,SKU032,9.0,,history,,
2025-09-07,SKU032,8.0,,history,,
2025-09-08,SKU032,6.0,,history,,
2025-09-09,SKU032,13.0,,history,,
2025-09-10,SKU032,11.0,,history,,
2025-09-11,SKU032,12.0,,history,,
2025-09-12,SKU032,8.0,,history,,
2025-09-13,SKU032,14.0,,history,,
2025-09-14,SKU032,12.0,,history,,
2025-09-15,SKU032,13.0,,history,,
2025-09-16,SKU032,7.0,,history,,
2025-09-17,SKU032,3.0,,history,,
2025-09-18,SKU032,6.0,,history,,
2025-09-19,SKU032,11.0,,history,,
2025-09-20,SKU032,10.0,,history,,
2025-09-21,SKU032,7.0,,history,,
2025-09-22,SKU032,6.0,,history,,
2025-09-23,SKU032,7.0,,history,,
2025-09-24,SKU032,7.0,,history,,
2025-09-25,SKU032,10.0,,history,,
2025-09-26,SKU032,8.0,,history,,
2025-09-27,SKU032,12.0,,history,,
2025-09-28,SKU032,10.0,,history,,
2025-09-29,SKU032,4.0,,history,,
2025-09-30,SKU032,6.0,,history,,
2025-10-01,SKU032,4.0,,history,,
2025-10-02,SKU032,9.0,,history,,
2025-10-03,SKU032,9.0,7.52,backtest,3.49,11.55
2025-10-04,SKU032,4.0,8.8,backtest,4.77,12.83
2025-10-05,SKU032,8.0,8.89,backtest,4.86,12.92
2025-10-06,SKU032,8.0,7.62,backtest,3.59,11.65
2025-10-07,SKU032,7.0,7.54,backtest,3.51,11.57
2025-10-08,SKU032,8.0,7.49,backtest,3.46,11.52
2025-10-09,SKU032,6.0,7.33,backtest,3.3,11.36
2025-10-10,SKU032,7.0,7.51,backtest,3.48,11.54
2025-10-11,SKU032,8.0,8.42,backtest,4.39,12.45
2025-10-12,SKU032,6.0,8.05,backtest,4.03,12.08
2025-10-13,SKU032,5.0,7.2,backtest,3.17,11.23
2025-10-14,SKU032,7.0,7.24,backtest,3.21,11.27
2025-10-15,SKU032,5.0,7.09,backtest,3.06,11.12
2025-10-16,SKU032,5.0,7.2,backtest,3.17,11.23
2025-10-17,SKU032,6.0,7.21,backtest,3.18,11.24
2025-10-18,SKU032,12.0,7.82,backtest,3.79,11.85
2025-10-19,SKU032,8.0,7.95,backtest,3.92,11.98
2025-10-20,SKU032,8.0,7.15,backtest,3.12,11.18
2025-10-21,SKU032,5.0,7.18,backtest,3.15,11.21
2025-10-22,SKU032,8.0,7.16,backtest,3.13,11.19
2025-10-23,SKU032,8.0,7.16,backtest,3.13,11.19
2025-10-24,SKU032,5.0,7.27,backtest,3.24,11.3
2025-10-25,SKU032,8.0,8.01,backtest,3.98,12.04
2025-10-26,SKU032,10.0,8.02,backtest,3.99,12.05
2025-10-27,SKU032,6.0,7.11,backtest,3.08,11.14
2025-10-28,SKU032,12.0,7.21,backtest,3.18,11.24
2025-10-29,SKU032,13.0,7.19,backtest,3.16,11.22
2025-10-30,SKU032,11.0,7.25,backtest,3.22,11.28
2025-10-31,SKU032,4.0,7.29,backtest,3.26,11.32
2025-11-01,SKU032,14.0,9.81,backtest,5.78,13.84
2025-11-02,SKU032,7.0,9.99,backtest,5.96,14.02
2025-11-03,SKU032,7.0,7.28,backtest,3.25,11.31
2025-11-04,SKU032,8.0,7.34,backtest,3.31,11.37
2025-11-05,SKU032,7.0,7.24,backtest,3.21,11.27
2025-11-06,SKU032,8.0,7.34,backtest,3.31,11.36
2025-11-07,SKU032,6.0,7.34,backtest,3.32,11.37
2025-11-08,SKU032,12.0,9.91,backtest,5.88,13.94
2025-11-09,SKU032,13.0,9.8,backtest,5.77,13.83
2025-11-10,SKU032,8.0,7.36,backtest,3.33,11.39
2025-11-11,SKU032,5.0,7.41,backtest,3.38,11.44
2025-11-12,SKU032,7.0,7.34,backtest,3.31,11.37
2025-11-13,SKU032,6.0,7.42,backtest,3.39,11.45
2025-11-14,SKU032,8.0,7.52,backtest,3.49,11.55
2025-11-15,SKU032,11.0,9.99,backtest,5.96,14.02
2025-11-16,SKU032,9.0,10.12,backtest,6.09,14.15
2025-11-17,SKU032,11.0,7.46,backtest,3.43,11.49
2025-11-18,SKU032,11.0,7.41,backtest,3.38,11.44
2025-11-19,SKU032,5.0,7.68,backtest,3.65,11.71
2025-11-20,SKU032,8.0,7.71,backtest,3.68,11.74
2025-11-21,SKU032,10.0,7.67,backtest,3.64,11.7
2025-11-22,SKU032,14.0,10.44,backtest,6.41,14.47
2025-11-23,SKU032,11.0,10.53,backtest,6.5,14.56
2025-11-24,SKU032,5.0,7.5,backtest,3.47,11.53
2025-11-25,SKU032,2.0,7.73,backtest,3.7,11.76
2025-11-26,SKU032,4.0,7.75,backtest,3.72,11.77
2025-11-27,SKU032,10.0,7.33,backtest,3.3,11.36
2025-11-28,SKU032,8.0,7.21,backtest,3.18,11.24
2025-11-29,SKU032,12.0,10.16,backtest,6.13,14.19
2025-11-30,SKU032,9.0,9.78,backtest,5.75,13.8
2025-12-01,SKU032,7.0,7.58,backtest,3.55,11.61
2025-12-02,SKU032,6.0,7.55,backtest,3.52,11.58
2025-12-03,SKU032,12.0,7.54,backtest,3.51,11.57
2025-12-04,SKU032,7.0,7.71,backtest,3.68,11.74
2025-12-05,SKU032,9.0,7.63,backtest,3.6,11.66
2025-12-06,SKU032,7.0,8.83,backtest,4.8,12.86
2025-12-07,SKU032,12.0,9.11,backtest,5.08,13.13
2025-12-08,SKU032,8.0,7.94,backtest,3.91,11.97
2025-12-09,SKU032,6.0,7.86,backtest,3.83,11.89
2025-12-10,SKU032,5.0,7.92,backtest,3.89,11.95
2025-12-11,SKU032,13.0,7.92,backtest,3.89,11.95
2025-12-12,SKU032,7.0,8.0,backtest,3.97,12.03
2025-12-13,SKU032,9.0,9.0,backtest,4.97,13.03
2025-12-14,SKU032,8.0,8.98,backtest,4.95,13.01
2025-12-15,SKU032,9.0,7.99,backtest,3.96,12.02
2025-12-16,SKU032,9.0,8.03,backtest,4.0,12.06
2025-12-17,SKU032,8.0,7.85,backtest,3.82,11.87
2025-12-18,SKU032,8.0,7.99,backtest,3.96,12.02
2025-12-19,SKU032,6.0,8.02,backtest,3.99,12.05
2025-12-20,SKU032,14.0,9.2,backtest,5.18,13.23
2025-12-21,SKU032,14.0,8.57,backtest,4.54,12.6
2025-12-22,SKU032,3.0,7.64,backtest,3.61,11.67
2025-12-23,SKU032,5.0,7.65,backtest,3.62,11.68
2025-12-24,SKU032,6.0,7.98,backtest,3.95,12.01
2025-12-25,SKU032,8.0,8.07,backtest,4.04,12.1
2025-12-26,SKU032,6.0,8.14,backtest,4.11,12.17
2025-12-27,SKU032,12.0,9.24,backtest,5.21,13.27
2025-12-28,SKU032,11.0,9.13,backtest,5.1,13.16
2025-12-29,SKU032,7.0,8.12,backtest,4.1,12.15
2025-12-30,SKU032,7.0,8.22,backtest,4.19,12.25
2025-12-31,SKU032,12.0,8.21,backtest,4.18,12.24
2026-01-01,SKU032,,8.66,future,4.63,12.69
2026-01-02,SKU032,,8.69,future,4.66,12.72
2026-01-03,SKU032,,9.65,future,5.62,13.68
2026-01-04,SKU032,,9.65,future,5.62,13.68
2026-01-05,SKU032,,8.54,future,4.51,12.57
2026-01-06,SKU032,,8.56,future,4.53,12.59
2026-01-07,SKU032,,8.69,future,4.66,12.72
2026-01-08,SKU032,,8.87,future,4.84,12.9
2026-01-09,SKU032,,8.8,future,4.77,12.83
2026-01-10,SKU032,,9.74,future,5.71,13.77
2026-01-11,SKU032,,9.77,future,5.74,13.8
2026-01-12,SKU032,,8.83,future,4.8,12.86
2026-01-13,SKU032,,8.67,future,4.64,12.7
2026-01-14,SKU032,,8.58,future,4.55,12.61
2026-01-15,SKU032,,8.91,future,4.88,12.94
2026-01-16,SKU032,,8.92,future,4.89,12.95
2026-01-17,SKU032,,9.93,future,5.91,13.96
2026-01-18,SKU032,,9.64,future,5.61,13.67
2026-01-19,SKU032,,8.53,future,4.51,12.56
2026-01-20,SKU032,,8.86,future,4.83,12.89
2026-01-21,SKU032,,8.94,future,4.91,12.97
2026-01-22,SKU032,,9.12,future,5.09,13.15
2026-01-23,SKU032,,9.19,future,5.16,13.22
2026-01-24,SKU032,,10.55,future,6.52,14.58
2026-01-25,SKU032,,10.25,future,6.22,14.28
2026-01-26,SKU032,,9.09,future,5.06,13.12
2026-01-27,SKU032,,9.35,future,5.32,13.38
2026-01-28,SKU032,,9.29,future,5.26,13.32
2026-01-29,SKU032,,9.25,future,5.22,13.27
2026-01-30,SKU032,,9.68,future,5.65,13.71
2025-09-03,SKU033,16.0,,history,,
2025-09-04,SKU033,11.0,,history,,
2025-09-05,SKU033,7.0,,history,,
2025-09-06,SKU033,21.0,,history,,
2025-09-07,SKU033,18.0,,history,,
2025-09-08,SKU033,19.0,,history,,
2025-09-09,SKU033,11.0,,history,,
2025-09-10,SKU033,21.0,,history,,
2025-09-11,SKU033,16.0,,history,,
2025-09-12,SKU033,18.0,,history,,
2025-09-13,SKU033,22.0,,history,,
2025-09-14,SKU033,19.0,,history,,
2025-09-15,SKU033,14.0,,history,,
2025-09-16,SKU033,15.0,,history,,
2025-09-17,SKU033,17.0,,history,,
2025-09-18,SKU033,13.0,,history,,
2025-09-19,SKU033,12.0,,history,,
2025-09-20,SKU033,16.0,,history,,
2025-09-21,SKU033,23.0,,history,,
2025-09-22,SKU033,15.0,,history,,
2025-09-23,SKU033,12.0,,history,,
2025-09-24,SKU033,16.0,,history,,
2025-09-25,SKU033,9.0,,history,,
2025-09-26,SKU033,17.0,,history,,
2025-09-27,SKU033,30.0,,history,,
2025-09-28,SKU033,26.0,,history,,
2025-09-29,SKU033,13.0,,history,,
2025-09-30,SKU033,14.0,,history,,
2025-10-01,SKU033,15.0,,history,,
2025-10-02,SKU033,10.0,,history,,
2025-10-03,SKU033,9.0,14.15,backtest,7.06,21.24
2025-10-04,SKU033,26.0,14.65,backtest,7.56,21.74
2025-10-05,SKU033,15.0,15.36,backtest,8.27,22.45
2025-10-06,SKU033,15.0,13.14,backtest,6.05,20.23
2025-10-07,SKU033,14.0,13.44,backtest,6.35,20.53
2025-10-08,SKU033,8.0,13.24,backtest,6.14,20.33
2025-10-09,SKU033,9.0,13.28,backtest,6.19,20.37
2025-10-10,SKU033,15.0,13.34,backtest,6.25,20.43
2025-10-11,SKU033,17.0,16.05,backtest,8.95,23.14
2025-10-12,SKU033,10.0,15.99,backtest,8.9,23.08
2025-10-13,SKU033,18.0,13.29,backtest,6.19,20.38
2025-10-14,SKU033,17.0,13.51,backtest,6.42,20.6
2025-10-15,SKU033,7.0,13.51,backtest,6.41,20.6
2025-10-16,SKU033,12.0,13.54,backtest,6.44,20.63
2025-10-17,SKU033,16.0,13.42,backtest,6.33,20.52
2025-10-18,SKU033,14.0,15.6,backtest,8.51,22.7
2025-10-19,SKU033,16.0,16.4,backtest,9.31,23.49
2025-10-20,SKU033,15.0,13.74,backtest,6.65,20.84
2025-10-21,SKU033,14.0,13.74,backtest,6.65,20.83
2025-10-22,SKU033,9.0,13.84,backtest,6.75,20.94
2025-10-23,SKU033,9.0,13.8,backtest,6.71,20.9
2025-10-24,SKU033,13.0,14.06,backtest,6.97,21.15
2025-10-25,SKU033,19.0,16.89,backtest,9.8,23.98
2025-10-26,SKU033,16.0,16.83,backtest,9.74,23.92
2025-10-27,SKU033,21.0,14.09,backtest,7.0,21.18
2025-10-28,SKU033,13.0,13.87,backtest,6.78,20.96
2025-10-29,SKU033,17.0,13.85,backtest,6.76,20.94
2025-10-30,SKU033,7.0,13.79,backtest,6.7,20.88
2025-10-31,SKU033,14.0,14.16,backtest,7.07,21.26
2025-11-01,SKU033,8.0,19.82,backtest,12.73,26.91
2025-11-02,SKU033,15.0,19.15,backtest,12.06,26.25
2025-11-03,SKU033,21.0,13.09,backtest,5.99,20.18
2025-11-04,SKU033,15.0,13.02,backtest,5.93,20.12
2025-11-05,SKU033,12.0,13.5,backtest,6.41,20.59
2025-11-06,SKU033,10.0,13.69,backtest,6.6,20.78
2025-11-07,SKU033,14.0,13.98,backtest,6.89,21.07
2025-11-08,SKU033,27.0,19.22,backtest,12.13,26.31
2025-11-09,SKU033,20.0,20.02,backtest,12.92,27.11
2025-11-10,SKU033,15.0,14.04,backtest,6.95,21.13
2025-11-11,SKU033,19.0,13.79,backtest,6.7,20.89
2025-11-12,SKU033,14.0,14.03,backtest,6.94,21.12
2025-11-13,SKU033,16.0,14.1,backtest,7.01,21.2
2025-11-14,SKU033,14.0,14.18,backtest,7.09,21.27
2025-11-15,SKU033,23.0,20.1,backtest,13.01,27.2
2025-11-16,SKU033,15.0,20.59,backtest,13.5,27.68
2025-11-17,SKU033,12.0,14.39,backtest,7.3,21.49
2025-11-18,SKU033,11.0,14.21,backtest,7.12,21.31
2025-11-19,SKU033,19.0,14.3,backtest,7.21,21.39
2025-11-20,SKU033,16.0,14.3,backtest,7.21,21.4
2025-11-21,SKU033,12.0,14.82,backtest,7.73,21.92
2025-11-22,SKU033,24.0,21.29,backtest,14.2,28.38
2025-11-23,SKU033,26.0,22.32,backtest,15.22,29.41
2025-11-24,SKU033,12.0,14.03,backtest,6.94,21.12
2025-11-25,SKU033,11.0,14.36,backtest,7.26,21.45
2025-11-26,SKU033,19.0,14.74,backtest,7.65,21.83
2025-11-27,SKU033,13.0,14.58,backtest,7.49,21.67
2025-11-28,SKU033,10.0,14.31,backtest,7.22,21.41
2025-11-29,SKU033,29.0,21.47,backtest,14.37,28.56
2025-11-30,SKU033,27.0,20.55,backtest,13.46,27.64
2025-12-01,SKU033,20.0,14.49,backtest,7.39,21.58
2025-12-02,SKU033,18.0,15.28,backtest,8.19,22.38
2025-12-03,SKU033,15.0,14.68,backtest,7.59,21.77
2025-12-04,SKU033,12.0,14.77,backtest,7.68,21.86
2025-12-05,SKU033,21.0,15.04,backtest,7.95,22.13
2025-12-06,SKU033,10.0,18.02,backtest,10.93,25.11
2025-12-07,SKU033,21.0,17.94,backtest,10.85,25.03
2025-12-08,SKU033,16.0,16.18,backtest,9.09,23.27
2025-12-09,SKU033,18.0,15.3,backtest,8.21,22.39
2025-12-10,SKU033,10.0,15.24,backtest,8.15,22.33
2025-12-11,SKU033,21.0,15.24,backtest,8.15,22.33
2025-12-12,SKU033,14.0,15.02,backtest,7.93,22.11
2025-12-13,SKU033,15.0,16.89,backtest,9.79,23.98
2025-12-14,SKU033,15.0,16.88,backtest,9.78,23.97
2025-12-15,SKU033,15.0,15.09,backtest,8.0,22.18
2025-12-16,SKU033,18.0,15.29,backtest,8.2,22.38
2025-12-17,SKU033,12.0,15.75,backtest,8.66,22.85
2025-12-18,SKU033,17.0,15.32,backtest,8.23,22.42
2025-12-19,SKU033,10.0,15.32,backtest,8.23,22.42
2025-12-20,SKU033,19.0,17.33,backtest,10.24,24.42
2025-12-21,SKU033,25.0,17.68,backtest,10.59,24.77
2025-12-22,SKU033,14.0,15.17,backtest,8.08,22.26
2025-12-23,SKU033,12.0,15.22,backtest,8.13,22.31
2025-12-24,SKU033,6.0,15.77,backtest,8.67,22.86
2025-12-25,SKU033,15.0,15.23,backtest,8.14,22.32
2025-12-26,SKU033,15.0,15.33,backtest,8.23,22.42
2025-12-27,SKU033,17.0,18.39,backtest,11.3,25.48
2025-12-28,SKU033,17.0,18.45,backtest,11.36,25.55
2025-12-29,SKU033,20.0,16.38,backtest,9.29,23.47
2025-12-30,SKU033,16.0,16.3,backtest,9.21,23.39
2025-12-31,SKU033,6.0,16.28,backtest,9.19,23.37
2026-01-01,SKU033,,15.9,future,8.81,23.0
2026-01-02,SKU033,,16.38,future,9.28,23.47
2026-01-03,SKU033,,18.44,future,11.35,25.53
2026-01-04,SKU033,,18.54,future,11.45,25.64
2026-01-05,SKU033,,15.9,future,8.8,22.99
2026-01-06,SKU033,,15.97,future,8.87,23.06
2026-01-07,SKU033,,16.39,future,9.3,23.48
2026-01-08,SKU033,,16.28,future,9.19,23.37
2026-01-09,SKU033,,16.77,future,9.67,23.86
2026-01-10,SKU033,,18.69,future,11.6,25.78
2026-01-11,SKU033,,18.76,future,11.67,25.85
2026-01-12,SKU033,,16.19,future,9.1,23.28
2026-01-13,SKU033,,16.11,future,9.02,23.2
2026-01-14,SKU033,,16.45,future,9.36,23.55
2026-01-15,SKU033,,16.44,future,9.34,23.53
2026-01-16,SKU033,,17.05,future,9.95,24.14
2026-01-17,SKU033,,18.5,future,11.41,25.6
2026-01-18,SKU033,,18.94,future,11.85,26.03
2026-01-19,SKU033,,16.95,future,9.86,24.04
2026-01-20,SKU033,,16.99,future,9.89,24.08
2026-01-21,SKU033,,17.11,future,10.02,24.21
2026-01-22,SKU033,,17.3,future,10.21,24.39
2026-01-23,SKU033,,17.32,future,10.23,24.42
2026-01-24,SKU033,,18.84,future,11.75,25.94
2026-01-25,SKU033,,19.11,future,12.02,26.21
2026-01-26,SKU033,,16.63,future,9.54,23.73
2026-01-27,SKU033,,16.78,future,9.69,23.87
2026-01-28,SKU033,,17.39,future,10.3,24.48
2026-01-29,SKU033,,17.48,future,10.39,24.58
2026-01-30,SKU033,,17.39,future,10.3,24.48
2025-09-03,SKU034,24.0,,history,,
2025-09-04,SKU034,24.0,,history,,
2025-09-05,SKU034,23.0,,history,,
2025-09-06,SKU034,21.0,,history,,
2025-09-07,SKU034,29.0,,history,,
2025-09-08,SKU034,14.0,,history,,
2025-09-09,SKU034,19.0,,history,,
2025-09-10,SKU034,13.0,,history,,
2025-09-11,SKU034,17.0,,history,,
2025-09-12,SKU034,13.0,,history,,
2025-09-13,SKU034,20.0,,history,,
2025-09-14,SKU034,19.0,,history,,
2025-09-15,SKU034,14.0,,history,,
2025-09-16,SKU034,8.0,,history,,
2025-09-17,SKU034,14.0,,history,,
2025-09-18,SKU034,19.0,,history,,
2025-09-19,SKU034,10.0,,history,,
2025-09-20,SKU034,24.0,,history,,
2025-09-21,SKU034,21.0,,history,,
2025-09-22,SKU034,13.0,,history,,
2025-09-23,SKU034,15.0,,history,,
2025-09-24,SKU034,31.0,,history,,
2025-09-25,SKU034,24.0,,history,,
2025-09-26,SKU034,10.0,,history,,
2025-09-27,SKU034,32.0,,history,,
2025-09-28,SKU034,23.0,,history,,
2025-09-29,SKU034,15.0,,history,,
2025-09-30,SKU034,20.0,,history,,
2025-10-01,SKU034,13.0,,history,,
2025-10-02,SKU034,10.0,,history,,
2025-10-03,SKU034,17.0,15.7,backtest,9.22,22.17
2025-10-04,SKU034,14.0,17.04,backtest,10.57,23.52
2025-10-05,SKU034,17.0,17.09,backtest,10.61,23.56
2025-10-06,SKU034,7.0,13.94,backtest,7.47,20.42
2025-10-07,SKU034,17.0,14.51,backtest,8.04,20.99
2025-10-08,SKU034,16.0,13.53,backtest,7.06,20.01
2025-10-09,SKU034,14.0,14.51,backtest,8.03,20.98
2025-10-10,SKU034,11.0,13.89,backtest,7.42,20.36
2025-10-11,SKU034,19.0,15.7,backtest,9.23,22.17
2025-10-12,SKU034,13.0,16.46,backtest,9.99,22.94
2025-10-13,SKU034,18.0,14.18,backtest,7.7,20.65
2025-10-14,SKU034,23.0,14.51,backtest,8.04,20.99
2025-10-15,SKU034,17.0,14.38,backtest,7.91,20.86
2025-10-16,SKU034,13.0,14.69,backtest,8.22,21.17
2025-10-17,SKU034,7.0,14.56,backtest,8.09,21.04
2025-10-18,SKU034,24.0,16.65,backtest,10.18,23.12
2025-10-19,SKU034,13.0,17.27,backtest,10.8,23.74
2025-10-20,SKU034,10.0,14.61,backtest,8.13,21.08
2025-10-21,SKU034,14.0,15.67,backtest,9.2,22.15
2025-10-22,SKU034,16.0,16.36,backtest,9.88,22.83
2025-10-23,SKU034,16.0,15.76,backtest,9.29,22.24
2025-10-24,SKU034,19.0,15.59,backtest,9.11,22.06
2025-10-25,SKU034,13.0,17.87,backtest,11.4,24.35
2025-10-26,SKU034,13.0,17.73,backtest,11.26,24.21
2025-10-27,SKU034,13.0,15.31,backtest,8.83,21.78
2025-10-28,SKU034,14.0,15.46,backtest,8.98,21.93
2025-10-29,SKU034,18.0,15.56,backtest,9.09,22.04
2025-10-30,SKU034,11.0,15.71,backtest,9.24,22.19
2025-10-31,SKU034,13.0,15.95,backtest,9.47,22.42
2025-11-01,SKU034,31.0,22.55,backtest,16.08,29.03
2025-11-02,SKU034,22.0,22.86,backtest,16.38,29.33
2025-11-03,SKU034,13.0,15.84,backtest,9.37,22.31
2025-11-04,SKU034,18.0,15.44,backtest,8.96,21.91
2025-11-05,SKU034,17.0,15.54,backtest,9.07,22.02
2025-11-06,SKU034,15.0,16.11,backtest,9.64,22.59
2025-11-07,SKU034,15.0,15.5,backtest,9.02,21.97
2025-11-08,SKU034,25.0,22.75,backtest,16.27,29.22
2025-11-09,SKU034,26.0,23.16,backtest,16.69,29.63
2025-11-10,SKU034,19.0,15.56,backtest,9.08,22.03
2025-11-11,SKU034,9.0,15.6,backtest,9.12,22.07
2025-11-12,SKU034,21.0,15.85,backtest,9.37,22.32
2025-11-13,SKU034,14.0,15.66,backtest,9.19,22.14
2025-11-14,SKU034,15.0,16.2,backtest,9.73,22.68
2025-11-15,SKU034,17.0,23.87,backtest,17.39,30.34
2025-11-16,SKU034,23.0,23.56,backtest,17.09,30.04
2025-11-17,SKU034,19.0,15.71,backtest,9.23,22.18
2025-11-18,SKU034,15.0,15.99,backtest,9.52,22.47
2025-11-19,SKU034,7.0,16.15,backtest,9.68,22.63
2025-11-20,SKU034,16.0,16.18,backtest,9.7,22.65
2025-11-21,SKU034,24.0,16.29,backtest,9.82,22.76
2025-11-22,SKU034,24.0,23.79,backtest,17.31,30.26
2025-11-23,SKU034,28.0,24.64,backtest,18.17,31.12
2025-11-24,SKU034,18.0,16.56,backtest,10.09,23.03
2025-11-25,SKU034,18.0,16.76,backtest,10.28,23.23
2025-11-26,SKU034,14.0,16.95,backtest,10.48,23.43
2025-11-27,SKU034,15.0,16.58,backtest,10.11,23.06
2025-11-28,SKU034,12.0,17.03,backtest,10.56,23.51
2025-11-29,SKU034,26.0,25.9,backtest,19.43,32.37
2025-11-30,SKU034,27.0,26.17,backtest,19.69,32.64
2025-12-01,SKU034,17.0,16.73,backtest,10.26,23.21
2025-12-02,SKU034,20.0,17.04,backtest,10.57,23.52
2025-12-03,SKU034,21.0,17.08,backtest,10.61,23.55
2025-12-04,SKU034,20.0,17.27,backtest,10.79,23.74
2025-12-05,SKU034,24.0,18.01,backtest,11.53,24.48
2025-12-06,SKU034,19.0,20.66,backtest,14.18,27.13
2025-12-07,SKU034,26.0,21.0,backtest,14.52,27.47
2025-12-08,SKU034,13.0,17.16,backtest,10.69,23.64
2025-12-09,SKU034,15.0,17.23,backtest,10.76,23.71
2025-12-10,SKU034,16.0,18.03,backtest,11.55,24.5
2025-12-11,SKU034,19.0,17.59,backtest,11.11,24.06
2025-12-12,SKU034,21.0,18.02,backtest,11.55,24.5
2025-12-13,SKU034,18.0,20.85,backtest,14.37,27.32
2025-12-14,SKU034,16.0,21.24,backtest,14.76,27.71
2025-12-15,SKU034,13.0,17.37,backtest,10.9,23.85
2025-12-16,SKU034,11.0,17.33,backtest,10.85,23.8
2025-12-17,SKU034,19.0,17.63,backtest,11.15,24.1
2025-12-18,SKU034,13.0,17.89,backtest,11.41,24.36
2025-12-19,SKU034,26.0,18.54,backtest,12.07,25.01
2025-12-20,SKU034,16.0,21.63,backtest,15.16,28.11
2025-12-21,SKU034,21.0,21.63,backtest,15.16,28.1
2025-12-22,SKU034,15.0,17.62,backtest,11.15,24.1
2025-12-23,SKU034,12.0,17.79,backtest,11.31,24.26
2025-12-24,SKU034,21.0,17.5,backtest,11.03,23.98
2025-12-25,SKU034,16.0,17.84,backtest,11.36,24.31
2025-12-26,SKU034,18.0,17.87,backtest,11.4,24.35
2025-12-27,SKU034,18.0,21.52,backtest,15.05,28.0
2025-12-28,SKU034,24.0,21.35,backtest,14.87,27.82
2025-12-29,SKU034,16.0,18.24,backtest,11.76,24.71
2025-12-30,SKU034,10.0,18.61,backtest,12.13,25.08
2025-12-31,SKU034,16.0,18.45,backtest,11.98,24.93
2026-01-01,SKU034,,17.86,future,11.39,24.34
2026-01-02,SKU034,,18.18,future,11.7,24.65
2026-01-03,SKU034,,19.42,future,12.95,25.89
2026-01-04,SKU034,,20.0,future,13.53,26.48
2026-01-05,SKU034,,17.71,future,11.23,24.18
2026-01-06,SKU034,,17.84,future,11.37,24.32
2026-01-07,SKU034,,18.12,future,11.65,24.6
2026-01-08,SKU034,,18.24,future,11.77,24.72
2026-01-09,SKU034,,18.28,future,11.8,24.75
2026-01-10,SKU034,,19.61,future,13.13,26.08
2026-01-11,SKU034,,19.68,future,13.21,26.15
2026-01-12,SKU034,,18.34,future,11.86,24.81
2026-01-13,SKU034,,18.48,future,12.0,24.95
2026-01-14,SKU034,,18.27,future,11.8,24.75
2026-01-15,SKU034,,18.61,future,12.14,25.08
2026-01-16,SKU034,,18.64,future,12.16,25.11
2026-01-17,SKU034,,20.09,future,13.62,26.57
2026-01-18,SKU034,,20.54,future,14.06,27.01
2026-01-19,SKU034,,19.01,future,12.54,25.49
2026-01-20,SKU034,,19.04,future,12.56,25.51
2026-01-21,SKU034,,19.13,future,12.66,25.61
2026-01-22,SKU034,,18.66,future,12.19,25.13
2026-01-23,SKU034,,18.74,future,12.27,25.22
2026-01-24,SKU034,,21.45,future,14.97,27.92
2026-01-25,SKU034,,21.36,future,14.89,27.83
2026-01-26,SKU034,,18.43,future,11.96,24.91
2026-01-27,SKU034,,19.24,future,12.77,25.72
2026-01-28,SKU034,,18.57,future,12.1,25.05
2026-01-29,SKU034,,18.81,future,12.34,25.28
2026-01-30,SKU034,,18.96,future,12.48,25.43
2025-09-03,SKU035,15.0,,history,,
2025-09-04,SKU035,16.0,,history,,
2025-09-05,SKU035,19.0,,history,,
2025-09-06,SKU035,29.0,,history,,
2025-09-07,SKU035,30.0,,history,,
2025-09-08,SKU035,18.0,,history,,
2025-09-09,SKU035,16.0,,history,,
2025-09-10,SKU035,18.0,,history,,
2025-09-11,SKU035,9.0,,history,,
2025-09-12,SKU035,17.0,,history,,
2025-09-13,SKU035,19.0,,history,,
2025-09-14,SKU035,22.0,,history,,
2025-09-15,SKU035,22.0,,history,,
2025-09-16,SKU035,13.0,,history,,
2025-09-17,SKU035,14.0,,history,,
2025-09-18,SKU035,17.0,,history,,
2025-09-19,SKU035,17.0,,history,,
2025-09-20,SKU035,33.0,,history,,
2025-09-21,SKU035,22.0,,history,,
2025-09-22,SKU035,16.0,,history,,
2025-09-23,SKU035,19.0,,history,,
2025-09-24,SKU035,14.0,,history,,
2025-09-25,SKU035,13.0,,history,,
2025-09-26,SKU035,18.0,,history,,
2025-09-27,SKU035,19.0,,history,,
2025-09-28,SKU035,24.0,,history,,
2025-09-29,SKU035,14.0,,history,,
2025-09-30,SKU035,24.0,,history,,
2025-10-01,SKU035,14.0,,history,,
2025-10-02,SKU035,14.0,,history,,
2025-10-03,SKU035,25.0,16.69,backtest,9.38,24.0
2025-10-04,SKU035,20.0,19.67,backtest,12.36,26.98
2025-10-05,SKU035,23.0,18.41,backtest,11.1,25.72
2025-10-06,SKU035,14.0,16.39,backtest,9.08,23.7
2025-10-07,SKU035,16.0,16.05,backtest,8.74,23.36
2025-10-08,SKU035,10.0,16.12,backtest,8.81,23.43
2025-10-09,SKU035,13.0,15.93,backtest,8.62,23.24
2025-10-10,SKU035,13.0,16.51,backtest,9.2,23.82
2025-10-11,SKU035,18.0,18.46,backtest,11.15,25.77
2025-10-12,SKU035,24.0,18.69,backtest,11.38,26.0
2025-10-13,SKU035,19.0,16.44,backtest,9.14,23.75
2025-10-14,SKU035,20.0,16.81,backtest,9.5,24.12
2025-10-15,SKU035,16.0,16.25,backtest,8.94,23.56
2025-10-16,SKU035,21.0,16.19,backtest,8.88,23.5
2025-10-17,SKU035,13.0,16.37,backtest,9.06,23.68
2025-10-18,SKU035,25.0,18.2,backtest,10.89,25.51
2025-10-19,SKU035,15.0,18.88,backtest,11.57,26.18
2025-10-20,SKU035,22.0,15.86,backtest,8.55,23.17
2025-10-21,SKU035,31.0,15.99,backtest,8.68,23.29
2025-10-22,SKU035,17.0,15.86,backtest,8.55,23.17
2025-10-23,SKU035,19.0,15.95,backtest,8.65,23.26
2025-10-24,SKU035,16.0,16.1,backtest,8.79,23.41
2025-10-25,SKU035,10.0,18.27,backtest,10.96,25.58
2025-10-26,SKU035,20.0,18.79,backtest,11.48,26.1
2025-10-27,SKU035,20.0,16.07,backtest,8.77,23.38
2025-10-28,SKU035,14.0,16.25,backtest,8.94,23.56
2025-10-29,SKU035,11.0,15.94,backtest,8.63,23.24
2025-10-30,SKU035,20.0,15.99,backtest,8.68,23.3
2025-10-31,SKU035,17.0,16.07,backtest,8.76,23.38
2025-11-01,SKU035,20.0,22.77,backtest,15.46,30.08
2025-11-02,SKU035,15.0,23.5,backtest,16.19,30.81
2025-11-03,SKU035,15.0,16.94,backtest,9.63,24.25
2025-11-04,SKU035,11.0,17.37,backtest,10.06,24.67
2025-11-05,SKU035,11.0,16.71,backtest,9.4,24.02
2025-11-06,SKU035,17.0,16.9,backtest,9.59,24.21
2025-11-07,SKU035,19.0,17.01,backtest,9.7,24.32
2025-11-08,SKU035,18.0,24.75,backtest,17.44,32.06
2025-11-09,SKU035,22.0,25.8,backtest,18.49,33.11
2025-11-10,SKU035,18.0,16.9,backtest,9.59,24.2
2025-11-11,SKU035,15.0,16.68,backtest,9.37,23.99
2025-11-12,SKU035,15.0,16.57,backtest,9.26,23.87
2025-11-13,SKU035,18.0,16.66,backtest,9.36,23.97
2025-11-14,SKU035,20.0,17.08,backtest,9.77,24.39
2025-11-15,SKU035,17.0,24.94,backtest,17.63,32.25
2025-11-16,SKU035,21.0,25.98,backtest,18.67,33.29
2025-11-17,SKU035,16.0,17.3,backtest,9.99,24.6
2025-11-18,SKU035,20.0,17.35,backtest,10.04,24.66
2025-11-19,SKU035,13.0,16.68,backtest,9.37,23.99
2025-11-20,SKU035,10.0,16.57,backtest,9.26,23.88
2025-11-21,SKU035,21.0,16.6,backtest,9.29,23.91
2025-11-22,SKU035,29.0,25.51,backtest,18.2,32.82
2025-11-23,SKU035,24.0,25.85,backtest,18.54,33.16
2025-11-24,SKU035,9.0,16.77,backtest,9.46,24.08
2025-11-25,SKU035,18.0,17.59,backtest,10.28,24.9
2025-11-26,SKU035,22.0,17.11,backtest,9.8,24.42
2025-11-27,SKU035,14.0,16.84,backtest,9.53,24.14
2025-11-28,SKU035,22.0,16.9,backtest,9.59,24.21
2025-11-29,SKU035,25.0,24.6,backtest,17.29,31.91
2025-11-30,SKU035,21.0,26.11,backtest,18.8,33.42
2025-12-01,SKU035,18.0,17.69,backtest,10.38,25.0
2025-12-02,SKU035,15.0,16.66,backtest,9.35,23.97
2025-12-03,SKU035,13.0,15.99,backtest,8.68,23.3
2025-12-04,SKU035,20.0,17.67,backtest,10.36,24.97
2025-12-05,SKU035,18.0,17.49,backtest,10.19,24.8
2025-12-06,SKU035,21.0,21.57,backtest,14.26,28.88
2025-12-07,SKU035,23.0,21.74,backtest,14.43,29.05
2025-12-08,SKU035,23.0,18.51,backtest,11.2,25.81
2025-12-09,SKU035,11.0,18.66,backtest,11.36,25.97
2025-12-10,SKU035,18.0,18.7,backtest,11.39,26.01
2025-12-11,SKU035,18.0,18.72,backtest,11.41,26.03
2025-12-12,SKU035,19.0,18.86,backtest,11.55,26.17
2025-12-13,SKU035,22.0,21.1,backtest,13.79,28.41
2025-12-14,SKU035,17.0,21.27,backtest,13.96,28.58
2025-12-15,SKU035,18.0,18.33,backtest,11.02,25.64
2025-12-16,SKU035,16.0,18.6,backtest,11.29,25.9
2025-12-17,SKU035,24.0,18.24,backtest,10.93,25.55
2025-12-18,SKU035,19.0,18.67,backtest,11.36,25.98
2025-12-19,SKU035,12.0,19.12,backtest,11.82,26.43
2025-12-20,SKU035,19.0,22.35,backtest,15.04,29.65
2025-12-21,SKU035,19.0,21.4,backtest,14.09,28.7
2025-12-22,SKU035,22.0,17.88,backtest,10.57,25.19
2025-12-23,SKU035,15.0,18.76,backtest,11.45,26.07
2025-12-24,SKU035,26.0,18.25,backtest,10.94,25.56
2025-12-25,SKU035,23.0,18.09,backtest,10.78,25.4
2025-12-26,SKU035,20.0,18.4,backtest,11.1,25.71
2025-12-27,SKU035,16.0,21.99,backtest,14.68,29.3
2025-12-28,SKU035,26.0,22.06,backtest,14.75,29.37
2025-12-29,SKU035,10.0,19.19,backtest,11.89,26.5
2025-12-30,SKU035,16.0,18.62,backtest,11.31,25.92
2025-12-31,SKU035,14.0,18.26,backtest,10.95,25.56
2026-01-01,SKU035,,19.65,future,12.34,26.96
2026-01-02,SKU035,,20.06,future,12.75,27.37
2026-01-03,SKU035,,22.73,future,15.42,30.04
2026-01-04,SKU035,,23.55,future,16.24,30.86
2026-01-05,SKU035,,19.87,future,12.56,27.18
2026-01-06,SKU035,,19.95,future,12.64,27.26
2026-01-07,SKU035,,19.17,future,11.87,26.48
2026-01-08,SKU035,,19.57,future,12.26,26.88
2026-01-09,SKU035,,19.78,future,12.47,27.09
2026-01-10,SKU035,,22.21,future,14.9,29.52
2026-01-11,SKU035,,22.5,future,15.19,29.81
2026-01-12,SKU035,,19.8,future,12.5,27.11
2026-01-13,SKU035,,19.39,future,12.08,26.7
2026-01-14,SKU035,,19.7,future,12.39,27.01
2026-01-15,SKU035,,19.56,future,12.25,26.87
2026-01-16,SKU035,,20.52,future,13.21,27.82
2026-01-17,SKU035,,21.96,future,14.66,29.27
2026-01-18,SKU035,,22.45,future,15.14,29.76
2026-01-19,SKU035,,19.99,future,12.68,27.3
2026-01-20,SKU035,,20.34,future,13.03,27.65
2026-01-21,SKU035,,20.25,future,12.94,27.56
2026-01-22,SKU035,,20.01,future,12.7,27.32
2026-01-23,SKU035,,19.65,future,12.34,26.96
2026-01-24,SKU035,,22.2,future,14.9,29.51
2026-01-25,SKU035,,22.97,future,15.66,30.28
2026-01-26,SKU035,,20.77,future,13.46,28.08
2026-01-27,SKU035,,19.57,future,12.26,26.88
2026-01-28,SKU035,,20.09,future,12.78,27.4
2026-01-29,SKU035,,19.39,future,12.08,26.7
2026-01-30,SKU035,,19.53,future,12.22,26.84
2025-09-03,SKU036,3.0,,history,,
2025-09-04,SKU036,6.0,,history,,
2025-09-05,SKU036,2.0,,history,,
2025-09-06,SKU036,6.0,,history,,
2025-09-07,SKU036,5.0,,history,,
2025-09-08,SKU036,2.0,,history,,
2025-09-09,SKU036,4.0,,history,,
2025-09-10,SKU036,5.0,,history,,
2025-09-11,SKU036,2.0,,history,,
2025-09-12,SKU036,3.0,,history,,
2025-09-13,SKU036,3.0,,history,,
2025-09-14,SKU036,7.0,,history,,
2025-09-15,SKU036,4.0,,history,,
2025-09-16,SKU036,3.0,,history,,
2025-09-17,SKU036,4.0,,history,,
2025-09-18,SKU036,4.0,,history,,
2025-09-19,SKU036,4.0,,history,,
2025-09-20,SKU036,9.0,,history,,
2025-09-21,SKU036,7.0,,history,,
2025-09-22,SKU036,4.0,,history,,
2025-09-23,SKU036,1.0,,history,,
2025-09-24,SKU036,3.0,,history,,
2025-09-25,SKU036,4.0,,history,,
2025-09-26,SKU036,4.0,,history,,
2025-09-27,SKU036,5.0,,history,,
2025-09-28,SKU036,6.0,,history,,
2025-09-29,SKU036,7.0,,history,,
2025-09-30,SKU036,3.0,,history,,
2025-10-01,SKU036,5.0,,history,,
2025-10-02,SKU036,1.0,,history,,
2025-10-03,SKU036,6.0,3.99,backtest,0.79,7.19
2025-10-04,SKU036,7.0,4.4,backtest,1.2,7.6
2025-10-05,SKU036,4.0,4.45,backtest,1.25,7.65
2025-10-06,SKU036,2.0,3.96,backtest,0.76,7.16
2025-10-07,SKU036,3.0,3.93,backtest,0.73,7.13
2025-10-08,SKU036,3.0,4.08,backtest,0.88,7.28
2025-10-09,SKU036,0.0,3.88,backtest,0.68,7.08
2025-10-10,SKU036,0.0,3.96,backtest,0.76,7.16
2025-10-11,SKU036,7.0,4.33,backtest,1.13,7.53
2025-10-12,SKU036,4.0,4.42,backtest,1.22,7.62
2025-10-13,SKU036,2.0,4.04,backtest,0.84,7.24
2025-10-14,SKU036,2.0,3.99,backtest,0.79,7.19
2025-10-15,SKU036,0.0,4.0,backtest,0.8,7.2
2025-10-16,SKU036,4.0,4.0,backtest,0.81,7.2
2025-10-17,SKU036,3.0,4.04,backtest,0.84,7.24
2025-10-18,SKU036,3.0,4.42,backtest,1.22,7.62
2025-10-19,SKU036,5.0,4.59,backtest,1.4,7.79
2025-10-20,SKU036,4.0,3.93,backtest,0.73,7.13
2025-10-21,SKU036,4.0,3.9,backtest,0.7,7.1
2025-10-22,SKU036,10.0,4.09,backtest,0.89,7.29
2025-10-23,SKU036,5.0,4.11,backtest,0.91,7.31
2025-10-24,SKU036,4.0,4.14,backtest,0.94,7.34
2025-10-25,SKU036,5.0,4.53,backtest,1.33,7.73
2025-10-26,SKU036,2.0,4.6,backtest,1.4,7.8
2025-10-27,SKU036,3.0,4.16,backtest,0.96,7.36
2025-10-28,SKU036,5.0,3.92,backtest,0.72,7.12
2025-10-29,SKU036,4.0,3.94,backtest,0.74,7.14
2025-10-30,SKU036,3.0,3.93,backtest,0.73,7.12
2025-10-31,SKU036,7.0,4.16,backtest,0.96,7.36
2025-11-01,SKU036,3.0,5.75,backtest,2.55,8.95
2025-11-02,SKU036,4.0,5.04,backtest,1.84,8.24
2025-11-03,SKU036,3.0,3.57,backtest,0.37,6.77
2025-11-04,SKU036,4.0,3.58,backtest,0.38,6.78
2025-11-05,SKU036,4.0,3.59,backtest,0.39,6.79
2025-11-06,SKU036,3.0,3.57,backtest,0.37,6.77
2025-11-07,SKU036,3.0,3.6,backtest,0.4,6.8
2025-11-08,SKU036,7.0,5.35,backtest,2.15,8.55
2025-11-09,SKU036,3.0,4.95,backtest,1.75,8.14
2025-11-10,SKU036,6.0,3.53,backtest,0.33,6.73
2025-11-11,SKU036,4.0,3.88,backtest,0.68,7.08
2025-11-12,SKU036,5.0,3.88,backtest,0.68,7.08
2025-11-13,SKU036,5.0,4.09,backtest,0.89,7.29
2025-11-14,SKU036,7.0,4.11,backtest,0.91,7.31
2025-11-15,SKU036,2.0,5.62,backtest,2.43,8.82
2025-11-16,SKU036,1.0,5.67,backtest,2.47,8.87
2025-11-17,SKU036,2.0,4.07,backtest,0.87,7.27
2025-11-18,SKU036,2.0,4.06,backtest,0.86,7.26
2025-11-19,SKU036,5.0,4.13,backtest,0.93,7.33
2025-11-20,SKU036,4.0,4.22,backtest,1.02,7.42
2025-11-21,SKU036,8.0,4.26,backtest,1.06,7.46
2025-11-22,SKU036,7.0,5.95,backtest,2.75,9.15
2025-11-23,SKU036,7.0,5.97,backtest,2.77,9.17
2025-11-24,SKU036,5.0,4.17,backtest,0.97,7.37
2025-11-25,SKU036,2.0,4.16,backtest,0.96,7.36
2025-11-26,SKU036,7.0,4.12,backtest,0.92,7.32
2025-11-27,SKU036,3.0,4.12,backtest,0.92,7.32
2025-11-28,SKU036,3.0,4.11,backtest,0.91,7.31
2025-11-29,SKU036,6.0,5.83,backtest,2.63,9.03
2025-11-30,SKU036,5.0,5.6,backtest,2.4,8.8
2025-12-01,SKU036,0.0,4.18,backtest,0.98,7.38
2025-12-02,SKU036,7.0,3.97,backtest,0.77,7.17
2025-12-03,SKU036,3.0,4.07,backtest,0.87,7.27
2025-12-04,SKU036,2.0,3.97,backtest,0.77,7.17
2025-12-05,SKU036,3.0,4.0,backtest,0.8,7.2
2025-12-06,SKU036,7.0,4.92,backtest,1.72,8.11
2025-12-07,SKU036,5.0,4.75,backtest,1.55,7.95
2025-12-08,SKU036,5.0,4.37,backtest,1.17,7.57
2025-12-09,SKU036,4.0,4.38,backtest,1.18,7.58
2025-12-10,SKU036,5.0,4.34,backtest,1.14,7.54
2025-12-11,SKU036,2.0,4.35,backtest,1.15,7.55
2025-12-12,SKU036,3.0,4.44,backtest,1.24,7.64
2025-12-13,SKU036,8.0,4.84,backtest,1.64,8.04
2025-12-14,SKU036,4.0,4.79,backtest,1.59,7.99
2025-12-15,SKU036,5.0,4.42,backtest,1.22,7.62
2025-12-16,SKU036,5.0,4.39,backtest,1.19,7.59
2025-12-17,SKU036,6.0,4.43,backtest,1.23,7.63
2025-12-18,SKU036,7.0,4.38,backtest,1.18,7.58
2025-12-19,SKU036,5.0,4.49,backtest,1.29,7.69
2025-12-20,SKU036,4.0,4.86,backtest,1.66,8.06
2025-12-21,SKU036,4.0,4.93,backtest,1.73,8.13
2025-12-22,SKU036,3.0,4.39,backtest,1.19,7.59
2025-12-23,SKU036,3.0,4.4,backtest,1.2,7.6
2025-12-24,SKU036,6.0,4.55,backtest,1.35,7.75
2025-12-25,SKU036,2.0,4.54,backtest,1.34,7.73
2025-12-26,SKU036,6.0,4.53,backtest,1.33,7.73
2025-12-27,SKU036,4.0,4.96,backtest,1.76,8.16
2025-12-28,SKU036,6.0,5.02,backtest,1.82,8.22
2025-12-29,SKU036,4.0,4.61,backtest,1.41,7.8
2025-12-30,SKU036,2.0,4.65,backtest,1.45,7.85
2025-12-31,SKU036,3.0,4.66,backtest,1.47,7.86
2026-01-01,SKU036,,4.39,future,1.19,7.59
2026-01-02,SKU036,,4.39,future,1.19,7.59
2026-01-03,SKU036,,5.07,future,1.87,8.27
2026-01-04,SKU036,,5.02,future,1.82,8.22
2026-01-05,SKU036,,4.45,future,1.25,7.65
2026-01-06,SKU036,,4.41,future,1.21,7.61
2026-01-07,SKU036,,4.46,future,1.26,7.66
2026-01-08,SKU036,,4.45,future,1.25,7.65
2026-01-09,SKU036,,4.64,future,1.45,7.84
2026-01-10,SKU036,,5.27,future,2.07,8.47
2026-01-11,SKU036,,5.15,future,1.95,8.35
2026-01-12,SKU036,,4.61,future,1.41,7.81
2026-01-13,SKU036,,4.59,future,1.39,7.79
2026-01-14,SKU036,,4.63,future,1.43,7.83
2026-01-15,SKU036,,4.65,future,1.45,7.85
2026-01-16,SKU036,,4.6,future,1.4,7.8
2026-01-17,SKU036,,5.12,future,1.92,8.32
2026-01-18,SKU036,,5.1,future,1.9,8.3
2026-01-19,SKU036,,4.48,future,1.28,7.68
2026-01-20,SKU036,,4.56,future,1.36,7.76
2026-01-21,SKU036,,4.63,future,1.43,7.83
2026-01-22,SKU036,,4.57,future,1.37,7.77
2026-01-23,SKU036,,4.66,future,1.46,7.86
2026-01-24,SKU036,,5.19,future,1.99,8.39
2026-01-25,SKU036,,5.19,future,1.99,8.39
2026-01-26,SKU036,,4.48,future,1.28,7.68
2026-01-27,SKU036,,4.54,future,1.34,7.74
2026-01-28,SKU036,,4.54,future,1.34,7.74
2026-01-29,SKU036,,4.77,future,1.57,7.97
2026-01-30,SKU036,,4.87,future,1.67,8.07
2025-09-03,SKU037,23.0,,history,,
2025-09-04,SKU037,12.0,,history,,
2025-09-05,SKU037,16.0,,history,,
2025-09-06,SKU037,21.0,,history,,
2025-09-07,SKU037,27.0,,history,,
2025-09-08,SKU037,19.0,,history,,
2025-09-09,SKU037,16.0,,history,,
2025-09-10,SKU037,22.0,,history,,
2025-09-11,SKU037,18.0,,history,,
2025-09-12,SKU037,22.0,,history,,
2025-09-13,SKU037,29.0,,history,,
2025-09-14,SKU037,28.0,,history,,
2025-09-15,SKU037,13.0,,history,,
2025-09-16,SKU037,23.0,,history,,
2025-09-17,SKU037,18.0,,history,,
2025-09-18,SKU037,28.0,,history,,
2025-09-19,SKU037,28.0,,history,,
2025-09-20,SKU037,30.0,,history,,
2025-09-21,SKU037,25.0,,history,,
2025-09-22,SKU037,23.0,,history,,
2025-09-23,SKU037,32.0,,history,,
2025-09-24,SKU037,16.0,,history,,
2025-09-25,SKU037,19.0,,history,,
2025-09-26,SKU037,22.0,,history,,
2025-09-27,SKU037,21.0,,history,,
2025-09-28,SKU037,24.0,,history,,
2025-09-29,SKU037,19.0,,history,,
2025-09-30,SKU037,23.0,,history,,
2025-10-01,SKU037,13.0,,history,,
2025-10-02,SKU037,21.0,,history,,
2025-10-03,SKU037,22.0,19.36,backtest,12.47,26.25
2025-10-04,SKU037,21.0,22.12,backtest,15.23,29.02
2025-10-05,SKU037,21.0,22.12,backtest,15.23,29.02
2025-10-06,SKU037,17.0,18.42,backtest,11.53,25.32
2025-10-07,SKU037,14.0,19.26,backtest,12.37,26.16
2025-10-08,SKU037,23.0,18.92,backtest,12.03,25.82
2025-10-09,SKU037,19.0,18.47,backtest,11.58,25.36
2025-10-10,SKU037,21.0,18.54,backtest,11.65,25.43
2025-10-11,SKU037,15.0,22.45,backtest,15.56,29.34
2025-10-12,SKU037,19.0,23.08,backtest,16.19,29.97
2025-10-13,SKU037,18.0,19.07,backtest,12.18,25.96
2025-10-14,SKU037,16.0,18.99,backtest,12.1,25.88
2025-10-15,SKU037,22.0,19.65,backtest,12.76,26.54
2025-10-16,SKU037,27.0,19.23,backtest,12.34,26.13
2025-10-17,SKU037,20.0,19.83,backtest,12.94,26.72
2025-10-18,SKU037,20.0,22.17,backtest,15.27,29.06
2025-10-19,SKU037,24.0,23.16,backtest,16.27,30.05
2025-10-20,SKU037,20.0,19.62,backtest,12.73,26.51
2025-10-21,SKU037,22.0,20.21,backtest,13.32,27.1
2025-10-22,SKU037,27.0,18.79,backtest,11.9,25.69
2025-10-23,SKU037,13.0,19.01,backtest,12.11,25.9
2025-10-24,SKU037,20.0,19.46,backtest,12.57,26.35
2025-10-25,SKU037,19.0,21.73,backtest,14.84,28.62
2025-10-26,SKU037,18.0,22.38,backtest,15.49,29.27
2025-10-27,SKU037,24.0,18.83,backtest,11.94,25.72
2025-10-28,SKU037,15.0,19.45,backtest,12.56,26.34
2025-10-29,SKU037,29.0,19.23,backtest,12.34,26.13
2025-10-30,SKU037,18.0,19.67,backtest,12.78,26.56
2025-10-31,SKU037,19.0,19.19,backtest,12.29,26.08
2025-11-01,SKU037,27.0,28.11,backtest,21.22,35.0
2025-11-02,SKU037,22.0,27.17,backtest,20.28,34.06
2025-11-03,SKU037,25.0,20.18,backtest,13.29,27.07
2025-11-04,SKU037,19.0,19.65,backtest,12.75,26.54
2025-11-05,SKU037,25.0,20.63,backtest,13.73,27.52
2025-11-06,SKU037,19.0,19.64,backtest,12.74,26.53
2025-11-07,SKU037,26.0,19.69,backtest,12.8,26.58
2025-11-08,SKU037,30.0,28.21,backtest,21.32,35.1
2025-11-09,SKU037,27.0,29.56,backtest,22.67,36.45
2025-11-10,SKU037,22.0,20.45,backtest,13.56,27.34
2025-11-11,SKU037,23.0,20.39,backtest,13.5,27.28
2025-11-12,SKU037,20.0,20.21,backtest,13.32,27.11
2025-11-13,SKU037,22.0,20.08,backtest,13.19,26.97
2025-11-14,SKU037,21.0,19.98,backtest,13.09,26.87
2025-11-15,SKU037,22.0,29.0,backtest,22.11,35.89
2025-11-16,SKU037,20.0,29.64,backtest,22.75,36.53
2025-11-17,SKU037,25.0,20.13,backtest,13.24,27.02
2025-11-18,SKU037,14.0,20.17,backtest,13.28,27.06
2025-11-19,SKU037,27.0,19.98,backtest,13.09,26.87
2025-11-20,SKU037,23.0,19.89,backtest,13.0,26.78
2025-11-21,SKU037,23.0,19.98,backtest,13.09,26.87
2025-11-22,SKU037,27.0,27.93,backtest,21.04,34.83
2025-11-23,SKU037,27.0,29.44,backtest,22.55,36.34
2025-11-24,SKU037,19.0,19.89,backtest,13.0,26.78
2025-11-25,SKU037,16.0,19.48,backtest,12.58,26.37
2025-11-26,SKU037,20.0,19.93,backtest,13.04,26.82
2025-11-27,SKU037,15.0,19.58,backtest,12.69,26.48
2025-11-28,SKU037,19.0,19.44,backtest,12.55,26.34
2025-11-29,SKU037,23.0,28.49,backtest,21.6,35.38
2025-11-30,SKU037,32.0,28.88,backtest,21.99,35.77
2025-12-01,SKU037,26.0,20.42,backtest,13.53,27.31
2025-12-02,SKU037,23.0,20.46,backtest,13.57,27.35
2025-12-03,SKU037,17.0,21.49,backtest,14.6,28.38
2025-12-04,SKU037,12.0,21.37,backtest,14.47,28.26
2025-12-05,SKU037,25.0,22.16,backtest,15.27,29.05
2025-12-06,SKU037,30.0,26.22,backtest,19.33,33.11
2025-12-07,SKU037,22.0,26.37,backtest,19.48,33.27
2025-12-08,SKU037,16.0,22.65,backtest,15.76,29.54
2025-12-09,SKU037,22.0,22.98,backtest,16.09,29.87
2025-12-10,SKU037,19.0,22.79,backtest,15.9,29.69
2025-12-11,SKU037,16.0,22.22,backtest,15.33,29.12
2025-12-12,SKU037,18.0,21.62,backtest,14.72,28.51
2025-12-13,SKU037,20.0,25.58,backtest,18.69,32.47
2025-12-14,SKU037,22.0,26.27,backtest,19.38,33.17
2025-12-15,SKU037,19.0,21.78,backtest,14.89,28.67
2025-12-16,SKU037,14.0,21.42,backtest,14.53,28.31
2025-12-17,SKU037,25.0,21.85,backtest,14.96,28.74
2025-12-18,SKU037,19.0,21.98,backtest,15.09,28.87
2025-12-19,SKU037,17.0,22.5,backtest,15.6,29.39
2025-12-20,SKU037,19.0,26.43,backtest,19.54,33.32
2025-12-21,SKU037,26.0,26.73,backtest,19.84,33.62
2025-12-22,SKU037,28.0,22.34,backtest,15.45,29.23
2025-12-23,SKU037,20.0,22.02,backtest,15.13,28.91
2025-12-24,SKU037,22.0,21.87,backtest,14.98,28.76
2025-12-25,SKU037,23.0,21.03,backtest,14.13,27.92
2025-12-26,SKU037,23.0,21.67,backtest,14.78,28.56
2025-12-27,SKU037,20.0,25.92,backtest,19.03,32.81
2025-12-28,SKU037,25.0,26.55,backtest,19.66,33.44
2025-12-29,SKU037,19.0,22.36,backtest,15.47,29.25
2025-12-30,SKU037,23.0,22.45,backtest,15.56,29.34
2025-12-31,SKU037,17.0,22.74,backtest,15.85,29.63
2026-01-01,SKU037,,21.19,future,14.29,28.08
2026-01-02,SKU037,,21.74,future,14.85,28.63
2026-01-03,SKU037,,22.93,future,16.03,29.82
2026-01-04,SKU037,,23.84,future,16.95,30.73
2026-01-05,SKU037,,21.09,future,14.2,27.99
2026-01-06,SKU037,,21.69,future,14.8,28.59
2026-01-07,SKU037,,21.23,future,14.34,28.12
2026-01-08,SKU037,,22.06,future,15.17,28.95
2026-01-09,SKU037,,22.17,future,15.28,29.06
2026-01-10,SKU037,,24.97,future,18.08,31.86
2026-01-11,SKU037,,25.13,future,18.24,32.02
2026-01-12,SKU037,,21.58,future,14.69,28.47
2026-01-13,SKU037,,21.91,future,15.02,28.8
2026-01-14,SKU037,,21.74,future,14.84,28.63
2026-01-15,SKU037,,21.92,future,15.03,28.81
2026-01-16,SKU037,,21.83,future,14.94,28.72
2026-01-17,SKU037,,25.04,future,18.15,31.93
2026-01-18,SKU037,,25.72,future,18.83,32.62
2026-01-19,SKU037,,21.94,future,15.05,28.83
2026-01-20,SKU037,,22.1,future,15.21,29.0
2026-01-21,SKU037,,22.26,future,15.37,29.16
2026-01-22,SKU037,,22.08,future,15.19,28.97
2026-01-23,SKU037,,22.19,future,15.3,29.08
2026-01-24,SKU037,,25.48,future,18.59,32.37
2026-01-25,SKU037,,26.35,future,19.46,33.24
2026-01-26,SKU037,,22.06,future,15.17,28.95
2026-01-27,SKU037,,22.41,future,15.52,29.3
2026-01-28,SKU037,,22.51,future,15.62,29.41
2026-01-29,SKU037,,22.53,future,15.64,29.42
2026-01-30,SKU037,,22.82,future,15.93,29.71
2025-09-03,SKU038,3.0,,history,,
2025-09-04,SKU038,6.0,,history,,
2025-09-05,SKU038,4.0,,history,,
2025-09-06,SKU038,10.0,,history,,
2025-09-07,SKU038,11.0,,history,,
2025-09-08,SKU038,7.0,,history,,
2025-09-09,SKU038,4.0,,history,,
2025-09-10,SKU038,3.0,,history,,
2025-09-11,SKU038,7.0,,history,,
2025-09-12,SKU038,3.0,,history,,
2025-09-13,SKU038,13.0,,history,,
2025-09-14,SKU038,10.0,,history,,
2025-09-15,SKU038,7.0,,history,,
2025-09-16,SKU038,7.0,,history,,
2025-09-17,SKU038,10.0,,history,,
2025-09-18,SKU038,4.0,,history,,
2025-09-19,SKU038,5.0,,history,,
2025-09-20,SKU038,4.0,,history,,
2025-09-21,SKU038,3.0,,history,,
2025-09-22,SKU038,4.0,,history,,
2025-09-23,SKU038,4.0,,history,,
2025-09-24,SKU038,4.0,,history,,
2025-09-25,SKU038,7.0,,history,,
2025-09-26,SKU038,6.0,,history,,
2025-09-27,SKU038,14.0,,history,,
2025-09-28,SKU038,10.0,,history,,
2025-09-29,SKU038,6.0,,history,,
2025-09-30,SKU038,2.0,,history,,
2025-10-01,SKU038,5.0,,history,,
2025-10-02,SKU038,6.0,,history,,
2025-10-03,SKU038,4.0,5.87,backtest,1.68,10.05
2025-10-04,SKU038,4.0,6.38,backtest,2.2,10.56
2025-10-05,SKU038,13.0,6.35,backtest,2.17,10.54
2025-10-06,SKU038,7.0,5.64,backtest,1.46,9.83
2025-10-07,SKU038,7.0,5.6,backtest,1.42,9.79
2025-10-08,SKU038,6.0,5.61,backtest,1.42,9.79
2025-10-09,SKU038,6.0,5.72,backtest,1.54,9.91
2025-10-10,SKU038,6.0,5.69,backtest,1.51,9.88
2025-10-11,SKU038,6.0,6.26,backtest,2.08,10.44
2025-10-12,SKU038,10.0,6.34,backtest,2.16,10.52
2025-10-13,SKU038,9.0,5.48,backtest,1.29,9.66
2025-10-14,SKU038,6.0,5.5,backtest,1.32,9.68
2025-10-15,SKU038,5.0,5.43,backtest,1.25,9.62
2025-10-16,SKU038,5.0,5.44,backtest,1.26,9.62
2025-10-17,SKU038,6.0,5.51,backtest,1.33,9.7
2025-10-18,SKU038,6.0,6.14,backtest,1.96,10.33
2025-10-19,SKU038,7.0,6.22,backtest,2.04,10.41
2025-10-20,SKU038,6.0,5.42,backtest,1.24,9.61
2025-10-21,SKU038,3.0,5.43,backtest,1.25,9.62
2025-10-22,SKU038,6.0,5.44,backtest,1.25,9.62
2025-10-23,SKU038,8.0,5.83,backtest,1.65,10.02
2025-10-24,SKU038,7.0,5.62,backtest,1.43,9.8
2025-10-25,SKU038,8.0,6.32,backtest,2.13,10.5
2025-10-26,SKU038,6.0,6.23,backtest,2.05,10.41
2025-10-27,SKU038,3.0,5.45,backtest,1.27,9.64
2025-10-28,SKU038,8.0,5.39,backtest,1.21,9.57
2025-10-29,SKU038,8.0,5.47,backtest,1.29,9.66
2025-10-30,SKU038,5.0,5.62,backtest,1.43,9.8
2025-10-31,SKU038,6.0,5.64,backtest,1.46,9.82
2025-11-01,SKU038,3.0,8.4,backtest,4.21,12.58
2025-11-02,SKU038,4.0,9.14,backtest,4.96,13.32
2025-11-03,SKU038,8.0,5.91,backtest,1.73,10.1
2025-11-04,SKU038,5.0,5.94,backtest,1.76,10.13
2025-11-05,SKU038,5.0,5.92,backtest,1.74,10.11
2025-11-06,SKU038,10.0,5.95,backtest,1.76,10.13
2025-11-07,SKU038,5.0,6.06,backtest,1.88,10.25
2025-11-08,SKU038,9.0,8.97,backtest,4.79,13.16
2025-11-09,SKU038,8.0,9.12,backtest,4.93,13.3
2025-11-10,SKU038,5.0,5.88,backtest,1.7,10.06
2025-11-11,SKU038,6.0,5.89,backtest,1.7,10.07
2025-11-12,SKU038,9.0,5.85,backtest,1.67,10.03
2025-11-13,SKU038,4.0,5.95,backtest,1.77,10.14
2025-11-14,SKU038,7.0,6.06,backtest,1.87,10.24
2025-11-15,SKU038,7.0,9.18,backtest,4.99,13.36
2025-11-16,SKU038,10.0,9.14,backtest,4.96,13.33
2025-11-17,SKU038,7.0,5.94,backtest,1.76,10.13
2025-11-18,SKU038,8.0,5.89,backtest,1.71,10.07
2025-11-19,SKU038,5.0,6.16,backtest,1.97,10.34
2025-11-20,SKU038,8.0,6.28,backtest,2.09,10.46
2025-11-21,SKU038,14.0,6.31,backtest,2.12,10.49
2025-11-22,SKU038,13.0,9.33,backtest,5.15,13.52
2025-11-23,SKU038,6.0,9.38,backtest,5.2,13.56
2025-11-24,SKU038,6.0,5.97,backtest,1.79,10.16
2025-11-25,SKU038,8.0,6.05,backtest,1.86,10.23
2025-11-26,SKU038,8.0,6.02,backtest,1.83,10.2
2025-11-27,SKU038,8.0,6.05,backtest,1.87,10.24
2025-11-28,SKU038,6.0,6.1,backtest,1.91,10.28
2025-11-29,SKU038,9.0,9.18,backtest,4.99,13.36
2025-11-30,SKU038,16.0,9.01,backtest,4.83,13.2
2025-12-01,SKU038,5.0,6.27,backtest,2.09,10.46
2025-12-02,SKU038,5.0,6.6,backtest,2.41,10.78
2025-12-03,SKU038,5.0,6.67,backtest,2.49,10.85
2025-12-04,SKU038,6.0,6.81,backtest,2.62,10.99
2025-12-05,SKU038,5.0,6.73,backtest,2.54,10.91
2025-12-06,SKU038,7.0,7.93,backtest,3.75,12.11
2025-12-07,SKU038,6.0,7.89,backtest,3.71,12.07
2025-12-08,SKU038,9.0,7.02,backtest,2.84,11.2
2025-12-09,SKU038,11.0,7.12,backtest,2.94,11.3
2025-12-10,SKU038,5.0,7.13,backtest,2.95,11.32
2025-12-11,SKU038,3.0,7.21,backtest,3.03,11.39
2025-12-12,SKU038,8.0,7.32,backtest,3.14,11.51
2025-12-13,SKU038,8.0,7.97,backtest,3.78,12.15
2025-12-14,SKU038,5.0,7.92,backtest,3.74,12.11
2025-12-15,SKU038,5.0,7.18,backtest,3.0,11.36
2025-12-16,SKU038,6.0,7.17,backtest,2.99,11.36
2025-12-17,SKU038,5.0,7.09,backtest,2.91,11.28
2025-12-18,SKU038,11.0,7.32,backtest,3.14,11.51
2025-12-19,SKU038,12.0,7.46,backtest,3.28,11.64
2025-12-20,SKU038,5.0,7.94,backtest,3.76,12.13
2025-12-21,SKU038,5.0,7.77,backtest,3.58,11.95
2025-12-22,SKU038,6.0,7.02,backtest,2.84,11.21
2025-12-23,SKU038,10.0,7.05,backtest,2.87,11.23
2025-12-24,SKU038,11.0,7.16,backtest,2.98,11.34
2025-12-25,SKU038,4.0,7.26,backtest,3.08,11.44
2025-12-26,SKU038,7.0,7.28,backtest,3.1,11.47
2025-12-27,SKU038,8.0,7.84,backtest,3.66,12.03
2025-12-28,SKU038,10.0,8.22,backtest,4.03,12.4
2025-12-29,SKU038,7.0,7.06,backtest,2.88,11.24
2025-12-30,SKU038,13.0,7.22,backtest,3.03,11.4
2025-12-31,SKU038,11.0,7.22,backtest,3.04,11.41
2026-01-01,SKU038,,7.52,future,3.34,11.7
2026-01-02,SKU038,,7.62,future,3.43,11.8
2026-01-03,SKU038,,8.5,future,4.32,12.69
2026-01-04,SKU038,,8.52,future,4.33,12.7
2026-01-05,SKU038,,7.45,future,3.27,11.63
2026-01-06,SKU038,,7.23,future,3.04,11.41
2026-01-07,SKU038,,7.37,future,3.18,11.55
2026-01-08,SKU038,,7.4,future,3.21,11.58
2026-01-09,SKU038,,7.49,future,3.3,11.67
2026-01-10,SKU038,,8.19,future,4.01,12.37
2026-01-11,SKU038,,8.18,future,4.0,12.36
2026-01-12,SKU038,,7.28,future,3.1,11.47
2026-01-13,SKU038,,7.41,future,3.23,11.6
2026-01-14,SKU038,,7.57,future,3.39,11.76
2026-01-15,SKU038,,7.65,future,3.47,11.83
2026-01-16,SKU038,,7.41,future,3.22,11.59
2026-01-17,SKU038,,8.22,future,4.04,12.41
2026-01-18,SKU038,,8.36,future,4.18,12.54
2026-01-19,SKU038,,7.56,future,3.38,11.74
2026-01-20,SKU038,,7.45,future,3.27,11.63
2026-01-21,SKU038,,7.41,future,3.23,11.6
2026-01-22,SKU038,,7.41,future,3.23,11.59
2026-01-23,SKU038,,7.79,future,3.61,11.98
2026-01-24,SKU038,,8.78,future,4.6,12.96
2026-01-25,SKU038,,8.76,future,4.58,12.95
2026-01-26,SKU038,,7.67,future,3.49,11.86
2026-01-27,SKU038,,7.4,future,3.21,11.58
2026-01-28,SKU038,,7.34,future,3.15,11.52
2026-01-29,SKU038,,7.56,future,3.38,11.75
2026-01-30,SKU038,,7.64,future,3.46,11.82
2025-09-03,SKU039,0.0,,history,,
2025-09-04,SKU039,1.0,,history,,
2025-09-05,SKU039,3.0,,history,,
2025-09-06,SKU039,2.0,,history,,
2025-09-07,SKU039,4.0,,history,,
2025-09-08,SKU039,2.0,,history,,
2025-09-09,SKU039,1.0,,history,,
2025-09-10,SKU039,1.0,,history,,
2025-09-11,SKU039,3.0,,history,,
2025-09-12,SKU039,5.0,,history,,
2025-09-13,SKU039,2.0,,history,,
2025-09-14,SKU039,6.0,,history,,
2025-09-15,SKU039,2.0,,history,,
2025-09-16,SKU039,2.0,,history,,
2025-09-17,SKU039,4.0,,history,,
2025-09-18,SKU039,3.0,,history,,
2025-09-19,SKU039,2.0,,history,,
2025-09-20,SKU039,2.0,,history,,
2025-09-21,SKU039,3.0,,history,,
2025-09-22,SKU039,6.0,,history,,
2025-09-23,SKU039,0.0,,history,,
2025-09-24,SKU039,1.0,,history,,
2025-09-25,SKU039,5.0,,history,,
2025-09-26,SKU039,2.0,,history,,
2025-09-27,SKU039,9.0,,history,,
2025-09-28,SKU039,2.0,,history,,
2025-09-29,SKU039,5.0,,history,,
2025-09-30,SKU039,3.0,,history,,
2025-10-01,SKU039,5.0,,history,,
2025-10-02,SKU039,4.0,,history,,
2025-10-03,SKU039,3.0,2.78,backtest,0.09,5.47
2025-10-04,SKU039,4.0,2.99,backtest,0.3,5.68
2025-10-05,SKU039,2.0,2.99,backtest,0.3,5.68
2025-10-06,SKU039,2.0,2.58,backtest,0.0,5.27
2025-10-07,SKU039,1.0,2.59,backtest,0.0,5.28
2025-10-08,SKU039,2.0,2.59,backtest,0.0,5.28
2025-10-09,SKU039,3.0,2.89,backtest,0.2,5.58
2025-10-10,SKU039,5.0,2.97,backtest,0.28,5.66
2025-10-11,SKU039,2.0,2.91,backtest,0.22,5.6
2025-10-12,SKU039,2.0,3.01,backtest,0.32,5.7
2025-10-13,SKU039,2.0,2.6,backtest,0.0,5.29
2025-10-14,SKU039,1.0,2.6,backtest,0.0,5.29
2025-10-15,SKU039,3.0,2.64,backtest,0.0,5.33
2025-10-16,SKU039,3.0,2.64,backtest,0.0,5.33
2025-10-17,SKU039,3.0,2.68,backtest,0.0,5.37
2025-10-18,SKU039,3.0,2.91,backtest,0.22,5.6
2025-10-19,SKU039,1.0,2.98,backtest,0.28,5.67
2025-10-20,SKU039,3.0,2.68,backtest,0.0,5.37
2025-10-21,SKU039,5.0,2.43,backtest,0.0,5.12
2025-10-22,SKU039,0.0,2.62,backtest,0.0,5.31
2025-10-23,SKU039,2.0,2.75,backtest,0.06,5.44
2025-10-24,SKU039,2.0,2.77,backtest,0.08,5.46
2025-10-25,SKU039,4.0,3.08,backtest,0.39,5.77
2025-10-26,SKU039,3.0,2.84,backtest,0.15,5.53
2025-10-27,SKU039,3.0,2.53,backtest,0.0,5.22
2025-10-28,SKU039,3.0,2.52,backtest,0.0,5.21
2025-10-29,SKU039,3.0,2.53,backtest,0.0,5.22
2025-10-30,SKU039,1.0,2.58,backtest,0.0,5.27
2025-10-31,SKU039,3.0,2.61,backtest,0.0,5.3
2025-11-01,SKU039,2.0,3.5,backtest,0.81,6.19
2025-11-02,SKU039,3.0,3.54,backtest,0.85,6.23
2025-11-03,SKU039,4.0,2.52,backtest,0.0,5.21
2025-11-04,SKU039,4.0,2.52,backtest,0.0,5.21
2025-11-05,SKU039,3.0,2.52,backtest,0.0,5.21
2025-11-06,SKU039,3.0,2.58,backtest,0.0,5.27
2025-11-07,SKU039,1.0,2.64,backtest,0.0,5.33
2025-11-08,SKU039,1.0,3.51,backtest,0.82,6.2
2025-11-09,SKU039,2.0,3.54,backtest,0.85,6.23
2025-11-10,SKU039,3.0,2.52,backtest,0.0,5.21
2025-11-11,SKU039,6.0,2.52,backtest,0.0,5.21
2025-11-12,SKU039,2.0,2.54,backtest,0.0,5.23
2025-11-13,SKU039,5.0,2.58,backtest,0.0,5.27
2025-11-14,SKU039,5.0,2.62,backtest,0.0,5.31
2025-11-15,SKU039,3.0,3.5,backtest,0.81,6.19
2025-11-16,SKU039,0.0,3.53,backtest,0.84,6.22
2025-11-17,SKU039,5.0,2.53,backtest,0.0,5.22
2025-11-18,SKU039,1.0,2.54,backtest,0.0,5.23
2025-11-19,SKU039,3.0,2.52,backtest,0.0,5.21
2025-11-20,SKU039,3.0,2.56,backtest,0.0,5.25
2025-11-21,SKU039,0.0,2.61,backtest,0.0,5.3
2025-11-22,SKU039,2.0,3.51,backtest,0.82,6.2
2025-11-23,SKU039,4.0,3.53,backtest,0.84,6.22
2025-11-24,SKU039,0.0,2.48,backtest,0.0,5.17
2025-11-25,SKU039,0.0,2.49,backtest,0.0,5.18
2025-11-26,SKU039,2.0,2.46,backtest,0.0,5.15
2025-11-27,SKU039,3.0,2.5,backtest,0.0,5.19
2025-11-28,SKU039,2.0,2.45,backtest,0.0,5.14
2025-11-29,SKU039,3.0,3.43,backtest,0.74,6.12
2025-11-30,SKU039,3.0,3.19,backtest,0.5,5.88
2025-12-01,SKU039,7.0,2.47,backtest,0.0,5.16
2025-12-02,SKU039,4.0,2.45,backtest,0.0,5.14
2025-12-03,SKU039,4.0,2.44,backtest,0.0,5.13
2025-12-04,SKU039,2.0,2.49,backtest,0.0,5.18
2025-12-05,SKU039,2.0,2.51,backtest,0.0,5.2
2025-12-06,SKU039,2.0,2.96,backtest,0.27,5.65
2025-12-07,SKU039,2.0,2.98,backtest,0.29,5.67
2025-12-08,SKU039,0.0,2.67,backtest,0.0,5.36
2025-12-09,SKU039,3.0,2.72,backtest,0.03,5.41
2025-12-10,SKU039,3.0,2.66,backtest,0.0,5.35
2025-12-11,SKU039,3.0,2.72,backtest,0.03,5.41
2025-12-12,SKU039,1.0,2.74,backtest,0.05,5.43
2025-12-13,SKU039,4.0,2.96,backtest,0.27,5.65
2025-12-14,SKU039,1.0,2.96,backtest,0.27,5.65
2025-12-15,SKU039,1.0,2.72,backtest,0.03,5.41
2025-12-16,SKU039,4.0,2.71,backtest,0.02,5.4
2025-12-17,SKU039,0.0,2.73,backtest,0.04,5.42
2025-12-18,SKU039,0.0,2.77,backtest,0.08,5.46
2025-12-19,SKU039,2.0,2.79,backtest,0.1,5.48
2025-12-20,SKU039,2.0,3.01,backtest,0.32,5.7
2025-12-21,SKU039,3.0,3.04,backtest,0.35,5.73
2025-12-22,SKU039,3.0,2.67,backtest,0.0,5.36
2025-12-23,SKU039,7.0,2.68,backtest,0.0,5.37
2025-12-24,SKU039,1.0,2.74,backtest,0.05,5.43
2025-12-25,SKU039,6.0,2.8,backtest,0.11,5.49
2025-12-26,SKU039,2.0,2.83,backtest,0.14,5.52
2025-12-27,SKU039,1.0,3.05,backtest,0.36,5.74
2025-12-28,SKU039,1.0,3.1,backtest,0.41,5.79
2025-12-29,SKU039,3.0,2.85,backtest,0.16,5.54
2025-12-30,SKU039,6.0,2.75,backtest,0.06,5.44
2025-12-31,SKU039,3.0,2.75,backtest,0.06,5.44
2026-01-01,SKU039,,2.86,future,0.17,5.55
2026-01-02,SKU039,,2.88,future,0.19,5.57
2026-01-03,SKU039,,3.22,future,0.53,5.91
2026-01-04,SKU039,,3.28,future,0.59,5.97
2026-01-05,SKU039,,2.84,future,0.15,5.53
2026-01-06,SKU039,,2.87,future,0.18,5.56
2026-01-07,SKU039,,2.88,future,0.19,5.57
2026-01-08,SKU039,,2.91,future,0.22,5.6
2026-01-09,SKU039,,2.92,future,0.23,5.61
2026-01-10,SKU039,,3.26,future,0.57,5.95
2026-01-11,SKU039,,3.28,future,0.59,5.97
2026-01-12,SKU039,,2.84,future,0.15,5.53
2026-01-13,SKU039,,2.83,future,0.14,5.52
2026-01-14,SKU039,,2.83,future,0.14,5.52
2026-01-15,SKU039,,2.85,future,0.16,5.54
2026-01-16,SKU039,,3.01,future,0.32,5.7
2026-01-17,SKU039,,3.39,future,0.7,6.08
2026-01-18,SKU039,,3.41,future,0.72,6.1
2026-01-19,SKU039,,2.93,future,0.24,5.62
2026-01-20,SKU039,,3.04,future,0.35,5.73
2026-01-21,SKU039,,2.98,future,0.29,5.67
2026-01-22,SKU039,,3.02,future,0.33,5.71
2026-01-23,SKU039,,2.97,future,0.28,5.66
2026-01-24,SKU039,,3.36,future,0.67,6.05
2026-01-25,SKU039,,3.34,future,0.65,6.03
2026-01-26,SKU039,,2.85,future,0.16,5.54
2026-01-27,SKU039,,2.96,future,0.27,5.65
2026-01-28,SKU039,,2.91,future,0.22,5.6
2026-01-29,SKU039,,2.94,future,0.25,5.63
2026-01-30,SKU039,,3.03,future,0.34,5.72
2025-09-03,SKU040,19.0,,history,,
2025-09-04,SKU040,16.0,,history,,
2025-09-05,SKU040,13.0,,history,,
2025-09-06,SKU040,14.0,,history,,
2025-09-07,SKU040,17.0,,history,,
2025-09-08,SKU040,13.0,,history,,
2025-09-09,SKU040,10.0,,history,,
2025-09-10,SKU040,18.0,,history,,
2025-09-11,SKU040,12.0,,history,,
2025-09-12,SKU040,15.0,,history,,
2025-09-13,SKU040,17.0,,history,,
2025-09-14,SKU040,21.0,,history,,
2025-09-15,SKU040,16.0,,history,,
2025-09-16,SKU040,17.0,,history,,
2025-09-17,SKU040,15.0,,history,,
2025-09-18,SKU040,11.0,,history,,
2025-09-19,SKU040,17.0,,history,,
2025-09-20,SKU040,14.0,,history,,
2025-09-21,SKU040,19.0,,history,,
2025-09-22,SKU040,11.0,,history,,
2025-09-23,SKU040,11.0,,history,,
2025-09-24,SKU040,15.0,,history,,
2025-09-25,SKU040,12.0,,history,,
2025-09-26,SKU040,8.0,,history,,
2025-09-27,SKU040,15.0,,history,,
2025-09-28,SKU040,15.0,,history,,
2025-09-29,SKU040,8.0,,history,,
2025-09-30,SKU040,16.0,,history,,
2025-10-01,SKU040,7.0,,history,,
2025-10-02,SKU040,6.0,,history,,
2025-10-03,SKU040,14.0,12.26,backtest,5.67,18.86
2025-10-04,SKU040,10.0,15.0,backtest,8.41,21.6
2025-10-05,SKU040,15.0,15.0,backtest,8.41,21.59
2025-10-06,SKU040,12.0,12.13,backtest,5.54,18.73
2025-10-07,SKU040,12.0,12.22,backtest,5.62,18.81
2025-10-08,SKU040,16.0,12.16,backtest,5.56,18.75
2025-10-09,SKU040,7.0,12.04,backtest,5.45,18.64
2025-10-10,SKU040,13.0,12.29,backtest,5.69,18.88
2025-10-11,SKU040,12.0,14.67,backtest,8.07,21.26
2025-10-12,SKU040,10.0,14.86,backtest,8.27,21.46
2025-10-13,SKU040,15.0,12.11,backtest,5.51,18.7
2025-10-14,SKU040,10.0,11.94,backtest,5.35,18.54
2025-10-15,SKU040,12.0,11.83,backtest,5.24,18.43
2025-10-16,SKU040,9.0,11.79,backtest,5.2,18.39
2025-10-17,SKU040,7.0,11.98,backtest,5.38,18.57
2025-10-18,SKU040,19.0,14.2,backtest,7.6,20.79
2025-10-19,SKU040,9.0,14.45,backtest,7.85,21.04
2025-10-20,SKU040,9.0,11.65,backtest,5.06,18.25
2025-10-21,SKU040,21.0,11.72,backtest,5.13,18.32
2025-10-22,SKU040,10.0,11.94,backtest,5.34,18.53
2025-10-23,SKU040,17.0,12.01,backtest,5.41,18.6
2025-10-24,SKU040,7.0,12.02,backtest,5.42,18.61
2025-10-25,SKU040,8.0,14.58,backtest,7.99,21.18
2025-10-26,SKU040,19.0,14.73,backtest,8.14,21.33
2025-10-27,SKU040,16.0,11.79,backtest,5.19,18.38
2025-10-28,SKU040,14.0,12.05,backtest,5.46,18.65
2025-10-29,SKU040,10.0,11.8,backtest,5.21,18.4
2025-10-30,SKU040,11.0,11.91,backtest,5.31,18.5
2025-10-31,SKU040,18.0,12.32,backtest,5.72,18.91
2025-11-01,SKU040,18.0,17.43,backtest,10.83,24.02
2025-11-02,SKU040,16.0,17.72,backtest,11.13,24.32
2025-11-03,SKU040,12.0,12.04,backtest,5.45,18.64
2025-11-04,SKU040,10.0,12.13,backtest,5.53,18.72
2025-11-05,SKU040,11.0,12.3,backtest,5.7,18.89
2025-11-06,SKU040,13.0,12.03,backtest,5.44,18.62
2025-11-07,SKU040,16.0,12.35,backtest,5.75,18.94
2025-11-08,SKU040,13.0,17.45,backtest,10.86,24.05
2025-11-09,SKU040,14.0,17.71,backtest,11.12,24.31
2025-11-10,SKU040,14.0,12.56,backtest,5.96,19.15
2025-11-11,SKU040,7.0,12.4,backtest,5.8,18.99
2025-11-12,SKU040,12.0,12.58,backtest,5.99,19.18
2025-11-13,SKU040,12.0,12.41,backtest,5.82,19.01
2025-11-14,SKU040,17.0,12.66,backtest,6.07,19.26
2025-11-15,SKU040,21.0,18.01,backtest,11.41,24.6
2025-11-16,SKU040,15.0,18.61,backtest,12.01,25.2
2025-11-17,SKU040,10.0,12.99,backtest,6.4,19.59
2025-11-18,SKU040,7.0,13.45,backtest,6.86,20.05
2025-11-19,SKU040,15.0,12.82,backtest,6.23,19.42
2025-11-20,SKU040,16.0,13.07,backtest,6.48,19.67
2025-11-21,SKU040,5.0,13.01,backtest,6.42,19.61
2025-11-22,SKU040,14.0,18.21,backtest,11.61,24.8
2025-11-23,SKU040,19.0,18.23,backtest,11.64,24.83
2025-11-24,SKU040,8.0,13.0,backtest,6.41,19.6
2025-11-25,SKU040,11.0,12.99,backtest,6.4,19.59
2025-11-26,SKU040,5.0,12.66,backtest,6.07,19.26
2025-11-27,SKU040,12.0,12.73,backtest,6.13,19.32
2025-11-28,SKU040,11.0,12.9,backtest,6.3,19.49
2025-11-29,SKU040,14.0,17.59,backtest,10.99,24.18
2025-11-30,SKU040,15.0,17.45,backtest,10.86,24.05
2025-12-01,SKU040,14.0,13.11,backtest,6.52,19.7
2025-12-02,SKU040,19.0,12.5,backtest,5.9,19.09
2025-12-03,SKU040,8.0,12.05,backtest,5.45,18.64
2025-12-04,SKU040,20.0,12.45,backtest,5.86,19.05
2025-12-05,SKU040,11.0,12.64,backtest,6.05,19.24
2025-12-06,SKU040,17.0,15.34,backtest,8.75,21.94
2025-12-07,SKU040,14.0,15.31,backtest,8.72,21.9
2025-12-08,SKU040,9.0,12.79,backtest,6.2,19.39
2025-12-09,SKU040,13.0,12.53,backtest,5.93,19.12
2025-12-10,SKU040,13.0,12.89,backtest,6.29,19.48
2025-12-11,SKU040,15.0,12.94,backtest,6.35,19.54
2025-12-12,SKU040,15.0,12.92,backtest,6.33,19.52
2025-12-13,SKU040,16.0,15.9,backtest,9.31,22.5
2025-12-14,SKU040,20.0,15.34,backtest,8.74,21.93
2025-12-15,SKU040,12.0,12.52,backtest,5.92,19.11
2025-12-16,SKU040,21.0,12.71,backtest,6.12,19.31
2025-12-17,SKU040,7.0,12.89,backtest,6.29,19.48
2025-12-18,SKU040,10.0,12.82,backtest,6.22,19.41
2025-12-19,SKU040,14.0,12.67,backtest,6.07,19.26
2025-12-20,SKU040,14.0,15.57,backtest,8.98,22.17
2025-12-21,SKU040,15.0,15.96,backtest,9.37,22.56
2025-12-22,SKU040,17.0,13.07,backtest,6.47,19.66
2025-12-23,SKU040,15.0,13.11,backtest,6.52,19.71
2025-12-24,SKU040,18.0,13.21,backtest,6.62,19.81
2025-12-25,SKU040,5.0,13.45,backtest,6.85,20.04
2025-12-26,SKU040,7.0,13.38,backtest,6.78,19.97
2025-12-27,SKU040,8.0,15.86,backtest,9.27,22.46
2025-12-28,SKU040,6.0,16.11,backtest,9.52,22.7
2025-12-29,SKU040,10.0,13.87,backtest,7.28,20.47
2025-12-30,SKU040,9.0,13.75,backtest,7.15,20.34
2025-12-31,SKU040,13.0,13.75,backtest,7.15,20.34
2026-01-01,SKU040,,13.82,future,7.22,20.41
2026-01-02,SKU040,,13.7,future,7.1,20.29
2026-01-03,SKU040,,16.18,future,9.59,22.78
2026-01-04,SKU040,,15.58,future,8.98,22.17
2026-01-05,SKU040,,13.73,future,7.14,20.33
2026-01-06,SKU040,,13.76,future,7.16,20.35
2026-01-07,SKU040,,13.42,future,6.83,20.02
2026-01-08,SKU040,,13.55,future,6.95,20.14
2026-01-09,SKU040,,13.67,future,7.07,20.26
2026-01-10,SKU040,,15.3,future,8.71,21.9
2026-01-11,SKU040,,15.37,future,8.78,21.97
2026-01-12,SKU040,,13.11,future,6.52,19.71
2026-01-13,SKU040,,13.18,future,6.58,19.77
2026-01-14,SKU040,,13.37,future,6.77,19.96
2026-01-15,SKU040,,13.47,future,6.87,20.06
2026-01-16,SKU040,,13.56,future,6.97,20.16
2026-01-17,SKU040,,15.3,future,8.71,21.9
2026-01-18,SKU040,,15.52,future,8.92,22.11
2026-01-19,SKU040,,13.56,future,6.97,20.15
2026-01-20,SKU040,,13.05,future,6.46,19.65
2026-01-21,SKU040,,12.86,future,6.26,19.45
2026-01-22,SKU040,,13.07,future,6.47,19.66
2026-01-23,SKU040,,13.63,future,7.04,20.23
2026-01-24,SKU040,,15.5,future,8.9,22.09
2026-01-25,SKU040,,15.78,future,9.18,22.37
2026-01-26,SKU040,,14.27,future,7.68,20.87
2026-01-27,SKU040,,14.28,future,7.69,20.88
2026-01-28,SKU040,,14.05,future,7.46,20.65
2026-01-29,SKU040,,14.21,future,7.61,20.8
2026-01-30,SKU040,,14.47,future,7.87,21.06
2025-09-03,SKU041,5.0,,history,,
2025-09-04,SKU041,9.0,,history,,
2025-09-05,SKU041,3.0,,history,,
2025-09-06,SKU041,17.0,,history,,
2025-09-07,SKU041,18.0,,history,,
2025-09-08,SKU041,4.0,,history,,
2025-09-09,SKU041,6.0,,history,,
2025-09-10,SKU041,13.0,,history,,
2025-09-11,SKU041,9.0,,history,,
2025-09-12,SKU041,7.0,,history,,
2025-09-13,SKU041,11.0,,history,,
2025-09-14,SKU041,8.0,,history,,
2025-09-15,SKU041,10.0,,history,,
2025-09-16,SKU041,9.0,,history,,
2025-09-17,SKU041,7.0,,history,,
2025-09-18,SKU041,6.0,,history,,
2025-09-19,SKU041,8.0,,history,,
2025-09-20,SKU041,13.0,,history,,
2025-09-21,SKU041,13.0,,history,,
2025-09-22,SKU041,8.0,,history,,
2025-09-23,SKU041,3.0,,history,,
2025-09-24,SKU041,12.0,,history,,
2025-09-25,SKU041,8.0,,history,,
2025-09-26,SKU041,6.0,,history,,
2025-09-27,SKU041,12.0,,history,,
2025-09-28,SKU041,13.0,,history,,
2025-09-29,SKU041,8.0,,history,,
2025-09-30,SKU041,9.0,,history,,
2025-10-01,SKU041,12.0,,history,,
2025-10-02,SKU041,6.0,,history,,
2025-10-03,SKU041,13.0,8.57,backtest,2.93,14.21
2025-10-04,SKU041,12.0,9.82,backtest,4.18,15.46
2025-10-05,SKU041,7.0,9.84,backtest,4.2,15.49
2025-10-06,SKU041,4.0,8.42,backtest,2.78,14.06
2025-10-07,SKU041,10.0,8.35,backtest,2.71,13.99
2025-10-08,SKU041,10.0,8.53,backtest,2.89,14.17
2025-10-09,SKU041,7.0,8.34,backtest,2.7,13.98
2025-10-10,SKU041,4.0,8.37,backtest,2.73,14.01
2025-10-11,SKU041,10.0,9.62,backtest,3.98,15.26
2025-10-12,SKU041,9.0,9.6,backtest,3.96,15.24
2025-10-13,SKU041,13.0,8.46,backtest,2.82,14.1
2025-10-14,SKU041,9.0,8.43,backtest,2.79,14.07
2025-10-15,SKU041,5.0,8.29,backtest,2.65,13.93
2025-10-16,SKU041,8.0,8.45,backtest,2.8,14.09
2025-10-17,SKU041,11.0,8.41,backtest,2.77,14.05
2025-10-18,SKU041,6.0,9.88,backtest,4.24,15.52
2025-10-19,SKU041,10.0,9.91,backtest,4.27,15.55
2025-10-20,SKU041,7.0,8.52,backtest,2.88,14.16
2025-10-21,SKU041,7.0,8.47,backtest,2.83,14.11
2025-10-22,SKU041,7.0,8.51,backtest,2.87,14.15
2025-10-23,SKU041,12.0,8.49,backtest,2.85,14.13
2025-10-24,SKU041,8.0,8.45,backtest,2.81,14.09
2025-10-25,SKU041,2.0,9.96,backtest,4.32,15.6
2025-10-26,SKU041,9.0,10.0,backtest,4.36,15.65
2025-10-27,SKU041,7.0,8.6,backtest,2.96,14.24
2025-10-28,SKU041,6.0,8.59,backtest,2.95,14.23
2025-10-29,SKU041,3.0,8.68,backtest,3.04,14.32
2025-10-30,SKU041,10.0,8.55,backtest,2.91,14.2
2025-10-31,SKU041,12.0,8.53,backtest,2.88,14.17
2025-11-01,SKU041,18.0,12.13,backtest,6.49,17.77
2025-11-02,SKU041,11.0,11.63,backtest,5.99,17.27
2025-11-03,SKU041,6.0,8.1,backtest,2.46,13.74
2025-11-04,SKU041,9.0,8.38,backtest,2.74,14.02
2025-11-05,SKU041,8.0,8.48,backtest,2.84,14.12
2025-11-06,SKU041,16.0,8.08,backtest,2.44,13.72
2025-11-07,SKU041,4.0,8.29,backtest,2.65,13.93
2025-11-08,SKU041,19.0,12.34,backtest,6.7,17.98
2025-11-09,SKU041,17.0,12.33,backtest,6.69,17.97
2025-11-10,SKU041,8.0,8.58,backtest,2.94,14.22
2025-11-11,SKU041,5.0,8.33,backtest,2.69,13.97
2025-11-12,SKU041,12.0,8.32,backtest,2.68,13.97
2025-11-13,SKU041,6.0,8.46,backtest,2.82,14.1
2025-11-14,SKU041,13.0,8.37,backtest,2.73,14.01
2025-11-15,SKU041,10.0,12.13,backtest,6.48,17.77
2025-11-16,SKU041,11.0,12.21,backtest,6.57,17.85
2025-11-17,SKU041,8.0,8.56,backtest,2.92,14.21
2025-11-18,SKU041,2.0,8.5,backtest,2.85,14.14
2025-11-19,SKU041,12.0,8.49,backtest,2.85,14.13
2025-11-20,SKU041,6.0,8.85,backtest,3.2,14.49
2025-11-21,SKU041,5.0,8.52,backtest,2.87,14.16
2025-11-22,SKU041,6.0,12.12,backtest,6.48,17.76
2025-11-23,SKU041,13.0,12.73,backtest,7.09,18.37
2025-11-24,SKU041,8.0,8.76,backtest,3.11,14.4
2025-11-25,SKU041,17.0,8.84,backtest,3.19,14.48
2025-11-26,SKU041,9.0,8.71,backtest,3.06,14.35
2025-11-27,SKU041,7.0,8.82,backtest,3.18,14.47
2025-11-28,SKU041,13.0,8.94,backtest,3.29,14.58
2025-11-29,SKU041,13.0,12.91,backtest,7.27,18.55
2025-11-30,SKU041,16.0,12.49,backtest,6.84,18.13
2025-12-01,SKU041,11.0,9.03,backtest,3.39,14.67
2025-12-02,SKU041,9.0,9.23,backtest,3.59,14.87
2025-12-03,SKU041,14.0,8.91,backtest,3.27,14.55
2025-12-04,SKU041,8.0,9.15,backtest,3.51,14.79
2025-12-05,SKU041,13.0,9.3,backtest,3.66,14.95
2025-12-06,SKU041,12.0,11.48,backtest,5.84,17.12
2025-12-07,SKU041,11.0,11.28,backtest,5.64,16.92
2025-12-08,SKU041,7.0,9.67,backtest,4.03,15.31
2025-12-09,SKU041,7.0,9.33,backtest,3.69,14.97
2025-12-10,SKU041,10.0,9.67,backtest,4.03,15.31
2025-12-11,SKU041,7.0,9.71,backtest,4.07,15.35
2025-12-12,SKU041,9.0,9.43,backtest,3.79,15.07
2025-12-13,SKU041,11.0,11.01,backtest,5.37,16.65
2025-12-14,SKU041,15.0,10.94,backtest,5.3,16.58
2025-12-15,SKU041,14.0,9.6,backtest,3.96,15.24
2025-12-16,SKU041,7.0,9.62,backtest,3.98,15.26
2025-12-17,SKU041,7.0,9.81,backtest,4.16,15.45
2025-12-18,SKU041,7.0,9.64,backtest,4.0,15.29
2025-12-19,SKU041,11.0,9.95,backtest,4.3,15.59
2025-12-20,SKU041,11.0,11.46,backtest,5.82,17.1
2025-12-21,SKU041,14.0,11.7,backtest,6.06,17.34
2025-12-22,SKU041,5.0,10.12,backtest,4.48,15.76
2025-12-23,SKU041,17.0,10.36,backtest,4.72,16.0
2025-12-24,SKU041,9.0,10.13,backtest,4.49,15.77
2025-12-25,SKU041,12.0,10.12,backtest,4.48,15.77
2025-12-26,SKU041,10.0,10.41,backtest,4.77,16.05
2025-12-27,SKU041,14.0,11.74,backtest,6.1,17.38
2025-12-28,SKU041,3.0,11.84,backtest,6.2,17.48
2025-12-29,SKU041,9.0,10.33,backtest,4.69,15.97
2025-12-30,SKU041,11.0,10.31,backtest,4.67,15.95
2025-12-31,SKU041,5.0,10.3,backtest,4.66,15.94
2026-01-01,SKU041,,10.77,future,5.13,16.41
2026-01-02,SKU041,,10.7,future,5.06,16.34
2026-01-03,SKU041,,12.33,future,6.69,17.97
2026-01-04,SKU041,,12.25,future,6.61,17.89
2026-01-05,SKU041,,10.53,future,4.89,16.17
2026-01-06,SKU041,,10.33,future,4.69,15.97
2026-01-07,SKU041,,10.72,future,5.08,16.36
2026-01-08,SKU041,,10.63,future,4.99,16.27
2026-01-09,SKU041,,10.77,future,5.13,16.41
2026-01-10,SKU041,,12.2,future,6.56,17.85
2026-01-11,SKU041,,12.25,future,6.61,17.89
2026-01-12,SKU041,,10.57,future,4.93,16.21
2026-01-13,SKU041,,10.36,future,4.71,16.0
2026-01-14,SKU041,,10.4,future,4.76,16.04
2026-01-15,SKU041,,10.67,future,5.03,16.32
2026-01-16,SKU041,,10.7,future,5.06,16.34
2026-01-17,SKU041,,12.04,future,6.4,17.68
2026-01-18,SKU041,,11.98,future,6.33,17.62
2026-01-19,SKU041,,10.43,future,4.79,16.07
2026-01-20,SKU041,,10.54,future,4.9,16.18
2026-01-21,SKU041,,10.61,future,4.97,16.25
2026-01-22,SKU041,,10.64,future,5.0,16.28
2026-01-23,SKU041,,10.66,future,5.02,16.3
2026-01-24,SKU041,,11.97,future,6.33,17.61
2026-01-25,SKU041,,12.0,future,6.35,17.64
2026-01-26,SKU041,,10.65,future,5.01,16.29
2026-01-27,SKU041,,11.06,future,5.42,16.7
2026-01-28,SKU041,,11.04,future,5.4,16.68
2026-01-29,SKU041,,11.08,future,5.44,16.72
2026-01-30,SKU041,,11.26,future,5.61,16.9
2025-09-03,SKU042,23.0,,history,,
2025-09-04,SKU042,17.0,,history,,
2025-09-05,SKU042,21.0,,history,,
2025-09-06,SKU042,29.0,,history,,
2025-09-07,SKU042,17.0,,history,,
2025-09-08,SKU042,20.0,,history,,
2025-09-09,SKU042,15.0,,history,,
2025-09-10,SKU042,24.0,,history,,
2025-09-11,SKU042,20.0,,history,,
2025-09-12,SKU042,17.0,,history,,
2025-09-13,SKU042,31.0,,history,,
2025-09-14,SKU042,22.0,,history,,
2025-09-15,SKU042,26.0,,history,,
2025-09-16,SKU042,13.0,,history,,
2025-09-17,SKU042,22.0,,history,,
2025-09-18,SKU042,26.0,,history,,
2025-09-19,SKU042,18.0,,history,,
2025-09-20,SKU042,29.0,,history,,
2025-09-21,SKU042,35.0,,history,,
2025-09-22,SKU042,11.0,,history,,
2025-09-23,SKU042,24.0,,history,,
2025-09-24,SKU042,13.0,,history,,
2025-09-25,SKU042,14.0,,history,,
2025-09-26,SKU042,11.0,,history,,
2025-09-27,SKU042,29.0,,history,,
2025-09-28,SKU042,21.0,,history,,
2025-09-29,SKU042,21.0,,history,,
2025-09-30,SKU042,17.0,,history,,
2025-10-01,SKU042,17.0,,history,,
2025-10-02,SKU042,15.0,,history,,
2025-10-03,SKU042,23.0,17.1,backtest,10.16,24.03
2025-10-04,SKU042,20.0,20.88,backtest,13.95,27.82
2025-10-05,SKU042,19.0,19.29,backtest,12.36,26.22
2025-10-06,SKU042,20.0,17.17,backtest,10.24,24.11
2025-10-07,SKU042,16.0,16.82,backtest,9.89,23.75
2025-10-08,SKU042,26.0,16.77,backtest,9.84,23.7
2025-10-09,SKU042,20.0,17.16,backtest,10.23,24.09
2025-10-10,SKU042,20.0,17.34,backtest,10.41,24.27
2025-10-11,SKU042,15.0,20.91,backtest,13.97,27.84
2025-10-12,SKU042,20.0,20.16,backtest,13.23,27.1
2025-10-13,SKU042,21.0,17.07,backtest,10.14,24.01
2025-10-14,SKU042,22.0,16.88,backtest,9.94,23.81
2025-10-15,SKU042,16.0,17.48,backtest,10.55,24.42
2025-10-16,SKU042,20.0,17.36,backtest,10.43,24.29
2025-10-17,SKU042,22.0,17.57,backtest,10.63,24.5
2025-10-18,SKU042,21.0,20.43,backtest,13.5,27.36
2025-10-19,SKU042,16.0,20.2,backtest,13.26,27.13
2025-10-20,SKU042,13.0,16.79,backtest,9.86,23.72
2025-10-21,SKU042,17.0,17.69,backtest,10.76,24.63
2025-10-22,SKU042,15.0,17.2,backtest,10.26,24.13
2025-10-23,SKU042,18.0,17.28,backtest,10.35,24.21
2025-10-24,SKU042,13.0,17.17,backtest,10.24,24.11
2025-10-25,SKU042,18.0,21.69,backtest,14.76,28.62
2025-10-26,SKU042,23.0,20.63,backtest,13.7,27.56
2025-10-27,SKU042,18.0,17.63,backtest,10.69,24.56
2025-10-28,SKU042,21.0,17.62,backtest,10.69,24.56
2025-10-29,SKU042,11.0,17.58,backtest,10.64,24.51
2025-10-30,SKU042,17.0,17.36,backtest,10.43,24.29
2025-10-31,SKU042,17.0,17.53,backtest,10.6,24.47
2025-11-01,SKU042,26.0,25.41,backtest,18.48,32.34
2025-11-02,SKU042,24.0,25.68,backtest,18.74,32.61
2025-11-03,SKU042,21.0,17.63,backtest,10.7,24.57
2025-11-04,SKU042,15.0,17.76,backtest,10.82,24.69
2025-11-05,SKU042,19.0,18.19,backtest,11.25,25.12
2025-11-06,SKU042,23.0,17.53,backtest,10.6,24.46
2025-11-07,SKU042,14.0,17.39,backtest,10.46,24.32
2025-11-08,SKU042,31.0,25.65,backtest,18.72,32.58
2025-11-09,SKU042,18.0,25.9,backtest,18.97,32.83
2025-11-10,SKU042,17.0,17.69,backtest,10.76,24.62
2025-11-11,SKU042,14.0,17.92,backtest,10.99,24.86
2025-11-12,SKU042,12.0,17.66,backtest,10.73,24.59
2025-11-13,SKU042,16.0,17.58,backtest,10.65,24.52
2025-11-14,SKU042,15.0,17.88,backtest,10.95,24.81
2025-11-15,SKU042,24.0,26.7,backtest,19.77,33.63
2025-11-16,SKU042,34.0,26.3,backtest,19.37,33.24
2025-11-17,SKU042,18.0,17.86,backtest,10.93,24.8
2025-11-18,SKU042,14.0,17.82,backtest,10.88,24.75
2025-11-19,SKU042,15.0,17.39,backtest,10.45,24.32
2025-11-20,SKU042,14.0,17.68,backtest,10.74,24.61
2025-11-21,SKU042,16.0,17.6,backtest,10.67,24.53
2025-11-22,SKU042,27.0,25.79,backtest,18.85,32.72
2025-11-23,SKU042,20.0,26.97,backtest,20.04,33.9
2025-11-24,SKU042,14.0,17.91,backtest,10.98,24.85
2025-11-25,SKU042,22.0,17.51,backtest,10.58,24.44
2025-11-26,SKU042,19.0,17.36,backtest,10.43,24.29
2025-11-27,SKU042,18.0,17.67,backtest,10.73,24.6
2025-11-28,SKU042,22.0,17.61,backtest,10.68,24.54
2025-11-29,SKU042,28.0,27.22,backtest,20.28,34.15
2025-11-30,SKU042,19.0,27.01,backtest,20.07,33.94
2025-12-01,SKU042,21.0,18.31,backtest,11.37,25.24
2025-12-02,SKU042,19.0,17.81,backtest,10.88,24.74
2025-12-03,SKU042,25.0,18.02,backtest,11.09,24.95
2025-12-04,SKU042,18.0,18.88,backtest,11.95,25.82
2025-12-05,SKU042,29.0,17.87,backtest,10.94,24.8
2025-12-06,SKU042,27.0,22.73,backtest,15.8,29.67
2025-12-07,SKU042,17.0,22.74,backtest,15.8,29.67
2025-12-08,SKU042,18.0,18.85,backtest,11.92,25.79
2025-12-09,SKU042,22.0,18.43,backtest,11.5,25.36
2025-12-10,SKU042,16.0,18.33,backtest,11.4,25.27
2025-12-11,SKU042,18.0,19.9,backtest,12.97,26.83
2025-12-12,SKU042,14.0,19.39,backtest,12.46,26.32
2025-12-13,SKU042,21.0,22.29,backtest,15.36,29.23
2025-12-14,SKU042,16.0,22.82,backtest,15.89,29.76
2025-12-15,SKU042,21.0,20.16,backtest,13.23,27.09
2025-12-16,SKU042,25.0,18.62,backtest,11.69,25.55
2025-12-17,SKU042,18.0,18.88,backtest,11.94,25.81
2025-12-18,SKU042,21.0,18.3,backtest,11.37,25.24
2025-12-19,SKU042,23.0,19.53,backtest,12.59,26.46
2025-12-20,SKU042,31.0,22.34,backtest,15.41,29.27
2025-12-21,SKU042,34.0,22.35,backtest,15.42,29.28
2025-12-22,SKU042,17.0,18.7,backtest,11.76,25.63
2025-12-23,SKU042,20.0,19.56,backtest,12.63,26.5
2025-12-24,SKU042,24.0,19.67,backtest,12.74,26.61
2025-12-25,SKU042,21.0,19.8,backtest,12.87,26.74
2025-12-26,SKU042,26.0,18.89,backtest,11.95,25.82
2025-12-27,SKU042,17.0,22.49,backtest,15.56,29.42
2025-12-28,SKU042,23.0,22.77,backtest,15.83,29.7
2025-12-29,SKU042,21.0,19.89,backtest,12.96,26.83
2025-12-30,SKU042,19.0,19.83,backtest,12.89,26.76
2025-12-31,SKU042,17.0,19.78,backtest,12.84,26.71
2026-01-01,SKU042,,21.47,future,14.53,28.4
2026-01-02,SKU042,,22.55,future,15.62,29.48
2026-01-03,SKU042,,25.02,future,18.08,31.95
2026-01-04,SKU042,,24.03,future,17.09,30.96
2026-01-05,SKU042,,21.06,future,14.13,28.0
2026-01-06,SKU042,,21.67,future,14.74,28.61
2026-01-07,SKU042,,22.24,future,15.3,29.17
2026-01-08,SKU042,,21.67,future,14.74,28.61
2026-01-09,SKU042,,21.83,future,14.9,28.76
2026-01-10,SKU042,,24.02,future,17.09,30.95
2026-01-11,SKU042,,24.48,future,17.55,31.42
2026-01-12,SKU042,,21.47,future,14.53,28.4
2026-01-13,SKU042,,21.71,future,14.77,28.64
2026-01-14,SKU042,,20.93,future,13.99,27.86
2026-01-15,SKU042,,21.7,future,14.77,28.63
2026-01-16,SKU042,,21.79,future,14.86,28.73
2026-01-17,SKU042,,25.15,future,18.21,32.08
2026-01-18,SKU042,,25.14,future,18.2,32.07
2026-01-19,SKU042,,20.86,future,13.93,27.8
2026-01-20,SKU042,,21.03,future,14.1,27.96
2026-01-21,SKU042,,21.08,future,14.15,28.01
2026-01-22,SKU042,,21.16,future,14.23,28.09
2026-01-23,SKU042,,21.69,future,14.75,28.62
2026-01-24,SKU042,,24.49,future,17.55,31.42
2026-01-25,SKU042,,24.86,future,17.93,31.79
2026-01-26,SKU042,,21.27,future,14.33,28.2
2026-01-27,SKU042,,21.27,future,14.34,28.2
2026-01-28,SKU042,,21.14,future,14.21,28.07
2026-01-29,SKU042,,21.69,future,14.76,28.62
2026-01-30,SKU042,,21.78,future,14.84,28.71
2025-09-03,SKU043,22.0,,history,,
2025-09-04,SKU043,13.0,,history,,
2025-09-05,SKU043,21.0,,history,,
2025-09-06,SKU043,14.0,,history,,
2025-09-07,SKU043,30.0,,history,,
2025-09-08,SKU043,13.0,,history,,
2025-09-09,SKU043,17.0,,history,,
2025-09-10,SKU043,18.0,,history,,
2025-09-11,SKU043,17.0,,history,,
2025-09-12,SKU043,25.0,,history,,
2025-09-13,SKU043,27.0,,history,,
2025-09-14,SKU043,26.0,,history,,
2025-09-15,SKU043,16.0,,history,,
2025-09-16,SKU043,11.0,,history,,
2025-09-17,SKU043,23.0,,history,,
2025-09-18,SKU043,16.0,,history,,
2025-09-19,SKU043,18.0,,history,,
2025-09-20,SKU043,27.0,,history,,
2025-09-21,SKU043,32.0,,history,,
2025-09-22,SKU043,13.0,,history,,
2025-09-23,SKU043,13.0,,history,,
2025-09-24,SKU043,13.0,,history,,
2025-09-25,SKU043,19.0,,history,,
2025-09-26,SKU043,22.0,,history,,
2025-09-27,SKU043,19.0,,history,,
2025-09-28,SKU043,22.0,,history,,
2025-09-29,SKU043,13.0,,history,,
2025-09-30,SKU043,16.0,,history,,
2025-10-01,SKU043,12.0,,history,,
2025-10-02,SKU043,14.0,,history,,
2025-10-03,SKU043,22.0,16.52,backtest,9.25,23.79
2025-10-04,SKU043,23.0,18.81,backtest,11.54,26.08
2025-10-05,SKU043,15.0,18.94,backtest,11.67,26.21
2025-10-06,SKU043,13.0,16.22,backtest,8.95,23.49
2025-10-07,SKU043,19.0,16.76,backtest,9.49,24.03
2025-10-08,SKU043,20.0,16.72,backtest,9.45,23.99
2025-10-09,SKU043,14.0,16.86,backtest,9.59,24.13
2025-10-10,SKU043,21.0,17.03,backtest,9.76,24.3
2025-10-11,SKU043,21.0,18.15,backtest,10.88,25.42
2025-10-12,SKU043,17.0,18.12,backtest,10.85,25.39
2025-10-13,SKU043,22.0,16.61,backtest,9.34,23.88
2025-10-14,SKU043,12.0,16.62,backtest,9.35,23.89
2025-10-15,SKU043,20.0,16.63,backtest,9.36,23.9
2025-10-16,SKU043,17.0,16.94,backtest,9.67,24.21
2025-10-17,SKU043,15.0,17.24,backtest,9.97,24.51
2025-10-18,SKU043,15.0,18.09,backtest,10.82,25.36
2025-10-19,SKU043,22.0,18.66,backtest,11.39,25.93
2025-10-20,SKU043,19.0,16.21,backtest,8.94,23.48
2025-10-21,SKU043,25.0,16.41,backtest,9.14,23.68
2025-10-22,SKU043,10.0,16.52,backtest,9.25,23.79
2025-10-23,SKU043,13.0,16.78,backtest,9.51,24.05
2025-10-24,SKU043,14.0,17.12,backtest,9.85,24.39
2025-10-25,SKU043,19.0,18.23,backtest,10.96,25.5
2025-10-26,SKU043,17.0,18.76,backtest,11.49,26.03
2025-10-27,SKU043,18.0,16.38,backtest,9.11,23.65
2025-10-28,SKU043,28.0,16.62,backtest,9.35,23.89
2025-10-29,SKU043,11.0,16.47,backtest,9.2,23.74
2025-10-30,SKU043,17.0,16.74,backtest,9.47,24.01
2025-10-31,SKU043,19.0,16.96,backtest,9.69,24.23
2025-11-01,SKU043,26.0,23.44,backtest,16.17,30.71
2025-11-02,SKU043,28.0,24.13,backtest,16.86,31.4
2025-11-03,SKU043,20.0,16.44,backtest,9.17,23.71
2025-11-04,SKU043,20.0,16.93,backtest,9.66,24.2
2025-11-05,SKU043,19.0,17.55,backtest,10.28,24.82
2025-11-06,SKU043,18.0,16.65,backtest,9.38,23.92
2025-11-07,SKU043,21.0,17.26,backtest,9.99,24.53
2025-11-08,SKU043,31.0,24.76,backtest,17.49,32.03
2025-11-09,SKU043,19.0,24.72,backtest,17.45,31.99
2025-11-10,SKU043,17.0,17.54,backtest,10.27,24.81
2025-11-11,SKU043,20.0,17.06,backtest,9.79,24.33
2025-11-12,SKU043,23.0,16.92,backtest,9.65,24.19
2025-11-13,SKU043,13.0,16.99,backtest,9.72,24.26
2025-11-14,SKU043,16.0,17.13,backtest,9.86,24.4
2025-11-15,SKU043,25.0,25.75,backtest,18.48,33.02
2025-11-16,SKU043,31.0,25.38,backtest,18.11,32.65
2025-11-17,SKU043,12.0,17.53,backtest,10.26,24.8
2025-11-18,SKU043,18.0,17.5,backtest,10.23,24.77
2025-11-19,SKU043,29.0,17.35,backtest,10.08,24.62
2025-11-20,SKU043,19.0,17.84,backtest,10.57,25.11
2025-11-21,SKU043,20.0,17.92,backtest,10.65,25.19
2025-11-22,SKU043,22.0,24.93,backtest,17.66,32.2
2025-11-23,SKU043,24.0,25.35,backtest,18.08,32.62
2025-11-24,SKU043,11.0,18.11,backtest,10.84,25.38
2025-11-25,SKU043,15.0,17.22,backtest,9.95,24.49
2025-11-26,SKU043,12.0,17.83,backtest,10.56,25.1
2025-11-27,SKU043,12.0,17.96,backtest,10.69,25.23
2025-11-28,SKU043,20.0,17.94,backtest,10.67,25.21
2025-11-29,SKU043,23.0,25.79,backtest,18.52,33.06
2025-11-30,SKU043,20.0,26.18,backtest,18.91,33.45
2025-12-01,SKU043,22.0,18.44,backtest,11.17,25.71
2025-12-02,SKU043,17.0,19.09,backtest,11.82,26.36
2025-12-03,SKU043,19.0,19.08,backtest,11.81,26.35
2025-12-04,SKU043,19.0,19.72,backtest,12.45,26.99
2025-12-05,SKU043,16.0,18.64,backtest,11.37,25.91
2025-12-06,SKU043,17.0,21.19,backtest,13.92,28.46
2025-12-07,SKU043,17.0,21.17,backtest,13.9,28.44
2025-12-08,SKU043,17.0,18.73,backtest,11.46,26.0
2025-12-09,SKU043,23.0,18.94,backtest,11.67,26.21
2025-12-10,SKU043,16.0,18.55,backtest,11.28,25.82
2025-12-11,SKU043,25.0,18.12,backtest,10.85,25.39
2025-12-12,SKU043,21.0,19.55,backtest,12.28,26.82
2025-12-13,SKU043,20.0,21.5,backtest,14.23,28.77
2025-12-14,SKU043,20.0,21.29,backtest,14.02,28.56
2025-12-15,SKU043,13.0,19.12,backtest,11.85,26.39
2025-12-16,SKU043,21.0,19.42,backtest,12.15,26.69
2025-12-17,SKU043,14.0,18.96,backtest,11.69,26.23
2025-12-18,SKU043,20.0,19.49,backtest,12.22,26.76
2025-12-19,SKU043,22.0,19.8,backtest,12.53,27.07
2025-12-20,SKU043,26.0,21.22,backtest,13.95,28.49
2025-12-21,SKU043,16.0,21.7,backtest,14.43,28.97
2025-12-22,SKU043,12.0,18.84,backtest,11.57,26.11
2025-12-23,SKU043,13.0,19.47,backtest,12.2,26.74
2025-12-24,SKU043,14.0,18.97,backtest,11.7,26.24
2025-12-25,SKU043,24.0,19.09,backtest,11.82,26.37
2025-12-26,SKU043,16.0,19.99,backtest,12.72,27.26
2025-12-27,SKU043,30.0,21.02,backtest,13.75,28.29
2025-12-28,SKU043,17.0,21.85,backtest,14.58,29.12
2025-12-29,SKU043,22.0,19.85,backtest,12.58,27.12
2025-12-30,SKU043,23.0,20.62,backtest,13.35,27.89
2025-12-31,SKU043,30.0,20.27,backtest,13.0,27.54
2026-01-01,SKU043,,20.7,future,13.43,27.97
2026-01-02,SKU043,,21.29,future,14.02,28.56
2026-01-03,SKU043,,24.46,future,17.19,31.73
2026-01-04,SKU043,,23.75,future,16.48,31.02
2026-01-05,SKU043,,21.14,future,13.87,28.41
2026-01-06,SKU043,,21.42,future,14.15,28.69
2026-01-07,SKU043,,22.06,future,14.79,29.33
2026-01-08,SKU043,,21.65,future,14.38,28.92
2026-01-09,SKU043,,21.79,future,14.52,29.06
2026-01-10,SKU043,,23.69,future,16.42,30.96
2026-01-11,SKU043,,23.5,future,16.23,30.77
2026-01-12,SKU043,,21.37,future,14.1,28.64
2026-01-13,SKU043,,21.42,future,14.15,28.69
2026-01-14,SKU043,,21.32,future,14.05,28.59
2026-01-15,SKU043,,21.94,future,14.67,29.21
2026-01-16,SKU043,,22.47,future,15.2,29.74
2026-01-17,SKU043,,25.07,future,17.8,32.34
2026-01-18,SKU043,,24.79,future,17.52,32.06
2026-01-19,SKU043,,21.96,future,14.69,29.23
2026-01-20,SKU043,,21.68,future,14.4,28.95
2026-01-21,SKU043,,21.97,future,14.7,29.24
2026-01-22,SKU043,,22.4,future,15.13,29.67
2026-01-23,SKU043,,22.19,future,14.92,29.46
2026-01-24,SKU043,,26.23,future,18.96,33.5
2026-01-25,SKU043,,25.76,future,18.49,33.03
2026-01-26,SKU043,,21.75,future,14.48,29.02
2026-01-27,SKU043,,21.89,future,14.62,29.16
2026-01-28,SKU043,,22.33,future,15.06,29.6
2026-01-29,SKU043,,21.92,future,14.65,29.19
2026-01-30,SKU043,,22.17,future,14.9,29.44
2025-09-03,SKU044,8.0,,history,,
2025-09-04,SKU044,8.0,,history,,
2025-09-05,SKU044,6.0,,history,,
2025-09-06,SKU044,13.0,,history,,
2025-09-07,SKU044,6.0,,history,,
2025-09-08,SKU044,7.0,,history,,
2025-09-09,SKU044,9.0,,history,,
2025-09-10,SKU044,11.0,,history,,
2025-09-11,SKU044,6.0,,history,,
2025-09-12,SKU044,10.0,,history,,
2025-09-13,SKU044,8.0,,history,,
2025-09-14,SKU044,10.0,,history,,
2025-09-15,SKU044,7.0,,history,,
2025-09-16,SKU044,9.0,,history,,
2025-09-17,SKU044,7.0,,history,,
2025-09-18,SKU044,7.0,,history,,
2025-09-19,SKU044,6.0,,history,,
2025-09-20,SKU044,4.0,,history,,
2025-09-21,SKU044,7.0,,history,,
2025-09-22,SKU044,7.0,,history,,
2025-09-23,SKU044,9.0,,history,,
2025-09-24,SKU044,4.0,,history,,
2025-09-25,SKU044,8.0,,history,,
2025-09-26,SKU044,10.0,,history,,
2025-09-27,SKU044,16.0,,history,,
2025-09-28,SKU044,12.0,,history,,
2025-09-29,SKU044,5.0,,history,,
2025-09-30,SKU044,4.0,,history,,
2025-10-01,SKU044,4.0,,history,,
2025-10-02,SKU044,6.0,,history,,
2025-10-03,SKU044,9.0,7.04,backtest,2.64,11.44
2025-10-04,SKU044,13.0,7.72,backtest,3.32,12.12
2025-10-05,SKU044,9.0,7.74,backtest,3.34,12.14
2025-10-06,SKU044,10.0,7.01,backtest,2.61,11.41
2025-10-07,SKU044,6.0,7.04,backtest,2.64,11.44
2025-10-08,SKU044,8.0,7.02,backtest,2.62,11.42
2025-10-09,SKU044,5.0,7.11,backtest,2.71,11.51
2025-10-10,SKU044,8.0,7.04,backtest,2.64,11.44
2025-10-11,SKU044,6.0,7.77,backtest,3.37,12.17
2025-10-12,SKU044,6.0,7.67,backtest,3.27,12.07
2025-10-13,SKU044,8.0,7.01,backtest,2.61,11.41
2025-10-14,SKU044,7.0,7.05,backtest,2.65,11.45
2025-10-15,SKU044,7.0,7.1,backtest,2.7,11.5
2025-10-16,SKU044,3.0,7.11,backtest,2.71,11.5
2025-10-17,SKU044,11.0,7.11,backtest,2.71,11.51
2025-10-18,SKU044,8.0,7.77,backtest,3.38,12.17
2025-10-19,SKU044,12.0,7.85,backtest,3.46,12.25
2025-10-20,SKU044,6.0,7.07,backtest,2.67,11.47
2025-10-21,SKU044,4.0,7.14,backtest,2.74,11.54
2025-10-22,SKU044,7.0,7.08,backtest,2.68,11.48
2025-10-23,SKU044,8.0,7.18,backtest,2.78,11.58
2025-10-24,SKU044,8.0,7.18,backtest,2.78,11.58
2025-10-25,SKU044,11.0,7.93,backtest,3.53,12.33
2025-10-26,SKU044,9.0,7.8,backtest,3.4,12.2
2025-10-27,SKU044,7.0,6.9,backtest,2.5,11.3
2025-10-28,SKU044,7.0,6.96,backtest,2.56,11.35
2025-10-29,SKU044,4.0,6.95,backtest,2.55,11.35
2025-10-30,SKU044,6.0,7.22,backtest,2.82,11.62
2025-10-31,SKU044,11.0,7.23,backtest,2.83,11.63
2025-11-01,SKU044,13.0,9.9,backtest,5.5,14.3
2025-11-02,SKU044,12.0,9.87,backtest,5.47,14.27
2025-11-03,SKU044,6.0,7.19,backtest,2.79,11.58
2025-11-04,SKU044,6.0,7.23,backtest,2.84,11.63
2025-11-05,SKU044,11.0,7.26,backtest,2.86,11.66
2025-11-06,SKU044,12.0,7.26,backtest,2.86,11.66
2025-11-07,SKU044,4.0,7.29,backtest,2.89,11.69
2025-11-08,SKU044,6.0,9.86,backtest,5.46,14.26
2025-11-09,SKU044,13.0,9.94,backtest,5.54,14.34
2025-11-10,SKU044,6.0,7.29,backtest,2.89,11.68
2025-11-11,SKU044,6.0,7.33,backtest,2.93,11.72
2025-11-12,SKU044,3.0,7.32,backtest,2.93,11.72
2025-11-13,SKU044,9.0,7.27,backtest,2.87,11.67
2025-11-14,SKU044,7.0,7.55,backtest,3.15,11.95
2025-11-15,SKU044,8.0,9.94,backtest,5.54,14.33
2025-11-16,SKU044,14.0,10.2,backtest,5.8,14.6
2025-11-17,SKU044,8.0,7.27,backtest,2.87,11.67
2025-11-18,SKU044,2.0,7.42,backtest,3.02,11.82
2025-11-19,SKU044,4.0,7.53,backtest,3.13,11.93
2025-11-20,SKU044,5.0,7.55,backtest,3.15,11.95
2025-11-21,SKU044,7.0,7.57,backtest,3.17,11.97
2025-11-22,SKU044,4.0,10.27,backtest,5.87,14.67
2025-11-23,SKU044,16.0,10.16,backtest,5.76,14.56
2025-11-24,SKU044,7.0,7.35,backtest,2.95,11.75
2025-11-25,SKU044,11.0,7.37,backtest,2.97,11.77
2025-11-26,SKU044,4.0,7.31,backtest,2.91,11.7
2025-11-27,SKU044,7.0,7.34,backtest,2.94,11.74
2025-11-28,SKU044,7.0,7.38,backtest,2.98,11.78
2025-11-29,SKU044,14.0,10.18,backtest,5.78,14.58
2025-11-30,SKU044,7.0,9.91,backtest,5.51,14.31
2025-12-01,SKU044,5.0,7.6,backtest,3.2,12.0
2025-12-02,SKU044,8.0,7.28,backtest,2.88,11.67
2025-12-03,SKU044,14.0,7.26,backtest,2.86,11.66
2025-12-04,SKU044,7.0,7.36,backtest,2.96,11.76
2025-12-05,SKU044,7.0,7.19,backtest,2.79,11.59
2025-12-06,SKU044,7.0,8.26,backtest,3.86,12.66
2025-12-07,SKU044,4.0,8.36,backtest,3.96,12.76
2025-12-08,SKU044,4.0,7.61,backtest,3.21,12.01
2025-12-09,SKU044,10.0,7.61,backtest,3.21,12.01
2025-12-10,SKU044,7.0,7.58,backtest,3.18,11.98
2025-12-11,SKU044,9.0,7.62,backtest,3.22,12.02
2025-12-12,SKU044,5.0,7.65,backtest,3.25,12.05
2025-12-13,SKU044,10.0,8.29,backtest,3.89,12.69
2025-12-14,SKU044,12.0,8.35,backtest,3.95,12.74
2025-12-15,SKU044,9.0,7.64,backtest,3.24,12.04
2025-12-16,SKU044,11.0,7.58,backtest,3.18,11.98
2025-12-17,SKU044,10.0,7.62,backtest,3.22,12.02
2025-12-18,SKU044,6.0,7.62,backtest,3.22,12.02
2025-12-19,SKU044,7.0,7.73,backtest,3.33,12.12
2025-12-20,SKU044,10.0,8.4,backtest,4.0,12.8
2025-12-21,SKU044,8.0,9.02,backtest,4.62,13.42
2025-12-22,SKU044,6.0,7.62,backtest,3.22,12.02
2025-12-23,SKU044,8.0,7.75,backtest,3.35,12.15
2025-12-24,SKU044,8.0,7.68,backtest,3.28,12.08
2025-12-25,SKU044,10.0,7.85,backtest,3.45,12.25
2025-12-26,SKU044,10.0,7.88,backtest,3.48,12.28
2025-12-27,SKU044,8.0,8.77,backtest,4.37,13.16
2025-12-28,SKU044,11.0,8.52,backtest,4.12,12.92
2025-12-29,SKU044,9.0,7.78,backtest,3.38,12.18
2025-12-30,SKU044,5.0,8.02,backtest,3.62,12.42
2025-12-31,SKU044,5.0,8.02,backtest,3.62,12.41
2026-01-01,SKU044,,8.64,future,4.24,13.04
2026-01-02,SKU044,,8.84,future,4.45,13.24
2026-01-03,SKU044,,9.73,future,5.33,14.13
2026-01-04,SKU044,,9.91,future,5.51,14.31
2026-01-05,SKU044,,8.74,future,4.34,13.14
2026-01-06,SKU044,,8.96,future,4.56,13.35
2026-01-07,SKU044,,9.08,future,4.68,13.48
2026-01-08,SKU044,,9.39,future,4.99,13.79
2026-01-09,SKU044,,9.41,future,5.01,13.81
2026-01-10,SKU044,,10.82,future,6.42,15.22
2026-01-11,SKU044,,10.74,future,6.34,15.14
2026-01-12,SKU044,,9.47,future,5.08,13.87
2026-01-13,SKU044,,9.44,future,5.04,13.84
2026-01-14,SKU044,,9.1,future,4.7,13.5
2026-01-15,SKU044,,9.35,future,4.95,13.75
2026-01-16,SKU044,,9.59,future,5.19,13.99
2026-01-17,SKU044,,10.62,future,6.22,15.02
2026-01-18,SKU044,,10.65,future,6.25,15.05
2026-01-19,SKU044,,9.44,future,5.04,13.84
2026-01-20,SKU044,,9.64,future,5.24,14.03
2026-01-21,SKU044,,9.72,future,5.32,14.12
2026-01-22,SKU044,,9.8,future,5.4,14.2
2026-01-23,SKU044,,9.85,future,5.45,14.25
2026-01-24,SKU044,,10.89,future,6.49,15.29
2026-01-25,SKU044,,10.8,future,6.4,15.2
2026-01-26,SKU044,,9.63,future,5.23,14.03
2026-01-27,SKU044,,9.69,future,5.29,14.08
2026-01-28,SKU044,,10.06,future,5.66,14.46
2026-01-29,SKU044,,10.16,future,5.76,14.56
2026-01-30,SKU044,,10.14,future,5.74,14.54
2025-09-03,SKU045,25.0,,history,,
2025-09-04,SKU045,20.0,,history,,
2025-09-05,SKU045,12.0,,history,,
2025-09-06,SKU045,29.0,,history,,
2025-09-07,SKU045,38.0,,history,,
2025-09-08,SKU045,17.0,,history,,
2025-09-09,SKU045,23.0,,history,,
2025-09-10,SKU045,16.0,,history,,
2025-09-11,SKU045,25.0,,history,,
2025-09-12,SKU045,16.0,,history,,
2025-09-13,SKU045,38.0,,history,,
2025-09-14,SKU045,36.0,,history,,
2025-09-15,SKU045,15.0,,history,,
2025-09-16,SKU045,20.0,,history,,
2025-09-17,SKU045,20.0,,history,,
2025-09-18,SKU045,17.0,,history,,
2025-09-19,SKU045,14.0,,history,,
2025-09-20,SKU045,34.0,,history,,
2025-09-21,SKU045,27.0,,history,,
2025-09-22,SKU045,13.0,,history,,
2025-09-23,SKU045,14.0,,history,,
2025-09-24,SKU045,27.0,,history,,
2025-09-25,SKU045,25.0,,history,,
2025-09-26,SKU045,29.0,,history,,
2025-09-27,SKU045,28.0,,history,,
2025-09-28,SKU045,26.0,,history,,
2025-09-29,SKU045,15.0,,history,,
2025-09-30,SKU045,21.0,,history,,
2025-10-01,SKU045,22.0,,history,,
2025-10-02,SKU045,28.0,,history,,
2025-10-03,SKU045,18.0,20.41,backtest,12.92,27.9
2025-10-04,SKU045,9.0,23.31,backtest,15.82,30.8
2025-10-05,SKU045,29.0,22.56,backtest,15.07,30.05
2025-10-06,SKU045,16.0,18.14,backtest,10.65,25.63
2025-10-07,SKU045,12.0,18.56,backtest,11.07,26.05
2025-10-08,SKU045,14.0,18.55,backtest,11.06,26.04
2025-10-09,SKU045,19.0,19.39,backtest,11.9,26.88
2025-10-10,SKU045,25.0,19.2,backtest,11.71,26.69
2025-10-11,SKU045,21.0,23.72,backtest,16.23,31.21
2025-10-12,SKU045,16.0,22.6,backtest,15.11,30.09
2025-10-13,SKU045,20.0,19.22,backtest,11.73,26.72
2025-10-14,SKU045,14.0,19.72,backtest,12.23,27.21
2025-10-15,SKU045,20.0,19.42,backtest,11.93,26.91
2025-10-16,SKU045,16.0,19.43,backtest,11.94,26.92
2025-10-17,SKU045,14.0,18.49,backtest,11.0,25.98
2025-10-18,SKU045,15.0,22.0,backtest,14.51,29.49
2025-10-19,SKU045,21.0,23.93,backtest,16.43,31.42
2025-10-20,SKU045,21.0,21.05,backtest,13.55,28.54
2025-10-21,SKU045,26.0,19.73,backtest,12.24,27.22
2025-10-22,SKU045,22.0,21.68,backtest,14.19,29.17
2025-10-23,SKU045,20.0,21.89,backtest,14.4,29.38
2025-10-24,SKU045,19.0,21.96,backtest,14.47,29.45
2025-10-25,SKU045,18.0,25.85,backtest,18.36,33.34
2025-10-26,SKU045,17.0,25.32,backtest,17.83,32.81
2025-10-27,SKU045,20.0,21.54,backtest,14.05,29.03
2025-10-28,SKU045,19.0,21.69,backtest,14.2,29.18
2025-10-29,SKU045,20.0,21.8,backtest,14.31,29.29
2025-10-30,SKU045,12.0,21.7,backtest,14.21,29.19
2025-10-31,SKU045,19.0,21.93,backtest,14.44,29.42
2025-11-01,SKU045,22.0,31.5,backtest,24.01,38.99
2025-11-02,SKU045,31.0,29.02,backtest,21.53,36.51
2025-11-03,SKU045,11.0,19.07,backtest,11.58,26.57
2025-11-04,SKU045,19.0,19.47,backtest,11.98,26.96
2025-11-05,SKU045,22.0,19.1,backtest,11.61,26.59
2025-11-06,SKU045,18.0,20.17,backtest,12.68,27.66
2025-11-07,SKU045,23.0,20.1,backtest,12.61,27.59
2025-11-08,SKU045,33.0,28.61,backtest,21.12,36.1
2025-11-09,SKU045,28.0,28.62,backtest,21.13,36.11
2025-11-10,SKU045,24.0,19.88,backtest,12.39,27.37
2025-11-11,SKU045,15.0,19.58,backtest,12.08,27.07
2025-11-12,SKU045,18.0,19.85,backtest,12.36,27.34
2025-11-13,SKU045,19.0,19.45,backtest,11.96,26.94
2025-11-14,SKU045,25.0,19.15,backtest,11.66,26.64
2025-11-15,SKU045,22.0,29.54,backtest,22.05,37.03
2025-11-16,SKU045,27.0,30.29,backtest,22.79,37.78
2025-11-17,SKU045,15.0,21.43,backtest,13.94,28.92
2025-11-18,SKU045,22.0,21.64,backtest,14.15,29.14
2025-11-19,SKU045,15.0,21.76,backtest,14.27,29.25
2025-11-20,SKU045,17.0,21.23,backtest,13.74,28.72
2025-11-21,SKU045,29.0,21.07,backtest,13.58,28.56
2025-11-22,SKU045,33.0,30.75,backtest,23.26,38.24
2025-11-23,SKU045,24.0,30.17,backtest,22.68,37.66
2025-11-24,SKU045,18.0,20.26,backtest,12.77,27.75
2025-11-25,SKU045,26.0,20.23,backtest,12.74,27.72
2025-11-26,SKU045,15.0,19.98,backtest,12.49,27.47
2025-11-27,SKU045,17.0,19.61,backtest,12.12,27.1
2025-11-28,SKU045,24.0,20.55,backtest,13.06,28.04
2025-11-29,SKU045,30.0,30.32,backtest,22.83,37.81
2025-11-30,SKU045,34.0,29.83,backtest,22.34,37.32
2025-12-01,SKU045,18.0,20.31,backtest,12.82,27.81
2025-12-02,SKU045,23.0,20.91,backtest,13.42,28.4
2025-12-03,SKU045,26.0,21.35,backtest,13.86,28.84
2025-12-04,SKU045,24.0,21.52,backtest,14.03,29.02
2025-12-05,SKU045,19.0,22.16,backtest,14.67,29.65
2025-12-06,SKU045,27.0,25.1,backtest,17.61,32.59
2025-12-07,SKU045,29.0,24.87,backtest,17.38,32.36
2025-12-08,SKU045,20.0,22.26,backtest,14.77,29.75
2025-12-09,SKU045,26.0,21.07,backtest,13.58,28.56
2025-12-10,SKU045,20.0,21.57,backtest,14.08,29.06
2025-12-11,SKU045,16.0,21.24,backtest,13.75,28.73
2025-12-12,SKU045,17.0,21.75,backtest,14.26,29.24
2025-12-13,SKU045,26.0,24.87,backtest,17.38,32.36
2025-12-14,SKU045,27.0,24.51,backtest,17.02,32.0
2025-12-15,SKU045,20.0,20.09,backtest,12.6,27.58
2025-12-16,SKU045,19.0,21.62,backtest,14.13,29.11
2025-12-17,SKU045,13.0,21.16,backtest,13.67,28.66
2025-12-18,SKU045,10.0,21.98,backtest,14.49,29.47
2025-12-19,SKU045,18.0,22.51,backtest,15.02,30.0
2025-12-20,SKU045,21.0,26.05,backtest,18.55,33.54
2025-12-21,SKU045,22.0,26.62,backtest,19.13,34.11
2025-12-22,SKU045,22.0,23.13,backtest,15.64,30.62
2025-12-23,SKU045,15.0,22.69,backtest,15.2,30.18
2025-12-24,SKU045,15.0,22.49,backtest,15.0,29.98
2025-12-25,SKU045,28.0,22.84,backtest,15.35,30.33
2025-12-26,SKU045,24.0,23.69,backtest,16.2,31.18
2025-12-27,SKU045,23.0,26.96,backtest,19.47,34.45
2025-12-28,SKU045,30.0,27.3,backtest,19.81,34.79
2025-12-29,SKU045,19.0,24.04,backtest,16.55,31.53
2025-12-30,SKU045,20.0,24.79,backtest,17.3,32.28
2025-12-31,SKU045,20.0,24.74,backtest,17.25,32.23
2026-01-01,SKU045,,24.07,future,16.58,31.56
2026-01-02,SKU045,,23.38,future,15.89,30.87
2026-01-03,SKU045,,25.97,future,18.48,33.46
2026-01-04,SKU045,,26.09,future,18.6,33.58
2026-01-05,SKU045,,22.08,future,14.58,29.57
2026-01-06,SKU045,,23.06,future,15.57,30.55
2026-01-07,SKU045,,23.19,future,15.7,30.68
2026-01-08,SKU045,,24.09,future,16.6,31.58
2026-01-09,SKU045,,24.65,future,17.16,32.14
2026-01-10,SKU045,,26.76,future,19.27,34.25
2026-01-11,SKU045,,26.66,future,19.17,34.15
2026-01-12,SKU045,,22.76,future,15.27,30.25
2026-01-13,SKU045,,23.44,future,15.95,30.93
2026-01-14,SKU045,,23.97,future,16.48,31.46
2026-01-15,SKU045,,24.51,future,17.02,32.0
2026-01-16,SKU045,,25.29,future,17.8,32.78
2026-01-17,SKU045,,28.04,future,20.55,35.53
2026-01-18,SKU045,,28.63,future,21.13,36.12
2026-01-19,SKU045,,24.24,future,16.75,31.73
2026-01-20,SKU045,,24.57,future,17.08,32.06
2026-01-21,SKU045,,25.02,future,17.52,32.51
2026-01-22,SKU045,,24.63,future,17.13,32.12
2026-01-23,SKU045,,25.27,future,17.78,32.76
2026-01-24,SKU045,,28.24,future,20.75,35.73
2026-01-25,SKU045,,27.98,future,20.49,35.47
2026-01-26,SKU045,,23.38,future,15.89,30.87
2026-01-27,SKU045,,23.94,future,16.45,31.43
2026-01-28,SKU045,,24.82,future,17.33,32.31
2026-01-29,SKU045,,25.01,future,17.52,32.5
2026-01-30,SKU045,,25.93,future,18.44,33.42
2025-09-03,SKU046,6.0,,history,,
2025-09-04,SKU046,7.0,,history,,
2025-09-05,SKU046,6.0,,history,,
2025-09-06,SKU046,11.0,,history,,
2025-09-07,SKU046,11.0,,history,,
2025-09-08,SKU046,6.0,,history,,
2025-09-09,SKU046,7.0,,history,,
2025-09-10,SKU046,6.0,,history,,
2025-09-11,SKU046,4.0,,history,,
2025-09-12,SKU046,11.0,,history,,
2025-09-13,SKU046,13.0,,history,,
2025-09-14,SKU046,9.0,,history,,
2025-09-15,SKU046,10.0,,history,,
2025-09-16,SKU046,4.0,,history,,
2025-09-17,SKU046,7.0,,history,,
2025-09-18,SKU046,9.0,,history,,
2025-09-19,SKU046,3.0,,history,,
2025-09-20,SKU046,9.0,,history,,
2025-09-21,SKU046,19.0,,history,,
2025-09-22,SKU046,13.0,,history,,
2025-09-23,SKU046,8.0,,history,,
2025-09-24,SKU046,4.0,,history,,
2025-09-25,SKU046,8.0,,history,,
2025-09-26,SKU046,5.0,,history,,
2025-09-27,SKU046,17.0,,history,,
2025-09-28,SKU046,18.0,,history,,
2025-09-29,SKU046,7.0,,history,,
2025-09-30,SKU046,13.0,,history,,
2025-10-01,SKU046,5.0,,history,,
2025-10-02,SKU046,9.0,,history,,
2025-10-03,SKU046,8.0,7.72,backtest,3.02,12.42
2025-10-04,SKU046,8.0,9.02,backtest,4.32,13.73
2025-10-05,SKU046,12.0,8.89,backtest,4.19,13.6
2025-10-06,SKU046,2.0,7.68,backtest,2.98,12.38
2025-10-07,SKU046,6.0,7.65,backtest,2.94,12.35
2025-10-08,SKU046,6.0,7.71,backtest,3.01,12.41
2025-10-09,SKU046,9.0,7.73,backtest,3.03,12.43
2025-10-10,SKU046,2.0,7.83,backtest,3.13,12.54
2025-10-11,SKU046,8.0,8.82,backtest,4.11,13.52
2025-10-12,SKU046,14.0,8.96,backtest,4.26,13.66
2025-10-13,SKU046,6.0,7.64,backtest,2.94,12.35
2025-10-14,SKU046,6.0,7.72,backtest,3.02,12.42
2025-10-15,SKU046,6.0,7.8,backtest,3.1,12.51
2025-10-16,SKU046,4.0,7.78,backtest,3.07,12.48
2025-10-17,SKU046,9.0,7.83,backtest,3.13,12.53
2025-10-18,SKU046,4.0,9.5,backtest,4.79,14.2
2025-10-19,SKU046,5.0,9.44,backtest,4.74,14.15
2025-10-20,SKU046,7.0,7.74,backtest,3.03,12.44
2025-10-21,SKU046,5.0,7.76,backtest,3.05,12.46
2025-10-22,SKU046,12.0,7.7,backtest,3.0,12.4
2025-10-23,SKU046,8.0,7.86,backtest,3.16,12.56
2025-10-24,SKU046,6.0,7.83,backtest,3.12,12.53
2025-10-25,SKU046,6.0,8.99,backtest,4.29,13.69
2025-10-26,SKU046,6.0,8.83,backtest,4.13,13.53
2025-10-27,SKU046,8.0,7.65,backtest,2.95,12.36
2025-10-28,SKU046,10.0,7.53,backtest,2.82,12.23
2025-10-29,SKU046,12.0,7.65,backtest,2.95,12.35
2025-10-30,SKU046,2.0,7.75,backtest,3.05,12.45
2025-10-31,SKU046,6.0,7.74,backtest,3.03,12.44
2025-11-01,SKU046,12.0,10.7,backtest,6.0,15.4
2025-11-02,SKU046,14.0,10.02,backtest,5.31,14.72
2025-11-03,SKU046,4.0,6.93,backtest,2.23,11.63
2025-11-04,SKU046,6.0,7.25,backtest,2.55,11.96
2025-11-05,SKU046,7.0,7.31,backtest,2.61,12.01
2025-11-06,SKU046,13.0,7.33,backtest,2.63,12.03
2025-11-07,SKU046,2.0,7.28,backtest,2.58,11.98
2025-11-08,SKU046,8.0,10.24,backtest,5.54,14.95
2025-11-09,SKU046,9.0,10.3,backtest,5.6,15.01
2025-11-10,SKU046,6.0,7.38,backtest,2.68,12.08
2025-11-11,SKU046,7.0,7.39,backtest,2.68,12.09
2025-11-12,SKU046,5.0,7.35,backtest,2.65,12.06
2025-11-13,SKU046,10.0,7.34,backtest,2.64,12.04
2025-11-14,SKU046,9.0,7.43,backtest,2.73,12.13
2025-11-15,SKU046,13.0,10.31,backtest,5.6,15.01
2025-11-16,SKU046,6.0,10.36,backtest,5.66,15.07
2025-11-17,SKU046,13.0,7.53,backtest,2.82,12.23
2025-11-18,SKU046,5.0,7.6,backtest,2.9,12.3
2025-11-19,SKU046,10.0,7.64,backtest,2.93,12.34
2025-11-20,SKU046,6.0,7.51,backtest,2.81,12.21
2025-11-21,SKU046,7.0,7.53,backtest,2.83,12.24
2025-11-22,SKU046,7.0,10.33,backtest,5.62,15.03
2025-11-23,SKU046,5.0,10.56,backtest,5.86,15.27
2025-11-24,SKU046,6.0,7.42,backtest,2.72,12.12
2025-11-25,SKU046,8.0,7.37,backtest,2.67,12.07
2025-11-26,SKU046,6.0,7.47,backtest,2.77,12.17
2025-11-27,SKU046,5.0,7.3,backtest,2.6,12.0
2025-11-28,SKU046,6.0,7.42,backtest,2.71,12.12
2025-11-29,SKU046,12.0,10.32,backtest,5.62,15.02
2025-11-30,SKU046,9.0,10.29,backtest,5.59,15.0
2025-12-01,SKU046,7.0,7.71,backtest,3.0,12.41
2025-12-02,SKU046,7.0,7.42,backtest,2.72,12.12
2025-12-03,SKU046,6.0,7.41,backtest,2.7,12.11
2025-12-04,SKU046,8.0,7.52,backtest,2.82,12.22
2025-12-05,SKU046,6.0,7.4,backtest,2.7,12.11
2025-12-06,SKU046,8.0,8.74,backtest,4.04,13.44
2025-12-07,SKU046,14.0,8.71,backtest,4.0,13.41
2025-12-08,SKU046,7.0,7.98,backtest,3.28,12.69
2025-12-09,SKU046,10.0,8.02,backtest,3.32,12.72
2025-12-10,SKU046,9.0,7.9,backtest,3.2,12.6
2025-12-11,SKU046,13.0,7.97,backtest,3.27,12.67
2025-12-12,SKU046,10.0,7.99,backtest,3.29,12.7
2025-12-13,SKU046,8.0,8.64,backtest,3.93,13.34
2025-12-14,SKU046,9.0,8.66,backtest,3.95,13.36
2025-12-15,SKU046,8.0,7.93,backtest,3.23,12.64
2025-12-16,SKU046,8.0,7.9,backtest,3.2,12.6
2025-12-17,SKU046,9.0,7.91,backtest,3.21,12.61
2025-12-18,SKU046,1.0,8.02,backtest,3.32,12.72
2025-12-19,SKU046,11.0,8.06,backtest,3.36,12.76
2025-12-20,SKU046,12.0,8.76,backtest,4.05,13.46
2025-12-21,SKU046,8.0,8.71,backtest,4.0,13.41
2025-12-22,SKU046,9.0,8.07,backtest,3.37,12.78
2025-12-23,SKU046,12.0,8.13,backtest,3.42,12.83
2025-12-24,SKU046,5.0,8.18,backtest,3.47,12.88
2025-12-25,SKU046,5.0,8.26,backtest,3.56,12.96
2025-12-26,SKU046,9.0,8.44,backtest,3.73,13.14
2025-12-27,SKU046,9.0,9.33,backtest,4.63,14.03
2025-12-28,SKU046,9.0,9.45,backtest,4.75,14.15
2025-12-29,SKU046,9.0,8.46,backtest,3.76,13.17
2025-12-30,SKU046,3.0,8.4,backtest,3.7,13.1
2025-12-31,SKU046,5.0,8.42,backtest,3.71,13.12
2026-01-01,SKU046,,8.71,future,4.0,13.41
2026-01-02,SKU046,,8.7,future,4.0,13.4
2026-01-03,SKU046,,9.68,future,4.97,14.38
2026-01-04,SKU046,,9.63,future,4.92,14.33
2026-01-05,SKU046,,8.64,future,3.93,13.34
2026-01-06,SKU046,,8.61,future,3.91,13.32
2026-01-07,SKU046,,8.74,future,4.04,13.44
2026-01-08,SKU046,,8.78,future,4.08,13.48
2026-01-09,SKU046,,8.85,future,4.15,13.55
2026-01-10,SKU046,,9.8,future,5.1,14.5
2026-01-11,SKU046,,9.83,future,5.13,14.53
2026-01-12,SKU046,,8.7,future,4.0,13.41
2026-01-13,SKU046,,8.69,future,3.99,13.39
2026-01-14,SKU046,,8.67,future,3.97,13.38
2026-01-15,SKU046,,8.65,future,3.95,13.35
2026-01-16,SKU046,,8.82,future,4.12,13.52
2026-01-17,SKU046,,9.75,future,5.04,14.45
2026-01-18,SKU046,,9.73,future,5.03,14.43
2026-01-19,SKU046,,8.62,future,3.92,13.33
2026-01-20,SKU046,,8.69,future,3.99,13.39
2026-01-21,SKU046,,8.64,future,3.94,13.34
2026-01-22,SKU046,,8.7,future,3.99,13.4
2026-01-23,SKU046,,9.01,future,4.31,13.71
2026-01-24,SKU046,,9.98,future,5.28,14.68
2026-01-25,SKU046,,9.88,future,5.17,14.58
2026-01-26,SKU046,,8.8,future,4.09,13.5
2026-01-27,SKU046,,8.82,future,4.12,13.52
2026-01-28,SKU046,,9.1,future,4.4,13.81
2026-01-29,SKU046,,9.26,future,4.56,13.96
2026-01-30,SKU046,,9.52,future,4.82,14.22
2025-09-03,SKU047,14.0,,history,,
2025-09-04,SKU047,15.0,,history,,
2025-09-05,SKU047,13.0,,history,,
2025-09-06,SKU047,17.0,,history,,
2025-09-07,SKU047,13.0,,history,,
2025-09-08,SKU047,14.0,,history,,
2025-09-09,SKU047,6.0,,history,,
2025-09-10,SKU047,9.0,,history,,
2025-09-11,SKU047,19.0,,history,,
2025-09-12,SKU047,11.0,,history,,
2025-09-13,SKU047,10.0,,history,,
2025-09-14,SKU047,9.0,,history,,
2025-09-15,SKU047,9.0,,history,,
2025-09-16,SKU047,8.0,,history,,
2025-09-17,SKU047,18.0,,history,,
2025-09-18,SKU047,12.0,,history,,
2025-09-19,SKU047,12.0,,history,,
2025-09-20,SKU047,17.0,,history,,
2025-09-21,SKU047,11.0,,history,,
2025-09-22,SKU047,15.0,,history,,
2025-09-23,SKU047,15.0,,history,,
2025-09-24,SKU047,16.0,,history,,
2025-09-25,SKU047,11.0,,history,,
2025-09-26,SKU047,9.0,,history,,
2025-09-27,SKU047,17.0,,history,,
2025-09-28,SKU047,11.0,,history,,
2025-09-29,SKU047,12.0,,history,,
2025-09-30,SKU047,10.0,,history,,
2025-10-01,SKU047,14.0,,history,,
2025-10-02,SKU047,9.0,,history,,
2025-10-03,SKU047,13.0,11.17,backtest,4.92,17.42
2025-10-04,SKU047,8.0,13.07,backtest,6.82,19.32
2025-10-05,SKU047,11.0,13.36,backtest,7.12,19.61
2025-10-06,SKU047,12.0,11.13,backtest,4.88,17.38
2025-10-07,SKU047,14.0,11.26,backtest,5.01,17.51
2025-10-08,SKU047,13.0,11.13,backtest,4.88,17.38
2025-10-09,SKU047,13.0,11.26,backtest,5.01,17.5
2025-10-10,SKU047,7.0,11.43,backtest,5.18,17.67
2025-10-11,SKU047,6.0,13.23,backtest,6.99,19.48
2025-10-12,SKU047,16.0,13.57,backtest,7.33,19.82
2025-10-13,SKU047,12.0,11.3,backtest,5.05,17.54
2025-10-14,SKU047,10.0,11.65,backtest,5.4,17.9
2025-10-15,SKU047,11.0,11.21,backtest,4.96,17.45
2025-10-16,SKU047,11.0,11.48,backtest,5.23,17.72
2025-10-17,SKU047,5.0,11.48,backtest,5.23,17.73
2025-10-18,SKU047,13.0,13.34,backtest,7.09,19.59
2025-10-19,SKU047,14.0,13.51,backtest,7.27,19.76
2025-10-20,SKU047,10.0,11.51,backtest,5.26,17.76
2025-10-21,SKU047,13.0,11.47,backtest,5.22,17.72
2025-10-22,SKU047,8.0,11.51,backtest,5.27,17.76
2025-10-23,SKU047,10.0,11.35,backtest,5.1,17.6
2025-10-24,SKU047,9.0,11.44,backtest,5.19,17.69
2025-10-25,SKU047,16.0,13.14,backtest,6.9,19.39
2025-10-26,SKU047,9.0,13.44,backtest,7.2,19.69
2025-10-27,SKU047,21.0,11.53,backtest,5.28,17.78
2025-10-28,SKU047,8.0,11.26,backtest,5.01,17.51
2025-10-29,SKU047,9.0,11.51,backtest,5.26,17.75
2025-10-30,SKU047,16.0,11.43,backtest,5.18,17.68
2025-10-31,SKU047,14.0,11.39,backtest,5.15,17.64
2025-11-01,SKU047,17.0,15.78,backtest,9.53,22.02
2025-11-02,SKU047,16.0,15.22,backtest,8.97,21.46
2025-11-03,SKU047,13.0,11.9,backtest,5.65,18.15
2025-11-04,SKU047,12.0,11.18,backtest,4.93,17.42
2025-11-05,SKU047,16.0,11.14,backtest,4.89,17.38
2025-11-06,SKU047,10.0,11.2,backtest,4.96,17.45
2025-11-07,SKU047,10.0,11.27,backtest,5.03,17.52
2025-11-08,SKU047,17.0,15.66,backtest,9.41,21.91
2025-11-09,SKU047,24.0,15.7,backtest,9.45,21.94
2025-11-10,SKU047,10.0,11.46,backtest,5.21,17.71
2025-11-11,SKU047,19.0,11.49,backtest,5.24,17.74
2025-11-12,SKU047,9.0,11.35,backtest,5.1,17.6
2025-11-13,SKU047,11.0,11.3,backtest,5.05,17.55
2025-11-14,SKU047,7.0,11.52,backtest,5.28,17.77
2025-11-15,SKU047,25.0,15.71,backtest,9.47,21.96
2025-11-16,SKU047,20.0,15.68,backtest,9.44,21.93
2025-11-17,SKU047,9.0,11.5,backtest,5.25,17.75
2025-11-18,SKU047,13.0,11.59,backtest,5.35,17.84
2025-11-19,SKU047,8.0,11.61,backtest,5.37,17.86
2025-11-20,SKU047,12.0,11.62,backtest,5.37,17.86
2025-11-21,SKU047,12.0,11.69,backtest,5.44,17.94
2025-11-22,SKU047,21.0,15.65,backtest,9.4,21.9
2025-11-23,SKU047,6.0,15.68,backtest,9.43,21.93
2025-11-24,SKU047,14.0,12.01,backtest,5.77,18.26
2025-11-25,SKU047,10.0,11.29,backtest,5.04,17.54
2025-11-26,SKU047,8.0,11.3,backtest,5.05,17.54
2025-11-27,SKU047,12.0,11.81,backtest,5.56,18.06
2025-11-28,SKU047,13.0,11.35,backtest,5.11,17.6
2025-11-29,SKU047,10.0,15.37,backtest,9.12,21.62
2025-11-30,SKU047,23.0,15.25,backtest,9.0,21.49
2025-12-01,SKU047,11.0,11.56,backtest,5.31,17.8
2025-12-02,SKU047,11.0,11.85,backtest,5.61,18.1
2025-12-03,SKU047,12.0,12.48,backtest,6.24,18.73
2025-12-04,SKU047,20.0,12.07,backtest,5.82,18.31
2025-12-05,SKU047,15.0,12.09,backtest,5.84,18.34
2025-12-06,SKU047,19.0,14.43,backtest,8.18,20.68
2025-12-07,SKU047,20.0,14.68,backtest,8.43,20.93
2025-12-08,SKU047,13.0,12.56,backtest,6.31,18.81
2025-12-09,SKU047,12.0,12.86,backtest,6.61,19.1
2025-12-10,SKU047,14.0,12.61,backtest,6.36,18.86
2025-12-11,SKU047,8.0,12.4,backtest,6.15,18.65
2025-12-12,SKU047,15.0,12.69,backtest,6.44,18.93
2025-12-13,SKU047,14.0,14.28,backtest,8.03,20.53
2025-12-14,SKU047,10.0,13.92,backtest,7.67,20.17
2025-12-15,SKU047,18.0,11.9,backtest,5.65,18.15
2025-12-16,SKU047,16.0,11.88,backtest,5.63,18.13
2025-12-17,SKU047,10.0,11.85,backtest,5.6,18.1
2025-12-18,SKU047,12.0,11.86,backtest,5.61,18.11
2025-12-19,SKU047,12.0,11.71,backtest,5.46,17.96
2025-12-20,SKU047,14.0,14.03,backtest,7.78,20.27
2025-12-21,SKU047,18.0,13.85,backtest,7.61,20.1
2025-12-22,SKU047,9.0,11.9,backtest,5.65,18.15
2025-12-23,SKU047,12.0,11.89,backtest,5.64,18.13
2025-12-24,SKU047,15.0,12.01,backtest,5.76,18.26
2025-12-25,SKU047,9.0,12.4,backtest,6.15,18.64
2025-12-26,SKU047,16.0,12.54,backtest,6.29,18.79
2025-12-27,SKU047,15.0,14.26,backtest,8.01,20.51
2025-12-28,SKU047,12.0,14.28,backtest,8.03,20.53
2025-12-29,SKU047,20.0,12.04,backtest,5.79,18.28
2025-12-30,SKU047,15.0,12.19,backtest,5.94,18.43
2025-12-31,SKU047,6.0,12.25,backtest,6.0,18.5
2026-01-01,SKU047,,13.92,future,7.68,20.17
2026-01-02,SKU047,,14.31,future,8.07,20.56
2026-01-03,SKU047,,15.57,future,9.32,21.82
2026-01-04,SKU047,,15.42,future,9.17,21.67
2026-01-05,SKU047,,13.59,future,7.34,19.84
2026-01-06,SKU047,,13.4,future,7.15,19.65
2026-01-07,SKU047,,13.11,future,6.87,19.36
2026-01-08,SKU047,,13.7,future,7.45,19.95
2026-01-09,SKU047,,13.47,future,7.22,19.71
2026-01-10,SKU047,,15.07,future,8.82,21.31
2026-01-11,SKU047,,15.29,future,9.04,21.54
2026-01-12,SKU047,,13.31,future,7.06,19.56
2026-01-13,SKU047,,12.98,future,6.74,19.23
2026-01-14,SKU047,,13.56,future,7.31,19.81
2026-01-15,SKU047,,13.36,future,7.11,19.6
2026-01-16,SKU047,,13.72,future,7.47,19.96
2026-01-17,SKU047,,15.04,future,8.79,21.29
2026-01-18,SKU047,,15.08,future,8.83,21.33
2026-01-19,SKU047,,13.5,future,7.26,19.75
2026-01-20,SKU047,,13.39,future,7.14,19.64
2026-01-21,SKU047,,13.23,future,6.98,19.48
2026-01-22,SKU047,,13.76,future,7.51,20.0
2026-01-23,SKU047,,13.34,future,7.1,19.59
2026-01-24,SKU047,,14.89,future,8.64,21.13
2026-01-25,SKU047,,14.84,future,8.6,21.09
2026-01-26,SKU047,,12.98,future,6.73,19.23
2026-01-27,SKU047,,13.06,future,6.81,19.3
2026-01-28,SKU047,,13.48,future,7.23,19.72
2026-01-29,SKU047,,13.36,future,7.12,19.61
2026-01-30,SKU047,,13.76,future,7.52,20.01
2025-09-03,SKU048,6.0,,history,,
2025-09-04,SKU048,6.0,,history,,
2025-09-05,SKU048,9.0,,history,,
2025-09-06,SKU048,12.0,,history,,
2025-09-07,SKU048,13.0,,history,,
2025-09-08,SKU048,12.0,,history,,
2025-09-09,SKU048,5.0,,history,,
2025-09-10,SKU048,8.0,,history,,
2025-09-11,SKU048,6.0,,history,,
2025-09-12,SKU048,9.0,,history,,
2025-09-13,SKU048,8.0,,history,,
2025-09-14,SKU048,10.0,,history,,
2025-09-15,SKU048,7.0,,history,,
2025-09-16,SKU048,6.0,,history,,
2025-09-17,SKU048,5.0,,history,,
2025-09-18,SKU048,12.0,,history,,
2025-09-19,SKU048,11.0,,history,,
2025-09-20,SKU048,3.0,,history,,
2025-09-21,SKU048,10.0,,history,,
2025-09-22,SKU048,8.0,,history,,
2025-09-23,SKU048,5.0,,history,,
2025-09-24,SKU048,11.0,,history,,
2025-09-25,SKU048,5.0,,history,,
2025-09-26,SKU048,2.0,,history,,
2025-09-27,SKU048,9.0,,history,,
2025-09-28,SKU048,10.0,,history,,
2025-09-29,SKU048,4.0,,history,,
2025-09-30,SKU048,6.0,,history,,
2025-10-01,SKU048,9.0,,history,,
2025-10-02,SKU048,5.0,,history,,
2025-10-03,SKU048,6.0,6.92,backtest,2.29,11.56
2025-10-04,SKU048,6.0,7.48,backtest,2.84,12.12
2025-10-05,SKU048,10.0,7.56,backtest,2.92,12.19
2025-10-06,SKU048,4.0,6.62,backtest,1.99,11.26
2025-10-07,SKU048,4.0,6.76,backtest,2.12,11.4
2025-10-08,SKU048,10.0,6.82,backtest,2.18,11.46
2025-10-09,SKU048,11.0,6.9,backtest,2.26,11.54
2025-10-10,SKU048,7.0,6.88,backtest,2.24,11.52
2025-10-11,SKU048,7.0,7.69,backtest,3.05,12.33
2025-10-12,SKU048,8.0,7.62,backtest,2.98,12.25
2025-10-13,SKU048,8.0,6.57,backtest,1.94,11.21
2025-10-14,SKU048,6.0,6.63,backtest,1.99,11.27
2025-10-15,SKU048,10.0,6.58,backtest,1.94,11.21
2025-10-16,SKU048,10.0,6.86,backtest,2.22,11.5
2025-10-17,SKU048,5.0,6.7,backtest,2.06,11.34
2025-10-18,SKU048,10.0,7.52,backtest,2.88,12.16
2025-10-19,SKU048,10.0,7.61,backtest,2.98,12.25
2025-10-20,SKU048,7.0,6.55,backtest,1.91,11.19
2025-10-21,SKU048,6.0,6.57,backtest,1.93,11.21
2025-10-22,SKU048,3.0,6.58,backtest,1.94,11.22
2025-10-23,SKU048,2.0,6.65,backtest,2.02,11.29
2025-10-24,SKU048,2.0,6.69,backtest,2.06,11.33
2025-10-25,SKU048,5.0,7.68,backtest,3.04,12.31
2025-10-26,SKU048,6.0,7.67,backtest,3.03,12.31
2025-10-27,SKU048,5.0,6.59,backtest,1.95,11.23
2025-10-28,SKU048,6.0,6.69,backtest,2.05,11.33
2025-10-29,SKU048,5.0,6.73,backtest,2.09,11.37
2025-10-30,SKU048,10.0,6.77,backtest,2.13,11.4
2025-10-31,SKU048,7.0,6.88,backtest,2.25,11.52
2025-11-01,SKU048,9.0,10.13,backtest,5.5,14.77
2025-11-02,SKU048,19.0,9.87,backtest,5.23,14.51
2025-11-03,SKU048,10.0,6.66,backtest,2.02,11.3
2025-11-04,SKU048,10.0,6.74,backtest,2.1,11.38
2025-11-05,SKU048,12.0,6.74,backtest,2.11,11.38
2025-11-06,SKU048,7.0,6.81,backtest,2.17,11.45
2025-11-07,SKU048,5.0,6.91,backtest,2.27,11.55
2025-11-08,SKU048,12.0,10.05,backtest,5.41,14.68
2025-11-09,SKU048,7.0,10.11,backtest,5.47,14.74
2025-11-10,SKU048,6.0,6.68,backtest,2.04,11.32
2025-11-11,SKU048,7.0,6.74,backtest,2.11,11.38
2025-11-12,SKU048,7.0,6.7,backtest,2.07,11.34
2025-11-13,SKU048,7.0,6.77,backtest,2.13,11.41
2025-11-14,SKU048,2.0,6.88,backtest,2.24,11.52
2025-11-15,SKU048,9.0,10.05,backtest,5.42,14.69
2025-11-16,SKU048,9.0,10.08,backtest,5.44,14.72
2025-11-17,SKU048,7.0,6.73,backtest,2.09,11.37
2025-11-18,SKU048,12.0,6.78,backtest,2.14,11.41
2025-11-19,SKU048,5.0,6.73,backtest,2.09,11.36
2025-11-20,SKU048,8.0,6.79,backtest,2.15,11.43
2025-11-21,SKU048,8.0,6.82,backtest,2.19,11.46
2025-11-22,SKU048,11.0,10.02,backtest,5.38,14.65
2025-11-23,SKU048,12.0,10.12,backtest,5.48,14.75
2025-11-24,SKU048,6.0,6.86,backtest,2.22,11.5
2025-11-25,SKU048,2.0,6.92,backtest,2.29,11.56
2025-11-26,SKU048,2.0,6.89,backtest,2.25,11.52
2025-11-27,SKU048,2.0,6.98,backtest,2.35,11.62
2025-11-28,SKU048,5.0,7.12,backtest,2.48,11.76
2025-11-29,SKU048,9.0,10.16,backtest,5.52,14.8
2025-11-30,SKU048,10.0,9.95,backtest,5.31,14.59
2025-12-01,SKU048,7.0,7.01,backtest,2.37,11.65
2025-12-02,SKU048,15.0,6.86,backtest,2.22,11.49
2025-12-03,SKU048,6.0,7.0,backtest,2.37,11.64
2025-12-04,SKU048,4.0,6.96,backtest,2.33,11.6
2025-12-05,SKU048,11.0,6.87,backtest,2.23,11.51
2025-12-06,SKU048,6.0,7.99,backtest,3.36,12.63
2025-12-07,SKU048,8.0,8.12,backtest,3.48,12.76
2025-12-08,SKU048,7.0,7.11,backtest,2.47,11.74
2025-12-09,SKU048,9.0,7.22,backtest,2.59,11.86
2025-12-10,SKU048,10.0,7.25,backtest,2.61,11.89
2025-12-11,SKU048,9.0,7.33,backtest,2.69,11.97
2025-12-12,SKU048,3.0,7.3,backtest,2.67,11.94
2025-12-13,SKU048,12.0,8.31,backtest,3.67,12.95
2025-12-14,SKU048,5.0,8.27,backtest,3.64,12.91
2025-12-15,SKU048,11.0,7.41,backtest,2.77,12.05
2025-12-16,SKU048,7.0,7.34,backtest,2.7,11.98
2025-12-17,SKU048,6.0,7.14,backtest,2.5,11.78
2025-12-18,SKU048,7.0,7.51,backtest,2.87,12.15
2025-12-19,SKU048,7.0,7.33,backtest,2.7,11.97
2025-12-20,SKU048,9.0,8.06,backtest,3.42,12.7
2025-12-21,SKU048,11.0,8.08,backtest,3.44,12.72
2025-12-22,SKU048,6.0,7.09,backtest,2.45,11.73
2025-12-23,SKU048,5.0,7.04,backtest,2.4,11.67
2025-12-24,SKU048,10.0,7.16,backtest,2.52,11.8
2025-12-25,SKU048,4.0,7.56,backtest,2.92,12.2
2025-12-26,SKU048,5.0,7.65,backtest,3.01,12.29
2025-12-27,SKU048,6.0,8.5,backtest,3.86,13.14
2025-12-28,SKU048,4.0,8.59,backtest,3.95,13.23
2025-12-29,SKU048,7.0,7.72,backtest,3.08,12.36
2025-12-30,SKU048,7.0,7.82,backtest,3.18,12.46
2025-12-31,SKU048,7.0,7.79,backtest,3.15,12.43
2026-01-01,SKU048,,7.81,future,3.18,12.45
2026-01-02,SKU048,,7.82,future,3.18,12.45
2026-01-03,SKU048,,8.58,future,3.95,13.22
2026-01-04,SKU048,,8.77,future,4.13,13.41
2026-01-05,SKU048,,7.87,future,3.23,12.51
2026-01-06,SKU048,,7.91,future,3.27,12.55
2026-01-07,SKU048,,7.81,future,3.17,12.45
2026-01-08,SKU048,,7.96,future,3.33,12.6
2026-01-09,SKU048,,7.93,future,3.29,12.57
2026-01-10,SKU048,,8.64,future,4.0,13.28
2026-01-11,SKU048,,8.75,future,4.12,13.39
2026-01-12,SKU048,,7.75,future,3.11,12.39
2026-01-13,SKU048,,7.91,future,3.27,12.54
2026-01-14,SKU048,,7.91,future,3.27,12.55
2026-01-15,SKU048,,7.99,future,3.35,12.63
2026-01-16,SKU048,,8.01,future,3.37,12.65
2026-01-17,SKU048,,8.78,future,4.15,13.42
2026-01-18,SKU048,,8.78,future,4.14,13.42
2026-01-19,SKU048,,7.81,future,3.17,12.45
2026-01-20,SKU048,,7.91,future,3.27,12.55
2026-01-21,SKU048,,7.98,future,3.34,12.62
2026-01-22,SKU048,,8.16,future,3.52,12.8
2026-01-23,SKU048,,8.15,future,3.51,12.79
2026-01-24,SKU048,,8.94,future,4.3,13.57
2026-01-25,SKU048,,9.09,future,4.45,13.73
2026-01-26,SKU048,,8.3,future,3.66,12.94
2026-01-27,SKU048,,8.35,future,3.71,12.99
2026-01-28,SKU048,,8.4,future,3.76,13.04
2026-01-29,SKU048,,8.46,future,3.82,13.1
2026-01-30,SKU048,,8.55,future,3.91,13.19
2025-09-03,SKU049,19.0,,history,,
2025-09-04,SKU049,26.0,,history,,
2025-09-05,SKU049,14.0,,history,,
2025-09-06,SKU049,30.0,,history,,
2025-09-07,SKU049,28.0,,history,,
2025-09-08,SKU049,21.0,,history,,
2025-09-09,SKU049,22.0,,history,,
2025-09-10,SKU049,17.0,,history,,
2025-09-11,SKU049,22.0,,history,,
2025-09-12,SKU049,18.0,,history,,
2025-09-13,SKU049,31.0,,history,,
2025-09-14,SKU049,36.0,,history,,
2025-09-15,SKU049,21.0,,history,,
2025-09-16,SKU049,19.0,,history,,
2025-09-17,SKU049,17.0,,history,,
2025-09-18,SKU049,21.0,,history,,
2025-09-19,SKU049,25.0,,history,,
2025-09-20,SKU049,24.0,,history,,
2025-09-21,SKU049,31.0,,history,,
2025-09-22,SKU049,23.0,,history,,
2025-09-23,SKU049,24.0,,history,,
2025-09-24,SKU049,16.0,,history,,
2025-09-25,SKU049,19.0,,history,,
2025-09-26,SKU049,27.0,,history,,
2025-09-27,SKU049,32.0,,history,,
2025-09-28,SKU049,27.0,,history,,
2025-09-29,SKU049,24.0,,history,,
2025-09-30,SKU049,16.0,,history,,
2025-10-01,SKU049,21.0,,history,,
2025-10-02,SKU049,18.0,,history,,
2025-10-03,SKU049,17.0,19.3,backtest,11.48,27.13
2025-10-04,SKU049,26.0,23.3,backtest,15.48,31.12
2025-10-05,SKU049,20.0,24.22,backtest,16.4,32.04
2025-10-06,SKU049,17.0,19.92,backtest,12.1,27.74
2025-10-07,SKU049,19.0,19.91,backtest,12.09,27.74
2025-10-08,SKU049,16.0,19.49,backtest,11.66,27.31
2025-10-09,SKU049,22.0,19.52,backtest,11.7,27.35
2025-10-10,SKU049,20.0,20.41,backtest,12.59,28.24
2025-10-11,SKU049,14.0,24.64,backtest,16.82,32.46
2025-10-12,SKU049,29.0,23.49,backtest,15.66,31.31
2025-10-13,SKU049,26.0,19.92,backtest,12.1,27.74
2025-10-14,SKU049,24.0,19.47,backtest,11.65,27.29
2025-10-15,SKU049,19.0,19.17,backtest,11.35,26.99
2025-10-16,SKU049,27.0,19.36,backtest,11.54,27.18
2025-10-17,SKU049,12.0,19.82,backtest,12.0,27.64
2025-10-18,SKU049,23.0,22.33,backtest,14.5,30.15
2025-10-19,SKU049,21.0,23.44,backtest,15.62,31.26
2025-10-20,SKU049,16.0,20.03,backtest,12.2,27.85
2025-10-21,SKU049,17.0,19.98,backtest,12.16,27.8
2025-10-22,SKU049,16.0,19.56,backtest,11.73,27.38
2025-10-23,SKU049,19.0,19.94,backtest,12.12,27.77
2025-10-24,SKU049,16.0,20.63,backtest,12.8,28.45
2025-10-25,SKU049,21.0,24.36,backtest,16.54,32.19
2025-10-26,SKU049,33.0,23.38,backtest,15.56,31.2
2025-10-27,SKU049,20.0,20.5,backtest,12.68,28.33
2025-10-28,SKU049,15.0,19.76,backtest,11.94,27.58
2025-10-29,SKU049,19.0,20.16,backtest,12.33,27.98
2025-10-30,SKU049,16.0,20.19,backtest,12.36,28.01
2025-10-31,SKU049,23.0,20.27,backtest,12.45,28.09
2025-11-01,SKU049,24.0,27.59,backtest,19.76,35.41
2025-11-02,SKU049,33.0,26.77,backtest,18.95,34.59
2025-11-03,SKU049,22.0,18.71,backtest,10.89,26.54
2025-11-04,SKU049,22.0,18.73,backtest,10.91,26.55
2025-11-05,SKU049,17.0,18.65,backtest,10.83,26.48
2025-11-06,SKU049,14.0,18.9,backtest,11.07,26.72
2025-11-07,SKU049,19.0,18.44,backtest,10.62,26.27
2025-11-08,SKU049,22.0,26.1,backtest,18.28,33.93
2025-11-09,SKU049,36.0,28.08,backtest,20.26,35.9
2025-11-10,SKU049,19.0,19.26,backtest,11.44,27.09
2025-11-11,SKU049,21.0,18.94,backtest,11.11,26.76
2025-11-12,SKU049,25.0,18.39,backtest,10.57,26.22
2025-11-13,SKU049,21.0,18.68,backtest,10.85,26.5
2025-11-14,SKU049,20.0,18.21,backtest,10.38,26.03
2025-11-15,SKU049,30.0,26.67,backtest,18.85,34.5
2025-11-16,SKU049,24.0,27.72,backtest,19.9,35.54
2025-11-17,SKU049,22.0,19.02,backtest,11.2,26.84
2025-11-18,SKU049,19.0,19.1,backtest,11.27,26.92
2025-11-19,SKU049,9.0,19.17,backtest,11.35,26.99
2025-11-20,SKU049,20.0,19.97,backtest,12.14,27.79
2025-11-21,SKU049,22.0,19.93,backtest,12.11,27.75
2025-11-22,SKU049,23.0,28.36,backtest,20.54,36.19
2025-11-23,SKU049,24.0,28.21,backtest,20.39,36.03
2025-11-24,SKU049,17.0,20.43,backtest,12.61,28.25
2025-11-25,SKU049,18.0,20.05,backtest,12.23,27.88
2025-11-26,SKU049,22.0,19.41,backtest,11.59,27.24
2025-11-27,SKU049,18.0,19.52,backtest,11.69,27.34
2025-11-28,SKU049,21.0,19.3,backtest,11.48,27.13
2025-11-29,SKU049,22.0,28.28,backtest,20.46,36.11
2025-11-30,SKU049,41.0,28.23,backtest,20.41,36.06
2025-12-01,SKU049,32.0,20.43,backtest,12.61,28.25
2025-12-02,SKU049,24.0,21.02,backtest,13.2,28.85
2025-12-03,SKU049,15.0,19.06,backtest,11.24,26.88
2025-12-04,SKU049,25.0,20.34,backtest,12.52,28.17
2025-12-05,SKU049,20.0,21.51,backtest,13.68,29.33
2025-12-06,SKU049,29.0,25.05,backtest,17.22,32.87
2025-12-07,SKU049,22.0,23.94,backtest,16.12,31.76
2025-12-08,SKU049,27.0,20.8,backtest,12.98,28.63
2025-12-09,SKU049,24.0,21.72,backtest,13.9,29.55
2025-12-10,SKU049,20.0,22.49,backtest,14.66,30.31
2025-12-11,SKU049,26.0,21.13,backtest,13.31,28.96
2025-12-12,SKU049,25.0,20.84,backtest,13.02,28.67
2025-12-13,SKU049,23.0,24.66,backtest,16.84,32.48
2025-12-14,SKU049,26.0,25.09,backtest,17.27,32.92
2025-12-15,SKU049,16.0,21.12,backtest,13.3,28.94
2025-12-16,SKU049,19.0,20.59,backtest,12.77,28.42
2025-12-17,SKU049,21.0,20.18,backtest,12.36,28.0
2025-12-18,SKU049,28.0,20.93,backtest,13.11,28.75
2025-12-19,SKU049,16.0,21.34,backtest,13.52,29.16
2025-12-20,SKU049,25.0,24.55,backtest,16.72,32.37
2025-12-21,SKU049,22.0,24.93,backtest,17.1,32.75
2025-12-22,SKU049,21.0,21.66,backtest,13.83,29.48
2025-12-23,SKU049,15.0,21.41,backtest,13.59,29.24
2025-12-24,SKU049,27.0,21.09,backtest,13.26,28.91
2025-12-25,SKU049,24.0,21.09,backtest,13.27,28.91
2025-12-26,SKU049,27.0,21.4,backtest,13.57,29.22
2025-12-27,SKU049,32.0,24.86,backtest,17.04,32.69
2025-12-28,SKU049,20.0,25.88,backtest,18.06,33.7
2025-12-29,SKU049,15.0,22.55,backtest,14.73,30.38
2025-12-30,SKU049,16.0,22.61,backtest,14.79,30.43
2025-12-31,SKU049,16.0,22.63,backtest,14.8,30.45
2026-01-01,SKU049,,24.4,future,16.58,32.22
2026-01-02,SKU049,,24.4,future,16.57,32.22
2026-01-03,SKU049,,28.61,future,20.79,36.43
2026-01-04,SKU049,,26.98,future,19.16,34.8
2026-01-05,SKU049,,23.92,future,16.09,31.74
2026-01-06,SKU049,,23.71,future,15.88,31.53
2026-01-07,SKU049,,24.24,future,16.42,32.07
2026-01-08,SKU049,,25.11,future,17.28,32.93
2026-01-09,SKU049,,25.06,future,17.24,32.89
2026-01-10,SKU049,,27.77,future,19.95,35.6
2026-01-11,SKU049,,28.09,future,20.26,35.91
2026-01-12,SKU049,,22.27,future,14.44,30.09
2026-01-13,SKU049,,22.9,future,15.08,30.73
2026-01-14,SKU049,,24.09,future,16.27,31.91
2026-01-15,SKU049,,25.05,future,17.22,32.87
2026-01-16,SKU049,,24.76,future,16.94,32.59
2026-01-17,SKU049,,29.11,future,21.29,36.94
2026-01-18,SKU049,,28.93,future,21.1,36.75
2026-01-19,SKU049,,23.49,future,15.67,31.32
2026-01-20,SKU049,,23.58,future,15.76,31.4
2026-01-21,SKU049,,23.26,future,15.44,31.09
2026-01-22,SKU049,,23.93,future,16.11,31.76
2026-01-23,SKU049,,23.87,future,16.05,31.69
2026-01-24,SKU049,,27.29,future,19.47,35.11
2026-01-25,SKU049,,28.18,future,20.36,36.0
2026-01-26,SKU049,,22.73,future,14.9,30.55
2026-01-27,SKU049,,23.01,future,15.18,30.83
2026-01-28,SKU049,,23.54,future,15.72,31.36
2026-01-29,SKU049,,24.58,future,16.75,32.4
2026-01-30,SKU049,,24.95,future,17.13,32.77
2025-09-03,SKU050,4.0,,history,,
2025-09-04,SKU050,2.0,,history,,
2025-09-05,SKU050,2.0,,history,,
2025-09-06,SKU050,9.0,,history,,
2025-09-07,SKU050,6.0,,history,,
2025-09-08,SKU050,3.0,,history,,
2025-09-09,SKU050,4.0,,history,,
2025-09-10,SKU050,5.0,,history,,
2025-09-11,SKU050,6.0,,history,,
2025-09-12,SKU050,4.0,,history,,
2025-09-13,SKU050,6.0,,history,,
2025-09-14,SKU050,5.0,,history,,
2025-09-15,SKU050,6.0,,history,,
2025-09-16,SKU050,4.0,,history,,
2025-09-17,SKU050,1.0,,history,,
2025-09-18,SKU050,4.0,,history,,
2025-09-19,SKU050,2.0,,history,,
2025-09-20,SKU050,2.0,,history,,
2025-09-21,SKU050,11.0,,history,,
2025-09-22,SKU050,3.0,,history,,
2025-09-23,SKU050,6.0,,history,,
2025-09-24,SKU050,3.0,,history,,
2025-09-25,SKU050,2.0,,history,,
2025-09-26,SKU050,5.0,,history,,
2025-09-27,SKU050,10.0,,history,,
2025-09-28,SKU050,9.0,,history,,
2025-09-29,SKU050,1.0,,history,,
2025-09-30,SKU050,5.0,,history,,
2025-10-01,SKU050,3.0,,history,,
2025-10-02,SKU050,6.0,,history,,
2025-10-03,SKU050,5.0,4.72,backtest,0.89,8.55
2025-10-04,SKU050,8.0,5.09,backtest,1.26,8.93
2025-10-05,SKU050,7.0,5.03,backtest,1.2,8.86
2025-10-06,SKU050,3.0,4.51,backtest,0.67,8.34
2025-10-07,SKU050,8.0,4.59,backtest,0.76,8.43
2025-10-08,SKU050,3.0,4.68,backtest,0.84,8.51
2025-10-09,SKU050,6.0,4.7,backtest,0.87,8.54
2025-10-10,SKU050,5.0,4.65,backtest,0.81,8.48
2025-10-11,SKU050,8.0,5.03,backtest,1.2,8.86
2025-10-12,SKU050,6.0,5.06,backtest,1.22,8.89
2025-10-13,SKU050,2.0,4.71,backtest,0.87,8.54
2025-10-14,SKU050,1.0,4.66,backtest,0.83,8.49
2025-10-15,SKU050,2.0,4.62,backtest,0.79,8.45
2025-10-16,SKU050,8.0,4.7,backtest,0.87,8.53
2025-10-17,SKU050,5.0,4.7,backtest,0.87,8.54
2025-10-18,SKU050,9.0,5.12,backtest,1.28,8.95
2025-10-19,SKU050,4.0,5.24,backtest,1.41,9.07
2025-10-20,SKU050,5.0,4.7,backtest,0.87,8.53
2025-10-21,SKU050,6.0,4.75,backtest,0.92,8.58
2025-10-22,SKU050,4.0,4.69,backtest,0.86,8.53
2025-10-23,SKU050,5.0,4.67,backtest,0.83,8.5
2025-10-24,SKU050,4.0,4.73,backtest,0.9,8.56
2025-10-25,SKU050,6.0,5.17,backtest,1.34,9.0
2025-10-26,SKU050,1.0,5.28,backtest,1.45,9.11
2025-10-27,SKU050,2.0,4.7,backtest,0.87,8.54
2025-10-28,SKU050,6.0,4.79,backtest,0.95,8.62
2025-10-29,SKU050,2.0,4.77,backtest,0.94,8.6
2025-10-30,SKU050,7.0,4.82,backtest,0.99,8.65
2025-10-31,SKU050,4.0,4.82,backtest,0.99,8.65
2025-11-01,SKU050,3.0,6.71,backtest,2.87,10.54
2025-11-02,SKU050,8.0,6.34,backtest,2.51,10.18
2025-11-03,SKU050,4.0,4.65,backtest,0.81,8.48
2025-11-04,SKU050,6.0,4.83,backtest,1.0,8.67
2025-11-05,SKU050,5.0,4.72,backtest,0.88,8.55
2025-11-06,SKU050,9.0,4.76,backtest,0.93,8.59
2025-11-07,SKU050,5.0,4.75,backtest,0.91,8.58
2025-11-08,SKU050,4.0,6.6,backtest,2.77,10.44
2025-11-09,SKU050,13.0,6.54,backtest,2.71,10.37
2025-11-10,SKU050,9.0,4.61,backtest,0.78,8.45
2025-11-11,SKU050,3.0,4.7,backtest,0.86,8.53
2025-11-12,SKU050,5.0,4.78,backtest,0.95,8.61
2025-11-13,SKU050,5.0,4.83,backtest,1.0,8.67
2025-11-14,SKU050,4.0,4.86,backtest,1.03,8.7
2025-11-15,SKU050,8.0,6.83,backtest,3.0,10.66
2025-11-16,SKU050,6.0,6.76,backtest,2.93,10.59
2025-11-17,SKU050,8.0,4.84,backtest,1.01,8.68
2025-11-18,SKU050,4.0,4.88,backtest,1.05,8.72
2025-11-19,SKU050,7.0,4.84,backtest,1.0,8.67
2025-11-20,SKU050,2.0,4.82,backtest,0.99,8.66
2025-11-21,SKU050,4.0,4.86,backtest,1.03,8.7
2025-11-22,SKU050,11.0,6.64,backtest,2.81,10.47
2025-11-23,SKU050,5.0,6.59,backtest,2.75,10.42
2025-11-24,SKU050,3.0,4.86,backtest,1.03,8.7
2025-11-25,SKU050,2.0,4.93,backtest,1.09,8.76
2025-11-26,SKU050,5.0,4.84,backtest,1.0,8.67
2025-11-27,SKU050,5.0,4.91,backtest,1.08,8.74
2025-11-28,SKU050,4.0,4.83,backtest,1.0,8.67
2025-11-29,SKU050,6.0,6.76,backtest,2.93,10.59
2025-11-30,SKU050,5.0,6.62,backtest,2.79,10.45
2025-12-01,SKU050,5.0,4.92,backtest,1.08,8.75
2025-12-02,SKU050,6.0,5.18,backtest,1.34,9.01
2025-12-03,SKU050,8.0,4.97,backtest,1.14,8.81
2025-12-04,SKU050,6.0,5.08,backtest,1.25,8.91
2025-12-05,SKU050,3.0,4.9,backtest,1.06,8.73
2025-12-06,SKU050,6.0,5.66,backtest,1.82,9.49
2025-12-07,SKU050,6.0,6.04,backtest,2.21,9.88
2025-12-08,SKU050,9.0,5.36,backtest,1.53,9.19
2025-12-09,SKU050,5.0,5.27,backtest,1.43,9.1
2025-12-10,SKU050,3.0,5.27,backtest,1.44,9.11
2025-12-11,SKU050,1.0,5.26,backtest,1.42,9.09
2025-12-12,SKU050,7.0,5.28,backtest,1.44,9.11
2025-12-13,SKU050,3.0,5.77,backtest,1.94,9.6
2025-12-14,SKU050,6.0,5.76,backtest,1.92,9.59
2025-12-15,SKU050,4.0,5.35,backtest,1.52,9.19
2025-12-16,SKU050,4.0,5.25,backtest,1.42,9.09
2025-12-17,SKU050,1.0,5.32,backtest,1.49,9.16
2025-12-18,SKU050,3.0,5.22,backtest,1.39,9.05
2025-12-19,SKU050,5.0,5.29,backtest,1.45,9.12
2025-12-20,SKU050,9.0,5.87,backtest,2.03,9.7
2025-12-21,SKU050,8.0,5.77,backtest,1.94,9.61
2025-12-22,SKU050,5.0,5.33,backtest,1.5,9.17
2025-12-23,SKU050,7.0,5.32,backtest,1.48,9.15
2025-12-24,SKU050,4.0,5.45,backtest,1.62,9.28
2025-12-25,SKU050,8.0,5.43,backtest,1.6,9.27
2025-12-26,SKU050,7.0,5.45,backtest,1.62,9.28
2025-12-27,SKU050,7.0,5.95,backtest,2.12,9.79
2025-12-28,SKU050,11.0,6.07,backtest,2.24,9.91
2025-12-29,SKU050,10.0,5.62,backtest,1.79,9.45
2025-12-30,SKU050,8.0,5.71,backtest,1.87,9.54
2025-12-31,SKU050,9.0,5.7,backtest,1.87,9.54
2026-01-01,SKU050,,6.04,future,2.21,9.88
2026-01-02,SKU050,,5.91,future,2.07,9.74
2026-01-03,SKU050,,6.63,future,2.8,10.46
2026-01-04,SKU050,,6.76,future,2.93,10.6
2026-01-05,SKU050,,5.97,future,2.14,9.8
2026-01-06,SKU050,,5.87,future,2.04,9.7
2026-01-07,SKU050,,5.91,future,2.08,9.75
2026-01-08,SKU050,,5.9,future,2.06,9.73
2026-01-09,SKU050,,6.23,future,2.4,10.07
2026-01-10,SKU050,,6.77,future,2.94,10.61
2026-01-11,SKU050,,6.88,future,3.05,10.72
2026-01-12,SKU050,,6.08,future,2.25,9.92
2026-01-13,SKU050,,6.09,future,2.26,9.92
2026-01-14,SKU050,,6.36,future,2.53,10.2
2026-01-15,SKU050,,6.42,future,2.58,10.25
2026-01-16,SKU050,,6.46,future,2.62,10.29
2026-01-17,SKU050,,7.18,future,3.35,11.02
2026-01-18,SKU050,,7.29,future,3.45,11.12
2026-01-19,SKU050,,6.45,future,2.62,10.28
2026-01-20,SKU050,,6.57,future,2.73,10.4
2026-01-21,SKU050,,6.55,future,2.71,10.38
2026-01-22,SKU050,,6.61,future,2.77,10.44
2026-01-23,SKU050,,6.61,future,2.78,10.44
2026-01-24,SKU050,,7.29,future,3.46,11.13
2026-01-25,SKU050,,7.27,future,3.44,11.1
2026-01-26,SKU050,,6.49,future,2.66,10.32
2026-01-27,SKU050,,6.59,future,2.76,10.42
2026-01-28,SKU050,,6.59,future,2.75,10.42
2026-01-29,SKU050,,6.34,future,2.51,10.17
2026-01-30,SKU050,,6.36,future,2.52,10.19
