date,sku,origin,forecast,baseline,moving_average,low_confidence,method
2025-12-01,SKU001,2025-12-01,10.982883206872609,14.0,12.392857142857142,False,LightGBM
2025-12-01,SKU002,2025-12-01,8.45971226320777,10.0,9.357142857142858,False,LightGBM
2025-12-01,SKU003,2025-12-01,4.534337246400893,6.0,5.214285714285714,False,LightGBM
2025-12-01,SKU004,2025-12-01,3.627153535063238,2.0,3.857142857142857,False,LightGBM
2025-12-01,SKU005,2025-12-01,14.048130392075738,8.0,15.392857142857142,False,LightGBM
2025-12-01,SKU006,2025-12-01,5.225277987281703,3.0,5.535714285714286,False,LightGBM
2025-12-01,SKU007,2025-12-01,20.504421951848258,28.0,21.821428571428573,False,LightGBM
2025-12-01,SKU008,2025-12-01,13.009281184649643,19.0,14.785714285714286,False,LightGBM
2025-12-01,SKU009,2025-12-01,8.386332933942732,5.0,8.785714285714286,False,LightGBM
2025-12-01,SKU010,2025-12-01,13.612776561419677,8.0,14.357142857142858,False,LightGBM
2025-12-01,SKU011,2025-12-01,2.216288272347021,1.0,2.4285714285714284,False,LightGBM
2025-12-01,SKU012,2025-12-01,21.134670330414433,18.0,22.642857142857142,False,LightGBM
2025-12-01,SKU013,2025-12-01,11.371703003414185,16.0,12.428571428571429,False,LightGBM
2025-12-01,SKU014,2025-12-01,17.932838788438783,14.0,18.857142857142858,False,LightGBM
2025-12-01,SKU015,2025-12-01,3.2470932806903985,1.0,3.2857142857142856,False,LightGBM
2025-12-01,SKU016,2025-12-01,11.329609174198168,10.0,11.892857142857142,False,LightGBM
2025-12-01,SKU017,2025-12-01,11.60504715166286,11.0,13.142857142857142,False,LightGBM
2025-12-01,SKU018,2025-12-01,21.303675601643462,18.0,21.464285714285715,False,LightGBM
2025-12-01,SKU019,2025-12-01,13.149433866517475,17.0,14.75,False,LightGBM
2025-12-01,SKU020,2025-12-01,11.351636173904199,12.0,12.428571428571429,False,LightGBM
2025-12-01,SKU021,2025-12-01,6.390738849958179,8.0,6.464285714285714,False,LightGBM
2025-12-01,SKU022,2025-12-01,7.924992205522668,10.0,8.714285714285714,False,LightGBM
2025-12-01,SKU023,2025-12-01,11.612352423379294,7.0,12.75,False,LightGBM
2025-12-01,SKU024,2025-12-01,10.251784530086626,5.0,11.428571428571429,False,LightGBM
2025-12-01,SKU025,2025-12-01,2.2247036049909705,0.0,2.0357142857142856,False,LightGBM
2025-12-01,SKU026,2025-12-01,17.55473193303566,16.0,18.25,False,LightGBM
2025-12-01,SKU027,2025-12-01,20.78728055704864,20.0,22.178571428571427,False,LightGBM
2025-12-01,SKU028,2025-12-01,4.657381191099729,5.0,5.107142857142857,False,LightGBM
2025-12-01,SKU029,2025-12-01,13.022532454213978,16.0,13.535714285714286,False,LightGBM
2025-12-01,SKU030,2025-12-01,3.8893743161569425,3.0,4.214285714285714,False,LightGBM
2025-12-01,SKU031,2025-12-01,14.836389772454849,14.0,16.321428571428573,False,LightGBM
2025-12-01,SKU032,2025-12-01,7.621062768782133,5.0,8.392857142857142,False,LightGBM
2025-12-01,SKU033,2025-12-01,15.357309987506728,12.0,17.0,False,LightGBM
2025-12-01,SKU034,2025-12-01,16.321085680620072,18.0,18.214285714285715,False,LightGBM
2025-12-01,SKU035,2025-12-01,17.571326843192566,9.0,17.892857142857142,False,LightGBM
2025-12-01,SKU036,2025-12-01,4.0073369680721935,5.0,4.392857142857143,False,LightGBM
2025-12-01,SKU037,2025-12-01,21.057464286402674,19.0,22.535714285714285,False,LightGBM
2025-12-01,SKU038,2025-12-01,6.8493257734220485,6.0,7.857142857142857,False,LightGBM
2025-12-01,SKU039,2025-12-01,2.373141624044698,0.0,2.607142857142857,False,LightGBM
2025-12-01,SKU040,2025-12-01,12.032625054557911,8.0,12.464285714285714,False,LightGBM
2025-12-01,SKU041,2025-12-01,9.047384859794095,8.0,9.964285714285714,False,LightGBM
2025-12-01,SKU042,2025-12-01,17.790162918820325,14.0,19.25,False,LightGBM
2025-12-01,SKU043,2025-12-01,18.64303595942973,11.0,19.642857142857142,False,LightGBM
2025-12-01,SKU044,2025-12-01,7.274957605090583,7.0,7.642857142857143,False,LightGBM
2025-12-01,SKU045,2025-12-01,20.20678976878089,18.0,22.25,False,LightGBM
2025-12-01,SKU046,2025-12-01,7.187973724502096,6.0,7.5,False,LightGBM
2025-12-01,SKU047,2025-12-01,11.88406821520373,14.0,13.357142857142858,False,LightGBM
2025-12-01,SKU048,2025-12-01,6.597721003934728,6.0,7.464285714285714,False,LightGBM
2025-12-01,SKU049,2025-12-01,20.975384262968966,17.0,21.785714285714285,False,LightGBM
2025-12-01,SKU050,2025-12-01,4.836133632349618,3.0,5.607142857142857,False,LightGBM
2025-12-02,SKU001,2025-12-01,11.15248349933231,12.0,12.392857142857142,False,LightGBM
2025-12-02,SKU002,2025-12-01,8.519173886301134,12.0,9.357142857142858,False,LightGBM
2025-12-02,SKU003,2025-12-01,4.617882701964604,4.0,5.214285714285714,False,LightGBM
2025-12-02,SKU004,2025-12-01,3.5114525337961204,0.0,3.857142857142857,False,LightGBM
2025-12-02,SKU005,2025-12-01,13.787554093332211,18.0,15.392857142857142,False,LightGBM
2025-12-02,SKU006,2025-12-01,5.068964051147434,3.0,5.535714285714286,False,LightGBM
2025-12-02,SKU007,2025-12-01,20.62718534327504,24.0,21.821428571428573,False,LightGBM
2025-12-02,SKU008,2025-12-01,13.312401177403444,15.0,14.785714285714286,False,LightGBM
2025-12-02,SKU009,2025-12-01,8.403819054342852,11.0,8.785714285714286,False,LightGBM
2025-12-02,SKU010,2025-12-01,13.70541052355011,18.0,14.357142857142858,False,LightGBM
2025-12-02,SKU011,2025-12-01,2.2270373658093034,1.0,2.4285714285714284,False,LightGBM
2025-12-02,SKU012,2025-12-01,21.364477899606026,20.0,22.642857142857142,False,LightGBM
2025-12-02,SKU013,2025-12-01,11.473789479211447,15.0,12.428571428571429,False,LightGBM
2025-12-02,SKU014,2025-12-01,19.093642171586435,17.0,18.857142857142858,False,LightGBM
2025-12-02,SKU015,2025-12-01,3.2594603931465342,2.0,3.2857142857142856,False,LightGBM
2025-12-02,SKU016,2025-12-01,11.17093673637375,9.0,11.892857142857142,False,LightGBM
2025-12-02,SKU017,2025-12-01,11.514247366462117,7.0,13.142857142857142,False,LightGBM
2025-12-02,SKU018,2025-12-01,20.84163715751851,18.0,21.464285714285715,False,LightGBM
2025-12-02,SKU019,2025-12-01,13.222182708329509,9.0,14.75,False,LightGBM
2025-12-02,SKU020,2025-12-01,11.405633993865536,15.0,12.428571428571429,False,LightGBM
2025-12-02,SKU021,2025-12-01,6.768380593842718,9.0,6.464285714285714,False,LightGBM
2025-12-02,SKU022,2025-12-01,7.9554797296565125,7.0,8.714285714285714,False,LightGBM
2025-12-02,SKU023,2025-12-01,11.749026967801274,22.0,12.75,False,LightGBM
2025-12-02,SKU024,2025-12-01,10.183295896829797,7.0,11.428571428571429,False,LightGBM
2025-12-02,SKU025,2025-12-01,2.2173938895460563,2.0,2.0357142857142856,False,LightGBM
2025-12-02,SKU026,2025-12-01,18.466376824610133,8.0,18.25,False,LightGBM
2025-12-02,SKU027,2025-12-01,19.34653824042221,23.0,22.178571428571427,False,LightGBM
2025-12-02,SKU028,2025-12-01,4.708633058464608,6.0,5.107142857142857,False,LightGBM
2025-12-02,SKU029,2025-12-01,12.735755230322326,10.0,13.535714285714286,False,LightGBM
2025-12-02,SKU030,2025-12-01,4.090896110546429,0.0,4.214285714285714,False,LightGBM
2025-12-02,SKU031,2025-12-01,14.819020565234162,11.0,16.321428571428573,False,LightGBM
2025-12-02,SKU032,2025-12-01,7.551158132698514,2.0,8.392857142857142,False,LightGBM
2025-12-02,SKU033,2025-12-01,14.715718440166793,11.0,17.0,False,LightGBM
2025-12-02,SKU034,2025-12-01,16.725182108660196,18.0,18.214285714285715,False,LightGBM
2025-12-02,SKU035,2025-12-01,17.059682649670023,18.0,17.892857142857142,False,LightGBM
2025-12-02,SKU036,2025-12-01,3.9731031140280186,2.0,4.392857142857143,False,LightGBM
2025-12-02,SKU037,2025-12-01,19.97156207567333,16.0,22.535714285714285,False,LightGBM
2025-12-02,SKU038,2025-12-01,6.752198880005641,8.0,7.857142857142857,False,LightGBM
2025-12-02,SKU039,2025-12-01,2.3480748986266673,0.0,2.607142857142857,False,LightGBM
2025-12-02,SKU040,2025-12-01,12.073653027230343,11.0,12.464285714285714,False,LightGBM
2025-12-02,SKU041,2025-12-01,9.361634304652203,17.0,9.964285714285714,False,LightGBM
2025-12-02,SKU042,2025-12-01,17.44804037322909,22.0,19.25,False,LightGBM
2025-12-02,SKU043,2025-12-01,18.6524611156297,15.0,19.642857142857142,False,LightGBM
2025-12-02,SKU044,2025-12-01,7.238480630913403,11.0,7.642857142857143,False,LightGBM
2025-12-02,SKU045,2025-12-01,21.186777972145478,26.0,22.25,False,LightGBM
2025-12-02,SKU046,2025-12-01,7.260138641580078,8.0,7.5,False,LightGBM
2025-12-02,SKU047,2025-12-01,11.640044165326847,10.0,13.357142857142858,False,LightGBM
2025-12-02,SKU048,2025-12-01,6.512415257932859,2.0,7.464285714285714,False,LightGBM
2025-12-02,SKU049,2025-12-01,20.878421962504046,18.0,21.785714285714285,False,LightGBM
2025-12-02,SKU050,2025-12-01,5.051884174044135,2.0,5.607142857142857,False,LightGBM
2025-12-03,SKU001,2025-12-01,11.407857027508816,6.0,12.392857142857142,False,LightGBM
2025-12-03,SKU002,2025-12-01,8.623227609651735,5.0,9.357142857142858,False,LightGBM
2025-12-03,SKU003,2025-12-01,4.596201953989394,4.0,5.214285714285714,False,LightGBM
2025-12-03,SKU004,2025-12-01,3.6064142515667834,4.0,3.857142857142857,False,LightGBM
2025-12-03,SKU005,2025-12-01,14.293804597614313,15.0,15.392857142857142,False,LightGBM
2025-12-03,SKU006,2025-12-01,5.101428965142875,7.0,5.535714285714286,False,LightGBM
2025-12-03,SKU007,2025-12-01,21.206208100051217,20.0,21.821428571428573,False,LightGBM
2025-12-03,SKU008,2025-12-01,13.351548729886263,15.0,14.785714285714286,False,LightGBM
2025-12-03,SKU009,2025-12-01,8.431233095640433,10.0,8.785714285714286,False,LightGBM
2025-12-03,SKU010,2025-12-01,13.927547832445761,11.0,14.357142857142858,False,LightGBM
2025-12-03,SKU011,2025-12-01,2.25314423096945,2.0,2.4285714285714284,False,LightGBM
2025-12-03,SKU012,2025-12-01,21.476483143021483,23.0,22.642857142857142,False,LightGBM
2025-12-03,SKU013,2025-12-01,11.324173676418772,15.0,12.428571428571429,False,LightGBM
2025-12-03,SKU014,2025-12-01,17.73087411159987,23.0,18.857142857142858,False,LightGBM
2025-12-03,SKU015,2025-12-01,3.4643777378564837,4.0,3.2857142857142856,False,LightGBM
2025-12-03,SKU016,2025-12-01,11.429199287960618,10.0,11.892857142857142,False,LightGBM
2025-12-03,SKU017,2025-12-01,11.886081434366432,9.0,13.142857142857142,False,LightGBM
2025-12-03,SKU018,2025-12-01,21.049983972234937,26.0,21.464285714285715,False,LightGBM
2025-12-03,SKU019,2025-12-01,13.04743735683768,9.0,14.75,False,LightGBM
2025-12-03,SKU020,2025-12-01,11.385356008927753,15.0,12.428571428571429,False,LightGBM
2025-12-03,SKU021,2025-12-01,6.753767065859744,9.0,6.464285714285714,False,LightGBM
2025-12-03,SKU022,2025-12-01,8.007377388799037,7.0,8.714285714285714,False,LightGBM
2025-12-03,SKU023,2025-12-01,11.888143914267665,6.0,12.75,False,LightGBM
2025-12-03,SKU024,2025-12-01,10.392199168551707,12.0,11.428571428571429,False,LightGBM
2025-12-03,SKU025,2025-12-01,2.256834625857616,1.0,2.0357142857142856,False,LightGBM
2025-12-03,SKU026,2025-12-01,17.541338644966892,11.0,18.25,False,LightGBM
2025-12-03,SKU027,2025-12-01,20.666509542572143,17.0,22.178571428571427,False,LightGBM
2025-12-03,SKU028,2025-12-01,4.689162195372505,4.0,5.107142857142857,False,LightGBM
2025-12-03,SKU029,2025-12-01,12.93541883860149,15.0,13.535714285714286,False,LightGBM
2025-12-03,SKU030,2025-12-01,3.9579030214572812,2.0,4.214285714285714,False,LightGBM
2025-12-03,SKU031,2025-12-01,15.635868112427119,14.0,16.321428571428573,False,LightGBM
2025-12-03,SKU032,2025-12-01,7.6475618025663605,4.0,8.392857142857142,False,LightGBM
2025-12-03,SKU033,2025-12-01,14.40971128993184,19.0,17.0,False,LightGBM
2025-12-03,SKU034,2025-12-01,16.938691133394354,14.0,18.214285714285715,False,LightGBM
2025-12-03,SKU035,2025-12-01,16.364831269742844,22.0,17.892857142857142,False,LightGBM
2025-12-03,SKU036,2025-12-01,4.045129766490573,7.0,4.392857142857143,False,LightGBM
2025-12-03,SKU037,2025-12-01,21.548198322436356,20.0,22.535714285714285,False,LightGBM
2025-12-03,SKU038,2025-12-01,6.845771742459111,8.0,7.857142857142857,False,LightGBM
2025-12-03,SKU039,2025-12-01,2.374181763786814,2.0,2.607142857142857,False,LightGBM
2025-12-03,SKU040,2025-12-01,11.837128538109608,5.0,12.464285714285714,False,LightGBM
2025-12-03,SKU041,2025-12-01,8.96725077437325,9.0,9.964285714285714,False,LightGBM
2025-12-03,SKU042,2025-12-01,18.00046303380162,19.0,19.25,False,LightGBM
2025-12-03,SKU043,2025-12-01,18.427368884218957,12.0,19.642857142857142,False,LightGBM
2025-12-03,SKU044,2025-12-01,7.382898229747411,4.0,7.642857142857143,False,LightGBM
2025-12-03,SKU045,2025-12-01,21.657036015710766,15.0,22.25,False,LightGBM
2025-12-03,SKU046,2025-12-01,7.343512144584436,6.0,7.5,False,LightGBM
2025-12-03,SKU047,2025-12-01,11.969855837196437,8.0,13.357142857142858,False,LightGBM
2025-12-03,SKU048,2025-12-01,6.812803319193197,2.0,7.464285714285714,False,LightGBM
2025-12-03,SKU049,2025-12-01,20.95310103112705,22.0,21.785714285714285,False,LightGBM
2025-12-03,SKU050,2025-12-01,4.939083096896006,5.0,5.607142857142857,False,LightGBM
2025-12-04,SKU001,2025-12-01,11.138529082356726,10.0,12.392857142857142,False,LightGBM
2025-12-04,SKU002,2025-12-01,8.536105036614078,11.0,9.357142857142858,False,LightGBM
2025-12-04,SKU003,2025-12-01,4.667269867464293,1.0,5.214285714285714,False,LightGBM
2025-12-04,SKU004,2025-12-01,3.6266377478030187,3.0,3.857142857142857,False,LightGBM
2025-12-04,SKU005,2025-12-01,13.51424411773187,10.0,15.392857142857142,False,LightGBM
2025-12-04,SKU006,2025-12-01,5.085189373449977,9.0,5.535714285714286,False,LightGBM
2025-12-04,SKU007,2025-12-01,20.564045519975636,20.0,21.821428571428573,False,LightGBM
2025-12-04,SKU008,2025-12-01,13.58130769727694,9.0,14.785714285714286,False,LightGBM
2025-12-04,SKU009,2025-12-01,8.360029944477025,10.0,8.785714285714286,False,LightGBM
2025-12-04,SKU010,2025-12-01,13.696772957772334,12.0,14.357142857142858,False,LightGBM
2025-12-04,SKU011,2025-12-01,2.284485819769798,1.0,2.4285714285714284,False,LightGBM
2025-12-04,SKU012,2025-12-01,20.908741876524907,19.0,22.642857142857142,False,LightGBM
2025-12-04,SKU013,2025-12-01,11.269597758084933,7.0,12.428571428571429,False,LightGBM
2025-12-04,SKU014,2025-12-01,17.99276508169585,18.0,18.857142857142858,False,LightGBM
2025-12-04,SKU015,2025-12-01,3.5139533437760426,8.0,3.2857142857142856,False,LightGBM
2025-12-04,SKU016,2025-12-01,11.166415740220799,8.0,11.892857142857142,False,LightGBM
2025-12-04,SKU017,2025-12-01,11.875567115198628,17.0,13.142857142857142,False,LightGBM
2025-12-04,SKU018,2025-12-01,21.30230888013644,19.0,21.464285714285715,False,LightGBM
2025-12-04,SKU019,2025-12-01,13.136246698057818,12.0,14.75,False,LightGBM
2025-12-04,SKU020,2025-12-01,11.672620817292964,14.0,12.428571428571429,False,LightGBM
2025-12-04,SKU021,2025-12-01,6.780119508079299,2.0,6.464285714285714,False,LightGBM
2025-12-04,SKU022,2025-12-01,8.007750932673565,7.0,8.714285714285714,False,LightGBM
2025-12-04,SKU023,2025-12-01,11.769090376808554,10.0,12.75,False,LightGBM
2025-12-04,SKU024,2025-12-01,10.403715567038764,8.0,11.428571428571429,False,LightGBM
2025-12-04,SKU025,2025-12-01,2.288176214657964,1.0,2.0357142857142856,False,LightGBM
2025-12-04,SKU026,2025-12-01,18.66594849020403,19.0,18.25,False,LightGBM
2025-12-04,SKU027,2025-12-01,20.41812823268581,21.0,22.178571428571427,False,LightGBM
2025-12-04,SKU028,2025-12-01,4.730985367729875,5.0,5.107142857142857,False,LightGBM
2025-12-04,SKU029,2025-12-01,12.959903104341752,14.0,13.535714285714286,False,LightGBM
2025-12-04,SKU030,2025-12-01,4.058735477889231,3.0,4.214285714285714,False,LightGBM
2025-12-04,SKU031,2025-12-01,15.438327648604139,8.0,16.321428571428573,False,LightGBM
2025-12-04,SKU032,2025-12-01,7.622496007222682,10.0,8.392857142857142,False,LightGBM
2025-12-04,SKU033,2025-12-01,14.342137712893981,13.0,17.0,False,LightGBM
2025-12-04,SKU034,2025-12-01,16.867098299867568,15.0,18.214285714285715,False,LightGBM
2025-12-04,SKU035,2025-12-01,17.405767965607662,14.0,17.892857142857142,False,LightGBM
2025-12-04,SKU036,2025-12-01,4.0129188404161376,3.0,4.392857142857143,False,LightGBM
2025-12-04,SKU037,2025-12-01,20.111542811230443,15.0,22.535714285714285,False,LightGBM
2025-12-04,SKU038,2025-12-01,6.9349062461792075,8.0,7.857142857142857,False,LightGBM
2025-12-04,SKU039,2025-12-01,2.4103477154872945,3.0,2.607142857142857,False,LightGBM
2025-12-04,SKU040,2025-12-01,11.928387271080284,12.0,12.464285714285714,False,LightGBM
2025-12-04,SKU041,2025-12-01,9.238414998694491,7.0,9.964285714285714,False,LightGBM
2025-12-04,SKU042,2025-12-01,18.12327754832038,18.0,19.25,False,LightGBM
2025-12-04,SKU043,2025-12-01,18.6375667888806,12.0,19.642857142857142,False,LightGBM
2025-12-04,SKU044,2025-12-01,7.418580610120549,7.0,7.642857142857143,False,LightGBM
2025-12-04,SKU045,2025-12-01,21.074944115577303,17.0,22.25,False,LightGBM
2025-12-04,SKU046,2025-12-01,7.293856823367013,5.0,7.5,False,LightGBM
2025-12-04,SKU047,2025-12-01,11.472327659203817,12.0,13.357142857142858,False,LightGBM
2025-12-04,SKU048,2025-12-01,6.829510686387937,2.0,7.464285714285714,False,LightGBM
2025-12-04,SKU049,2025-12-01,19.474134451925956,18.0,21.785714285714285,False,LightGBM
2025-12-04,SKU050,2025-12-01,5.014145821735261,5.0,5.607142857142857,False,LightGBM
2025-12-05,SKU001,2025-12-01,12.135565088326375,10.0,12.392857142857142,False,LightGBM
2025-12-05,SKU002,2025-12-01,8.897979999630321,7.0,9.357142857142858,False,LightGBM
2025-12-05,SKU003,2025-12-01,4.959587992235691,1.0,5.214285714285714,False,LightGBM
2025-12-05,SKU004,2025-12-01,3.861433168324621,3.0,3.857142857142857,False,LightGBM
2025-12-05,SKU005,2025-12-01,14.74144868642102,9.0,15.392857142857142,False,LightGBM
2025-12-05,SKU006,2025-12-01,5.473455760895814,8.0,5.535714285714286,False,LightGBM
2025-12-05,SKU007,2025-12-01,20.0009504677643,27.0,21.821428571428573,False,LightGBM
2025-12-05,SKU008,2025-12-01,14.007567124388597,19.0,14.785714285714286,False,LightGBM
2025-12-05,SKU009,2025-12-01,8.574168256661153,7.0,8.785714285714286,False,LightGBM
2025-12-05,SKU010,2025-12-01,14.495290229828809,14.0,14.357142857142858,False,LightGBM
2025-12-05,SKU011,2025-12-01,2.5889665114689677,2.0,2.4285714285714284,False,LightGBM
2025-12-05,SKU012,2025-12-01,21.623214134369608,25.0,22.642857142857142,False,LightGBM
2025-12-05,SKU013,2025-12-01,11.69135508915532,6.0,12.428571428571429,False,LightGBM
2025-12-05,SKU014,2025-12-01,20.065799229322156,21.0,18.857142857142858,False,LightGBM
2025-12-05,SKU015,2025-12-01,3.663287679830451,2.0,3.2857142857142856,False,LightGBM
2025-12-05,SKU016,2025-12-01,11.407622071992677,11.0,11.892857142857142,False,LightGBM
2025-12-05,SKU017,2025-12-01,12.001567552044628,11.0,13.142857142857142,False,LightGBM
2025-12-05,SKU018,2025-12-01,21.487170392336402,26.0,21.464285714285715,False,LightGBM
2025-12-05,SKU019,2025-12-01,13.979920909078722,9.0,14.75,False,LightGBM
2025-12-05,SKU020,2025-12-01,11.433770138259577,5.0,12.428571428571429,False,LightGBM
2025-12-05,SKU021,2025-12-01,7.072488873011505,4.0,6.464285714285714,False,LightGBM
2025-12-05,SKU022,2025-12-01,8.270655519089818,7.0,8.714285714285714,False,LightGBM
2025-12-05,SKU023,2025-12-01,12.202552023157748,18.0,12.75,False,LightGBM
2025-12-05,SKU024,2025-12-01,10.639550687693886,10.0,11.428571428571429,False,LightGBM
2025-12-05,SKU025,2025-12-01,2.590303334197771,1.0,2.0357142857142856,False,LightGBM
2025-12-05,SKU026,2025-12-01,18.833704014103887,23.0,18.25,False,LightGBM
2025-12-05,SKU027,2025-12-01,22.285404007873566,22.0,22.178571428571427,False,LightGBM
2025-12-05,SKU028,2025-12-01,5.034715518716104,4.0,5.107142857142857,False,LightGBM
2025-12-05,SKU029,2025-12-01,13.45230781038393,10.0,13.535714285714286,False,LightGBM
2025-12-05,SKU030,2025-12-01,4.274890554156054,5.0,4.214285714285714,False,LightGBM
2025-12-05,SKU031,2025-12-01,16.045486438104714,16.0,16.321428571428573,False,LightGBM
2025-12-05,SKU032,2025-12-01,7.831760709823938,8.0,8.392857142857142,False,LightGBM
2025-12-05,SKU033,2025-12-01,15.48841798680303,10.0,17.0,False,LightGBM
2025-12-05,SKU034,2025-12-01,18.559114501543405,12.0,18.214285714285715,False,LightGBM
2025-12-05,SKU035,2025-12-01,17.838100325858665,22.0,17.892857142857142,False,LightGBM
2025-12-05,SKU036,2025-12-01,4.230058206976844,3.0,4.392857142857143,False,LightGBM
2025-12-05,SKU037,2025-12-01,22.206603640199155,19.0,22.535714285714285,False,LightGBM
2025-12-05,SKU038,2025-12-01,7.05844610470146,6.0,7.857142857142857,False,LightGBM
2025-12-05,SKU039,2025-12-01,2.644706286165861,2.0,2.607142857142857,False,LightGBM
2025-12-05,SKU040,2025-12-01,12.940636005341005,11.0,12.464285714285714,False,LightGBM
2025-12-05,SKU041,2025-12-01,9.533790819277133,13.0,9.964285714285714,False,LightGBM
2025-12-05,SKU042,2025-12-01,17.800864728138855,22.0,19.25,False,LightGBM
2025-12-05,SKU043,2025-12-01,19.37376204249774,20.0,19.642857142857142,False,LightGBM
2025-12-05,SKU044,2025-12-01,7.476479022873705,7.0,7.642857142857143,False,LightGBM
2025-12-05,SKU045,2025-12-01,22.2460304811087,24.0,22.25,False,LightGBM
2025-12-05,SKU046,2025-12-01,7.434279860680892,6.0,7.5,False,LightGBM
2025-12-05,SKU047,2025-12-01,11.861650990682636,13.0,13.357142857142858,False,LightGBM
2025-12-05,SKU048,2025-12-01,7.0420188703730195,5.0,7.464285714285714,False,LightGBM
2025-12-05,SKU049,2025-12-01,21.877428705712674,21.0,21.785714285714285,False,LightGBM
2025-12-05,SKU050,2025-12-01,5.0059397760879305,4.0,5.607142857142857,False,LightGBM
2025-12-06,SKU001,2025-12-01,14.273248275861253,16.0,12.392857142857142,False,LightGBM
2025-12-06,SKU002,2025-12-01,10.420711354163759,14.0,9.357142857142858,False,LightGBM
2025-12-06,SKU003,2025-12-01,5.362300374560936,6.0,5.214285714285714,False,LightGBM
2025-12-06,SKU004,2025-12-01,4.139474195842804,5.0,3.857142857142857,False,LightGBM
2025-12-06,SKU005,2025-12-01,16.164714065223098,14.0,15.392857142857142,False,LightGBM
2025-12-06,SKU006,2025-12-01,5.591482558734706,4.0,5.535714285714286,False,LightGBM
2025-12-06,SKU007,2025-12-01,24.718492734994197,29.0,21.821428571428573,False,LightGBM
2025-12-06,SKU008,2025-12-01,16.544257537048455,13.0,14.785714285714286,False,LightGBM
2025-12-06,SKU009,2025-12-01,10.021008004351994,12.0,8.785714285714286,False,LightGBM
2025-12-06,SKU010,2025-12-01,16.244947285765594,17.0,14.357142857142858,False,LightGBM
2025-12-06,SKU011,2025-12-01,2.7124758046595585,6.0,2.4285714285714284,False,LightGBM
2025-12-06,SKU012,2025-12-01,25.64353272365015,31.0,22.642857142857142,False,LightGBM
2025-12-06,SKU013,2025-12-01,14.288627549707245,14.0,12.428571428571429,False,LightGBM
2025-12-06,SKU014,2025-12-01,21.848115643420936,22.0,18.857142857142858,False,LightGBM
2025-12-06,SKU015,2025-12-01,3.9562528341192995,9.0,3.2857142857142856,False,LightGBM
2025-12-06,SKU016,2025-12-01,13.464429393988736,9.0,11.892857142857142,False,LightGBM
2025-12-06,SKU017,2025-12-01,14.295976763598103,19.0,13.142857142857142,False,LightGBM
2025-12-06,SKU018,2025-12-01,25.363613069232333,19.0,21.464285714285715,False,LightGBM
2025-12-06,SKU019,2025-12-01,16.288822631218885,16.0,14.75,False,LightGBM
2025-12-06,SKU020,2025-12-01,14.160174363228947,19.0,12.428571428571429,False,LightGBM
2025-12-06,SKU021,2025-12-01,7.8584454469993545,10.0,6.464285714285714,False,LightGBM
2025-12-06,SKU022,2025-12-01,9.631454893276123,11.0,8.714285714285714,False,LightGBM
2025-12-06,SKU023,2025-12-01,14.134521602808368,15.0,12.75,False,LightGBM
2025-12-06,SKU024,2025-12-01,12.108748344097153,20.0,11.428571428571429,False,LightGBM
2025-12-06,SKU025,2025-12-01,2.8471430743299573,0.0,2.0357142857142856,False,LightGBM
2025-12-06,SKU026,2025-12-01,21.713066097467483,25.0,18.25,False,LightGBM
2025-12-06,SKU027,2025-12-01,24.442941828347877,38.0,22.178571428571427,False,LightGBM
2025-12-06,SKU028,2025-12-01,5.486829751026732,6.0,5.107142857142857,False,LightGBM
2025-12-06,SKU029,2025-12-01,15.795957723239242,13.0,13.535714285714286,False,LightGBM
2025-12-06,SKU030,2025-12-01,4.727222961746354,8.0,4.214285714285714,False,LightGBM
2025-12-06,SKU031,2025-12-01,17.673942351086215,19.0,16.321428571428573,False,LightGBM
2025-12-06,SKU032,2025-12-01,9.03467537940057,12.0,8.392857142857142,False,LightGBM
2025-12-06,SKU033,2025-12-01,18.98591916705038,29.0,17.0,False,LightGBM
2025-12-06,SKU034,2025-12-01,21.45263150416548,26.0,18.214285714285715,False,LightGBM
2025-12-06,SKU035,2025-12-01,21.0104942016376,25.0,17.892857142857142,False,LightGBM
2025-12-06,SKU036,2025-12-01,4.659216022888967,6.0,4.392857142857143,False,LightGBM
2025-12-06,SKU037,2025-12-01,25.492471621982443,23.0,22.535714285714285,False,LightGBM
2025-12-06,SKU038,2025-12-01,7.8857945222734465,9.0,7.857142857142857,False,LightGBM
2025-12-06,SKU039,2025-12-01,2.9052786451452444,3.0,2.607142857142857,False,LightGBM
2025-12-06,SKU040,2025-12-01,14.583541959843703,14.0,12.464285714285714,False,LightGBM
2025-12-06,SKU041,2025-12-01,11.364096576543963,13.0,9.964285714285714,False,LightGBM
2025-12-06,SKU042,2025-12-01,23.619448557526,28.0,19.25,False,LightGBM
2025-12-06,SKU043,2025-12-01,21.70695204270539,23.0,19.642857142857142,False,LightGBM
2025-12-06,SKU044,2025-12-01,8.411755351600787,14.0,7.642857142857143,False,LightGBM
2025-12-06,SKU045,2025-12-01,24.473633525319446,30.0,22.25,False,LightGBM
2025-12-06,SKU046,2025-12-01,8.479389407055683,12.0,7.5,False,LightGBM
2025-12-06,SKU047,2025-12-01,14.29444783844659,10.0,13.357142857142858,False,LightGBM
2025-12-06,SKU048,2025-12-01,7.75231682134732,9.0,7.464285714285714,False,LightGBM
2025-12-06,SKU049,2025-12-01,25.499997669359878,22.0,21.785714285714285,False,LightGBM
2025-12-06,SKU050,2025-12-01,5.477141604280591,6.0,5.607142857142857,False,LightGBM
2025-12-07,SKU001,2025-12-01,14.545771952504392,16.0,12.392857142857142,False,LightGBM
2025-12-07,SKU002,2025-12-01,10.288618308210825,7.0,9.357142857142858,False,LightGBM
2025-12-07,SKU003,2025-12-01,5.3725512559866235,7.0,5.214285714285714,False,LightGBM
2025-12-07,SKU004,2025-12-01,4.4212647435413865,5.0,3.857142857142857,False,LightGBM
2025-12-07,SKU005,2025-12-01,16.794089249309877,26.0,15.392857142857142,False,LightGBM
2025-12-07,SKU006,2025-12-01,6.110940756082766,6.0,5.535714285714286,False,LightGBM
2025-12-07,SKU007,2025-12-01,24.852920745440688,33.0,21.821428571428573,False,LightGBM
2025-12-07,SKU008,2025-12-01,15.862634494133545,27.0,14.785714285714286,False,LightGBM
2025-12-07,SKU009,2025-12-01,10.06764650477758,11.0,8.785714285714286,False,LightGBM
2025-12-07,SKU010,2025-12-01,16.30795478839829,24.0,14.357142857142858,False,LightGBM
2025-12-07,SKU011,2025-12-01,2.7915111271706015,2.0,2.4285714285714284,False,LightGBM
2025-12-07,SKU012,2025-12-01,23.94435394707209,25.0,22.642857142857142,False,LightGBM
2025-12-07,SKU013,2025-12-01,13.571605559155923,22.0,12.428571428571429,False,LightGBM
2025-12-07,SKU014,2025-12-01,22.48396433755623,36.0,18.857142857142858,False,LightGBM
2025-12-07,SKU015,2025-12-01,3.975011906374484,5.0,3.2857142857142856,False,LightGBM
2025-12-07,SKU016,2025-12-01,13.691937639779749,14.0,11.892857142857142,False,LightGBM
2025-12-07,SKU017,2025-12-01,14.133278792352169,16.0,13.142857142857142,False,LightGBM
2025-12-07,SKU018,2025-12-01,25.66721575093156,26.0,21.464285714285715,False,LightGBM
2025-12-07,SKU019,2025-12-01,16.34345419175544,16.0,14.75,False,LightGBM
2025-12-07,SKU020,2025-12-01,14.078175388615385,17.0,12.428571428571429,False,LightGBM
2025-12-07,SKU021,2025-12-01,7.853323496416353,5.0,6.464285714285714,False,LightGBM
2025-12-07,SKU022,2025-12-01,9.829880156392493,20.0,8.714285714285714,False,LightGBM
2025-12-07,SKU023,2025-12-01,13.988692800462573,12.0,12.75,False,LightGBM
2025-12-07,SKU024,2025-12-01,12.7088443941679,14.0,11.428571428571429,False,LightGBM
2025-12-07,SKU025,2025-12-01,2.978537001336168,4.0,2.0357142857142856,False,LightGBM
2025-12-07,SKU026,2025-12-01,22.046163006280448,24.0,18.25,False,LightGBM
2025-12-07,SKU027,2025-12-01,23.812382464690092,21.0,22.178571428571427,False,LightGBM
2025-12-07,SKU028,2025-12-01,5.613677738224052,4.0,5.107142857142857,False,LightGBM
2025-12-07,SKU029,2025-12-01,16.12149503375059,18.0,13.535714285714286,False,LightGBM
2025-12-07,SKU030,2025-12-01,4.806608468496494,5.0,4.214285714285714,False,LightGBM
2025-12-07,SKU031,2025-12-01,17.826363865908327,22.0,16.321428571428573,False,LightGBM
2025-12-07,SKU032,2025-12-01,9.20142073872998,9.0,8.392857142857142,False,LightGBM
2025-12-07,SKU033,2025-12-01,18.280033805923868,27.0,17.0,False,LightGBM
2025-12-07,SKU034,2025-12-01,21.296060101362002,27.0,18.214285714285715,False,LightGBM
2025-12-07,SKU035,2025-12-01,22.70733564972395,21.0,17.892857142857142,False,LightGBM
2025-12-07,SKU036,2025-12-01,4.766155579095973,5.0,4.392857142857143,False,LightGBM
2025-12-07,SKU037,2025-12-01,26.47702404144327,32.0,22.535714285714285,False,LightGBM
2025-12-07,SKU038,2025-12-01,8.006545343583818,16.0,7.857142857142857,False,LightGBM
2025-12-07,SKU039,2025-12-01,3.0288207880018776,3.0,2.607142857142857,False,LightGBM
2025-12-07,SKU040,2025-12-01,14.966526443865177,15.0,12.464285714285714,False,LightGBM
2025-12-07,SKU041,2025-12-01,11.142935844191207,16.0,9.964285714285714,False,LightGBM
2025-12-07,SKU042,2025-12-01,21.918573541108135,19.0,19.25,False,LightGBM
2025-12-07,SKU043,2025-12-01,21.291500181423064,20.0,19.642857142857142,False,LightGBM
2025-12-07,SKU044,2025-12-01,8.412607265616717,7.0,7.642857142857143,False,LightGBM
2025-12-07,SKU045,2025-12-01,25.896126647554357,34.0,22.25,False,LightGBM
2025-12-07,SKU046,2025-12-01,8.605598904915267,9.0,7.5,False,LightGBM
2025-12-07,SKU047,2025-12-01,14.491374418731407,23.0,13.357142857142858,False,LightGBM
2025-12-07,SKU048,2025-12-01,8.012925040990774,10.0,7.464285714285714,False,LightGBM
2025-12-07,SKU049,2025-12-01,25.35099460522464,41.0,21.785714285714285,False,LightGBM
2025-12-07,SKU050,2025-12-01,5.680427101183725,5.0,5.607142857142857,False,LightGBM
2025-12-08,SKU001,2025-12-01,11.709719564009895,14.0,12.392857142857142,False,LightGBM
2025-12-08,SKU002,2025-12-01,8.605965360187513,10.0,9.357142857142858,False,LightGBM
2025-12-08,SKU003,2025-12-01,4.899887420345849,6.0,5.214285714285714,False,LightGBM
2025-12-08,SKU004,2025-12-01,4.016747498282429,2.0,3.857142857142857,False,LightGBM
2025-12-08,SKU005,2025-12-01,14.72902193429251,8.0,15.392857142857142,False,LightGBM
2025-12-08,SKU006,2025-12-01,5.407679439003536,3.0,5.535714285714286,False,LightGBM
2025-12-08,SKU007,2025-12-01,20.808817209681912,28.0,21.821428571428573,False,LightGBM
2025-12-08,SKU008,2025-12-01,13.71611189004371,19.0,14.785714285714286,False,LightGBM
2025-12-08,SKU009,2025-12-01,8.921296950338448,5.0,8.785714285714286,False,LightGBM
2025-12-08,SKU010,2025-12-01,14.73080828110453,8.0,14.357142857142858,False,LightGBM
2025-12-08,SKU011,2025-12-01,2.5078962322349985,1.0,2.4285714285714284,False,LightGBM
2025-12-08,SKU012,2025-12-01,22.245627833150415,18.0,22.642857142857142,False,LightGBM
2025-12-08,SKU013,2025-12-01,11.645343016677538,16.0,12.428571428571429,False,LightGBM
2025-12-08,SKU014,2025-12-01,19.53937406811243,14.0,18.857142857142858,False,LightGBM
2025-12-08,SKU015,2025-12-01,3.6626433908967857,1.0,3.2857142857142856,False,LightGBM
2025-12-08,SKU016,2025-12-01,11.503705738451988,10.0,11.892857142857142,False,LightGBM
2025-12-08,SKU017,2025-12-01,11.908166433318588,11.0,13.142857142857142,False,LightGBM
2025-12-08,SKU018,2025-12-01,22.396592405276536,18.0,21.464285714285715,False,LightGBM
2025-12-08,SKU019,2025-12-01,14.20748014838031,17.0,14.75,False,LightGBM
2025-12-08,SKU020,2025-12-01,11.611808474219172,12.0,12.428571428571429,False,LightGBM
2025-12-08,SKU021,2025-12-01,7.113539630548181,8.0,6.464285714285714,False,LightGBM
2025-12-08,SKU022,2025-12-01,8.53796816217574,10.0,8.714285714285714,False,LightGBM
2025-12-08,SKU023,2025-12-01,12.37076774840267,7.0,12.75,False,LightGBM
2025-12-08,SKU024,2025-12-01,11.216790177351623,5.0,11.428571428571429,False,LightGBM
2025-12-08,SKU025,2025-12-01,2.67210301594701,0.0,2.0357142857142856,False,LightGBM
2025-12-08,SKU026,2025-12-01,20.250494391492676,16.0,18.25,False,LightGBM
2025-12-08,SKU027,2025-12-01,21.63056908774435,20.0,22.178571428571427,False,LightGBM
2025-12-08,SKU028,2025-12-01,5.276178756730084,5.0,5.107142857142857,False,LightGBM
2025-12-08,SKU029,2025-12-01,13.829395585007644,16.0,13.535714285714286,False,LightGBM
2025-12-08,SKU030,2025-12-01,4.392561547313432,3.0,4.214285714285714,False,LightGBM
2025-12-08,SKU031,2025-12-01,15.545566569333525,14.0,16.321428571428573,False,LightGBM
2025-12-08,SKU032,2025-12-01,8.1356266910093,5.0,8.392857142857142,False,LightGBM
2025-12-08,SKU033,2025-12-01,16.205833850715564,12.0,17.0,False,LightGBM
2025-12-08,SKU034,2025-12-01,18.030760773061914,18.0,18.214285714285715,False,LightGBM
2025-12-08,SKU035,2025-12-01,19.03928709262306,9.0,17.892857142857142,False,LightGBM
2025-12-08,SKU036,2025-12-01,4.438025304297888,5.0,4.392857142857143,False,LightGBM
2025-12-08,SKU037,2025-12-01,22.13913102321312,19.0,22.535714285714285,False,LightGBM
2025-12-08,SKU038,2025-12-01,7.076852025506076,6.0,7.857142857142857,False,LightGBM
2025-12-08,SKU039,2025-12-01,2.6756254474850185,0.0,2.607142857142857,False,LightGBM
2025-12-08,SKU040,2025-12-01,12.865110752906409,8.0,12.464285714285714,False,LightGBM
2025-12-08,SKU041,2025-12-01,9.433015512947724,8.0,9.964285714285714,False,LightGBM
2025-12-08,SKU042,2025-12-01,19.260441774314824,14.0,19.25,False,LightGBM
2025-12-08,SKU043,2025-12-01,19.31221475406839,11.0,19.642857142857142,False,LightGBM
2025-12-08,SKU044,2025-12-01,7.704622848882548,7.0,7.642857142857143,False,LightGBM
2025-12-08,SKU045,2025-12-01,22.466448208748684,18.0,22.25,False,LightGBM
2025-12-08,SKU046,2025-12-01,7.779163851838249,6.0,7.5,False,LightGBM
2025-12-08,SKU047,2025-12-01,11.996335626873714,14.0,13.357142857142858,False,LightGBM
2025-12-08,SKU048,2025-12-01,7.245130984427862,6.0,7.464285714285714,False,LightGBM
2025-12-08,SKU049,2025-12-01,21.386133004713574,17.0,21.785714285714285,False,LightGBM
2025-12-08,SKU050,2025-12-01,5.311529628259084,3.0,5.607142857142857,False,LightGBM
2025-12-09,SKU001,2025-12-01,11.847394318031492,12.0,12.392857142857142,False,LightGBM
2025-12-09,SKU002,2025-12-01,8.736576741017283,12.0,9.357142857142858,False,LightGBM
2025-12-09,SKU003,2025-12-01,4.942253900668252,4.0,5.214285714285714,False,LightGBM
2025-12-09,SKU004,2025-12-01,4.10641941568463,0.0,3.857142857142857,False,LightGBM
2025-12-09,SKU005,2025-12-01,14.994543116552768,18.0,15.392857142857142,False,LightGBM
2025-12-09,SKU006,2025-12-01,5.3888112872863205,3.0,5.535714285714286,False,LightGBM
2025-12-09,SKU007,2025-12-01,22.621818607106018,24.0,21.821428571428573,False,LightGBM
2025-12-09,SKU008,2025-12-01,13.777700715156776,15.0,14.785714285714286,False,LightGBM
2025-12-09,SKU009,2025-12-01,8.8701516586722,11.0,8.785714285714286,False,LightGBM
2025-12-09,SKU010,2025-12-01,15.060506646658625,18.0,14.357142857142858,False,LightGBM
2025-12-09,SKU011,2025-12-01,2.5228205313519623,1.0,2.4285714285714284,False,LightGBM
2025-12-09,SKU012,2025-12-01,21.996279749499976,20.0,22.642857142857142,False,LightGBM
2025-12-09,SKU013,2025-12-01,11.625877398524683,15.0,12.428571428571429,False,LightGBM
2025-12-09,SKU014,2025-12-01,19.26614006847899,17.0,18.857142857142858,False,LightGBM
2025-12-09,SKU015,2025-12-01,3.738698846908083,2.0,3.2857142857142856,False,LightGBM
2025-12-09,SKU016,2025-12-01,11.467002489672357,9.0,11.892857142857142,False,LightGBM
2025-12-09,SKU017,2025-12-01,12.26741318249896,7.0,13.142857142857142,False,LightGBM
2025-12-09,SKU018,2025-12-01,22.246497199457206,18.0,21.464285714285715,False,LightGBM
2025-12-09,SKU019,2025-12-01,14.254503468613146,9.0,14.75,False,LightGBM
2025-12-09,SKU020,2025-12-01,11.686113303974784,15.0,12.428571428571429,False,LightGBM
2025-12-09,SKU021,2025-12-01,7.210725968868272,9.0,6.464285714285714,False,LightGBM
2025-12-09,SKU022,2025-12-01,8.72971116132453,7.0,8.714285714285714,False,LightGBM
2025-12-09,SKU023,2025-12-01,12.544178766807413,22.0,12.75,False,LightGBM
2025-12-09,SKU024,2025-12-01,11.051147423597055,7.0,11.428571428571429,False,LightGBM
2025-12-09,SKU025,2025-12-01,2.668968506156777,2.0,2.0357142857142856,False,LightGBM
2025-12-09,SKU026,2025-12-01,19.907611133384275,8.0,18.25,False,LightGBM
2025-12-09,SKU027,2025-12-01,21.819786360171165,23.0,22.178571428571427,False,LightGBM
2025-12-09,SKU028,2025-12-01,5.301679910721489,6.0,5.107142857142857,False,LightGBM
2025-12-09,SKU029,2025-12-01,13.82034238254958,10.0,13.535714285714286,False,LightGBM
2025-12-09,SKU030,2025-12-01,4.3277018092547594,0.0,4.214285714285714,False,LightGBM
2025-12-09,SKU031,2025-12-01,16.30175689986657,11.0,16.321428571428573,False,LightGBM
2025-12-09,SKU032,2025-12-01,8.073037329140321,2.0,8.392857142857142,False,LightGBM
2025-12-09,SKU033,2025-12-01,16.073234252182452,11.0,17.0,False,LightGBM
2025-12-09,SKU034,2025-12-01,17.679458852156174,18.0,18.214285714285715,False,LightGBM
2025-12-09,SKU035,2025-12-01,19.04468068957493,18.0,17.892857142857142,False,LightGBM
2025-12-09,SKU036,2025-12-01,4.373180233816344,2.0,4.392857142857143,False,LightGBM
2025-12-09,SKU037,2025-12-01,22.633452795076998,16.0,22.535714285714285,False,LightGBM
2025-12-09,SKU038,2025-12-01,7.1948317190967455,8.0,7.857142857142857,False,LightGBM
2025-12-09,SKU039,2025-12-01,2.74019645554613,0.0,2.607142857142857,False,LightGBM
2025-12-09,SKU040,2025-12-01,12.83687555763288,11.0,12.464285714285714,False,LightGBM
2025-12-09,SKU041,2025-12-01,9.235699667719274,17.0,9.964285714285714,False,LightGBM
2025-12-09,SKU042,2025-12-01,18.043796011832214,22.0,19.25,False,LightGBM
2025-12-09,SKU043,2025-12-01,19.271932018798417,15.0,19.642857142857142,False,LightGBM
2025-12-09,SKU044,2025-12-01,7.6569598229621105,11.0,7.642857142857143,False,LightGBM
2025-12-09,SKU045,2025-12-01,22.50257784218775,26.0,22.25,False,LightGBM
2025-12-09,SKU046,2025-12-01,7.869032570042948,8.0,7.5,False,LightGBM
2025-12-09,SKU047,2025-12-01,12.802818158878877,10.0,13.357142857142858,False,LightGBM
2025-12-09,SKU048,2025-12-01,7.2993351580790895,2.0,7.464285714285714,False,LightGBM
2025-12-09,SKU049,2025-12-01,21.2579011785826,18.0,21.785714285714285,False,LightGBM
2025-12-09,SKU050,2025-12-01,5.230041429681359,2.0,5.607142857142857,False,LightGBM
2025-12-10,SKU001,2025-12-01,11.754725833399881,6.0,12.392857142857142,False,LightGBM
2025-12-10,SKU002,2025-12-01,8.987915942833597,5.0,9.357142857142858,False,LightGBM
2025-12-10,SKU003,2025-12-01,4.942253900668252,4.0,5.214285714285714,False,LightGBM
2025-12-10,SKU004,2025-12-01,3.9874845927642766,4.0,3.857142857142857,False,LightGBM
2025-12-10,SKU005,2025-12-01,14.903993573664598,15.0,15.392857142857142,False,LightGBM
2025-12-10,SKU006,2025-12-01,5.555197276076093,7.0,5.535714285714286,False,LightGBM
2025-12-10,SKU007,2025-12-01,22.03632216026668,20.0,21.821428571428573,False,LightGBM
2025-12-10,SKU008,2025-12-01,13.860677268877,15.0,14.785714285714286,False,LightGBM
2025-12-10,SKU009,2025-12-01,8.818878645326178,10.0,8.785714285714286,False,LightGBM
2025-12-10,SKU010,2025-12-01,14.561413364496905,11.0,14.357142857142858,False,LightGBM
2025-12-10,SKU011,2025-12-01,2.4817507095501883,2.0,2.4285714285714284,False,LightGBM
2025-12-10,SKU012,2025-12-01,22.550670941628862,23.0,22.642857142857142,False,LightGBM
2025-12-10,SKU013,2025-12-01,11.621784372156712,15.0,12.428571428571429,False,LightGBM
2025-12-10,SKU014,2025-12-01,18.671665894289255,23.0,18.857142857142858,False,LightGBM
2025-12-10,SKU015,2025-12-01,3.729948211740974,4.0,3.2857142857142856,False,LightGBM
2025-12-10,SKU016,2025-12-01,11.509015937500395,10.0,11.892857142857142,False,LightGBM
2025-12-10,SKU017,2025-12-01,12.289682554545145,9.0,13.142857142857142,False,LightGBM
2025-12-10,SKU018,2025-12-01,22.69715998771149,26.0,21.464285714285715,False,LightGBM
2025-12-10,SKU019,2025-12-01,14.255097089299138,9.0,14.75,False,LightGBM
2025-12-10,SKU020,2025-12-01,12.069948660233914,15.0,12.428571428571429,False,LightGBM
2025-12-10,SKU021,2025-12-01,7.122131220607397,9.0,6.464285714285714,False,LightGBM
2025-12-10,SKU022,2025-12-01,8.704417486062267,7.0,8.714285714285714,False,LightGBM
2025-12-10,SKU023,2025-12-01,12.479522404425364,6.0,12.75,False,LightGBM
2025-12-10,SKU024,2025-12-01,10.887132346285618,12.0,11.428571428571429,False,LightGBM
2025-12-10,SKU025,2025-12-01,2.653495010101525,1.0,2.0357142857142856,False,LightGBM
2025-12-10,SKU026,2025-12-01,19.1594399547443,11.0,18.25,False,LightGBM
2025-12-10,SKU027,2025-12-01,21.37782433795107,17.0,22.178571428571427,False,LightGBM
2025-12-10,SKU028,2025-12-01,5.1923445536392325,4.0,5.107142857142857,False,LightGBM
2025-12-10,SKU029,2025-12-01,14.326347518994528,15.0,13.535714285714286,False,LightGBM
2025-12-10,SKU030,2025-12-01,4.3388493420462915,2.0,4.214285714285714,False,LightGBM
2025-12-10,SKU031,2025-12-01,15.179483861501774,14.0,16.321428571428573,False,LightGBM
2025-12-10,SKU032,2025-12-01,8.117825785165332,4.0,8.392857142857142,False,LightGBM
2025-12-10,SKU033,2025-12-01,15.657787195805557,19.0,17.0,False,LightGBM
2025-12-10,SKU034,2025-12-01,18.223893711571193,14.0,18.214285714285715,False,LightGBM
2025-12-10,SKU035,2025-12-01,18.831620529687072,22.0,17.892857142857142,False,LightGBM
2025-12-10,SKU036,2025-12-01,4.392841577428586,7.0,4.392857142857143,False,LightGBM
2025-12-10,SKU037,2025-12-01,22.25536123781743,20.0,22.535714285714285,False,LightGBM
2025-12-10,SKU038,2025-12-01,7.198684114846833,8.0,7.857142857142857,False,LightGBM
2025-12-10,SKU039,2025-12-01,2.7012983049014507,2.0,2.607142857142857,False,LightGBM
2025-12-10,SKU040,2025-12-01,12.882311113427646,5.0,12.464285714285714,False,LightGBM
2025-12-10,SKU041,2025-12-01,9.387529580225001,9.0,9.964285714285714,False,LightGBM
2025-12-10,SKU042,2025-12-01,17.936041639274908,19.0,19.25,False,LightGBM
2025-12-10,SKU043,2025-12-01,19.140845894525125,12.0,19.642857142857142,False,LightGBM
2025-12-10,SKU044,2025-12-01,7.596275609553542,4.0,7.642857142857143,False,LightGBM
2025-12-10,SKU045,2025-12-01,22.25097629526527,15.0,22.25,False,LightGBM
2025-12-10,SKU046,2025-12-01,7.773627118849328,6.0,7.5,False,LightGBM
2025-12-10,SKU047,2025-12-01,12.231178862407303,8.0,13.357142857142858,False,LightGBM
2025-12-10,SKU048,2025-12-01,7.242791840222064,2.0,7.464285714285714,False,LightGBM
2025-12-10,SKU049,2025-12-01,21.770370562434042,22.0,21.785714285714285,False,LightGBM
2025-12-10,SKU050,2025-12-01,5.214145445467338,5.0,5.607142857142857,False,LightGBM
2025-12-11,SKU001,2025-12-01,12.001859437664121,10.0,12.392857142857142,False,LightGBM
2025-12-11,SKU002,2025-12-01,8.809528094162761,11.0,9.357142857142858,False,LightGBM
2025-12-11,SKU003,2025-12-01,4.890134376747373,1.0,5.214285714285714,False,LightGBM
2025-12-11,SKU004,2025-12-01,3.9865211795950404,3.0,3.857142857142857,False,LightGBM
2025-12-11,SKU005,2025-12-01,14.636884150548436,10.0,15.392857142857142,False,LightGBM
2025-12-11,SKU006,2025-12-01,5.535172163519312,9.0,5.535714285714286,False,LightGBM
2025-12-11,SKU007,2025-12-01,20.50010476201328,20.0,21.821428571428573,False,LightGBM
2025-12-11,SKU008,2025-12-01,13.813194041385096,9.0,14.785714285714286,False,LightGBM
2025-12-11,SKU009,2025-12-01,8.714470059597708,10.0,8.785714285714286,False,LightGBM
2025-12-11,SKU010,2025-12-01,14.274308427842993,12.0,14.357142857142858,False,LightGBM
2025-12-11,SKU011,2025-12-01,2.4597391603207095,1.0,2.4285714285714284,False,LightGBM
2025-12-11,SKU012,2025-12-01,20.650154321913604,19.0,22.642857142857142,False,LightGBM
2025-12-11,SKU013,2025-12-01,11.836471824912111,7.0,12.428571428571429,False,LightGBM
2025-12-11,SKU014,2025-12-01,18.258871331141567,18.0,18.857142857142858,False,LightGBM
2025-12-11,SKU015,2025-12-01,3.698278528789008,8.0,3.2857142857142856,False,LightGBM
2025-12-11,SKU016,2025-12-01,11.676428646605343,8.0,11.892857142857142,False,LightGBM
2025-12-11,SKU017,2025-12-01,12.191336695978752,17.0,13.142857142857142,False,LightGBM
2025-12-11,SKU018,2025-12-01,21.43779768167673,19.0,21.464285714285715,False,LightGBM
2025-12-11,SKU019,2025-12-01,13.936078418360603,12.0,14.75,False,LightGBM
2025-12-11,SKU020,2025-12-01,11.618871137519568,14.0,12.428571428571429,False,LightGBM
2025-12-11,SKU021,2025-12-01,7.2013428909886485,2.0,6.464285714285714,False,LightGBM
2025-12-11,SKU022,2025-12-01,8.691220519201446,7.0,8.714285714285714,False,LightGBM
2025-12-11,SKU023,2025-12-01,12.223252384654073,10.0,12.75,False,LightGBM
2025-12-11,SKU024,2025-12-01,11.156082285723288,8.0,11.428571428571429,False,LightGBM
2025-12-11,SKU025,2025-12-01,2.6248234119673515,1.0,2.0357142857142856,False,LightGBM
2025-12-11,SKU026,2025-12-01,18.581264480241284,19.0,18.25,False,LightGBM
2025-12-11,SKU027,2025-12-01,21.547050828766064,21.0,22.178571428571427,False,LightGBM
2025-12-11,SKU028,2025-12-01,5.299131312078671,5.0,5.107142857142857,False,LightGBM
2025-12-11,SKU029,2025-12-01,13.749272049005953,14.0,13.535714285714286,False,LightGBM
2025-12-11,SKU030,2025-12-01,4.318689110051604,3.0,4.214285714285714,False,LightGBM
2025-12-11,SKU031,2025-12-01,15.607862166979466,8.0,16.321428571428573,False,LightGBM
2025-12-11,SKU032,2025-12-01,8.036697908162532,10.0,8.392857142857142,False,LightGBM
2025-12-11,SKU033,2025-12-01,15.445469736754362,13.0,17.0,False,LightGBM
2025-12-11,SKU034,2025-12-01,17.574715231541624,15.0,18.214285714285715,False,LightGBM
2025-12-11,SKU035,2025-12-01,17.680575536115214,14.0,17.892857142857142,False,LightGBM
2025-12-11,SKU036,2025-12-01,4.3426095500367765,3.0,4.392857142857143,False,LightGBM
2025-12-11,SKU037,2025-12-01,21.76493394260425,15.0,22.535714285714285,False,LightGBM
2025-12-11,SKU038,2025-12-01,7.112847682015773,8.0,7.857142857142857,False,LightGBM
2025-12-11,SKU039,2025-12-01,2.698564260902712,3.0,2.607142857142857,False,LightGBM
2025-12-11,SKU040,2025-12-01,12.777486910291632,12.0,12.464285714285714,False,LightGBM
2025-12-11,SKU041,2025-12-01,9.420121686557595,7.0,9.964285714285714,False,LightGBM
2025-12-11,SKU042,2025-12-01,19.082337989667355,18.0,19.25,False,LightGBM
2025-12-11,SKU043,2025-12-01,18.38170246459403,12.0,19.642857142857142,False,LightGBM
2025-12-11,SKU044,2025-12-01,7.681635969184219,7.0,7.642857142857143,False,LightGBM
2025-12-11,SKU045,2025-12-01,21.38688193157915,17.0,22.25,False,LightGBM
2025-12-11,SKU046,2025-12-01,7.801397178973039,5.0,7.5,False,LightGBM
2025-12-11,SKU047,2025-12-01,11.744329188556662,12.0,13.357142857142858,False,LightGBM
2025-12-11,SKU048,2025-12-01,7.191703911784783,2.0,7.464285714285714,False,LightGBM
2025-12-11,SKU049,2025-12-01,20.306598194568757,18.0,21.785714285714285,False,LightGBM
2025-12-11,SKU050,2025-12-01,5.189473803027015,5.0,5.607142857142857,False,LightGBM
2025-12-12,SKU001,2025-12-01,12.037465763352076,10.0,12.392857142857142,False,LightGBM
2025-12-12,SKU002,2025-12-01,8.919843092003806,7.0,9.357142857142858,False,LightGBM
2025-12-12,SKU003,2025-12-01,4.999977838508137,1.0,5.214285714285714,False,LightGBM
2025-12-12,SKU004,2025-12-01,4.022304386317922,3.0,3.857142857142857,False,LightGBM
2025-12-12,SKU005,2025-12-01,14.90968094049892,9.0,15.392857142857142,False,LightGBM
2025-12-12,SKU006,2025-12-01,5.6968316771187455,8.0,5.535714285714286,False,LightGBM
2025-12-12,SKU007,2025-12-01,19.869461229939912,27.0,21.821428571428573,False,LightGBM
2025-12-12,SKU008,2025-12-01,14.20538443620301,19.0,14.785714285714286,False,LightGBM
2025-12-12,SKU009,2025-12-01,9.139664206345838,7.0,8.785714285714286,False,LightGBM
2025-12-12,SKU010,2025-12-01,14.370431487089075,14.0,14.357142857142858,False,LightGBM
2025-12-12,SKU011,2025-12-01,2.551673067355999,2.0,2.4285714285714284,False,LightGBM
2025-12-12,SKU012,2025-12-01,22.391103823347656,25.0,22.642857142857142,False,LightGBM
2025-12-12,SKU013,2025-12-01,11.950171088645439,6.0,12.428571428571429,False,LightGBM
2025-12-12,SKU014,2025-12-01,18.556956854306858,21.0,18.857142857142858,False,LightGBM
2025-12-12,SKU015,2025-12-01,3.8351863562400323,2.0,3.2857142857142856,False,LightGBM
2025-12-12,SKU016,2025-12-01,11.436523094964619,11.0,11.892857142857142,False,LightGBM
2025-12-12,SKU017,2025-12-01,12.314872737073506,11.0,13.142857142857142,False,LightGBM
2025-12-12,SKU018,2025-12-01,21.01807603079479,26.0,21.464285714285715,False,LightGBM
2025-12-12,SKU019,2025-12-01,13.949952107786313,9.0,14.75,False,LightGBM
2025-12-12,SKU020,2025-12-01,11.677799977808464,5.0,12.428571428571429,False,LightGBM
2025-12-12,SKU021,2025-12-01,7.192470173363069,4.0,6.464285714285714,False,LightGBM
2025-12-12,SKU022,2025-12-01,8.897780219834784,7.0,8.714285714285714,False,LightGBM
2025-12-12,SKU023,2025-12-01,12.003495789787122,18.0,12.75,False,LightGBM
2025-12-12,SKU024,2025-12-01,11.063542977510803,10.0,11.428571428571429,False,LightGBM
2025-12-12,SKU025,2025-12-01,2.692199027164245,1.0,2.0357142857142856,False,LightGBM
2025-12-12,SKU026,2025-12-01,18.79921089404268,23.0,18.25,False,LightGBM
2025-12-12,SKU027,2025-12-01,20.790136495729783,22.0,22.178571428571427,False,LightGBM
2025-12-12,SKU028,2025-12-01,5.276698236365422,4.0,5.107142857142857,False,LightGBM
2025-12-12,SKU029,2025-12-01,13.546446512419557,10.0,13.535714285714286,False,LightGBM
2025-12-12,SKU030,2025-12-01,4.361322307130187,5.0,4.214285714285714,False,LightGBM
2025-12-12,SKU031,2025-12-01,15.926916735023157,16.0,16.321428571428573,False,LightGBM
2025-12-12,SKU032,2025-12-01,8.139954033355291,8.0,8.392857142857142,False,LightGBM
2025-12-12,SKU033,2025-12-01,15.416607178556061,10.0,17.0,False,LightGBM
2025-12-12,SKU034,2025-12-01,18.09323716609825,12.0,18.214285714285715,False,LightGBM
2025-12-12,SKU035,2025-12-01,18.067593198721543,22.0,17.892857142857142,False,LightGBM
2025-12-12,SKU036,2025-12-01,4.423619816695458,3.0,4.392857142857143,False,LightGBM
2025-12-12,SKU037,2025-12-01,21.688479663959768,19.0,22.535714285714285,False,LightGBM
2025-12-12,SKU038,2025-12-01,7.3169097181097635,6.0,7.857142857142857,False,LightGBM
2025-12-12,SKU039,2025-12-01,2.73990793095981,2.0,2.607142857142857,False,LightGBM
2025-12-12,SKU040,2025-12-01,12.783237472720453,11.0,12.464285714285714,False,LightGBM
2025-12-12,SKU041,2025-12-01,9.217859531637586,13.0,9.964285714285714,False,LightGBM
2025-12-12,SKU042,2025-12-01,19.2183584736544,22.0,19.25,False,LightGBM
2025-12-12,SKU043,2025-12-01,19.051998605576994,20.0,19.642857142857142,False,LightGBM
2025-12-12,SKU044,2025-12-01,7.668522352827118,7.0,7.642857142857143,False,LightGBM
2025-12-12,SKU045,2025-12-01,21.47522890576158,24.0,22.25,False,LightGBM
2025-12-12,SKU046,2025-12-01,7.779213058393927,6.0,7.5,False,LightGBM
2025-12-12,SKU047,2025-12-01,11.908334913943634,13.0,13.357142857142858,False,LightGBM
2025-12-12,SKU048,2025-12-01,7.120652023919402,5.0,7.464285714285714,False,LightGBM
2025-12-12,SKU049,2025-12-01,20.03692980251347,21.0,21.785714285714285,False,LightGBM
2025-12-12,SKU050,2025-12-01,5.1929077867292674,4.0,5.607142857142857,False,LightGBM
2025-12-13,SKU001,2025-12-01,14.046797030949737,16.0,12.392857142857142,False,LightGBM
2025-12-13,SKU002,2025-12-01,10.207984380905852,14.0,9.357142857142858,False,LightGBM
2025-12-13,SKU003,2025-12-01,5.375710706419172,6.0,5.214285714285714,False,LightGBM
2025-12-13,SKU004,2025-12-01,4.319163485662995,5.0,3.857142857142857,False,LightGBM
2025-12-13,SKU005,2025-12-01,15.801180511611491,14.0,15.392857142857142,False,LightGBM
2025-12-13,SKU006,2025-12-01,6.165275839888511,4.0,5.535714285714286,False,LightGBM
2025-12-13,SKU007,2025-12-01,23.125016674183602,29.0,21.821428571428573,False,LightGBM
2025-12-13,SKU008,2025-12-01,16.152969418871866,13.0,14.785714285714286,False,LightGBM
2025-12-13,SKU009,2025-12-01,10.362737617183429,12.0,8.785714285714286,False,LightGBM
2025-12-13,SKU010,2025-12-01,15.722519073255969,17.0,14.357142857142858,False,LightGBM
2025-12-13,SKU011,2025-12-01,2.814119931373172,6.0,2.4285714285714284,False,LightGBM
2025-12-13,SKU012,2025-12-01,24.80187220163891,31.0,22.642857142857142,False,LightGBM
2025-12-13,SKU013,2025-12-01,13.519248790701672,14.0,12.428571428571429,False,LightGBM
2025-12-13,SKU014,2025-12-01,19.56946455064923,22.0,18.857142857142858,False,LightGBM
2025-12-13,SKU015,2025-12-01,4.014269775273821,9.0,3.2857142857142856,False,LightGBM
2025-12-13,SKU016,2025-12-01,13.046709951280032,9.0,11.892857142857142,False,LightGBM
2025-12-13,SKU017,2025-12-01,13.78440655361804,19.0,13.142857142857142,False,LightGBM
2025-12-13,SKU018,2025-12-01,24.46813071489785,19.0,21.464285714285715,False,LightGBM
2025-12-13,SKU019,2025-12-01,15.790646048271785,16.0,14.75,False,LightGBM
2025-12-13,SKU020,2025-12-01,13.755574799631248,19.0,12.428571428571429,False,LightGBM
2025-12-13,SKU021,2025-12-01,7.822869360617539,10.0,6.464285714285714,False,LightGBM
2025-12-13,SKU022,2025-12-01,10.0036417624215,11.0,8.714285714285714,False,LightGBM
2025-12-13,SKU023,2025-12-01,13.924339241333657,15.0,12.75,False,LightGBM
2025-12-13,SKU024,2025-12-01,12.46480640967711,20.0,11.428571428571429,False,LightGBM
2025-12-13,SKU025,2025-12-01,2.935879393671663,0.0,2.0357142857142856,False,LightGBM
2025-12-13,SKU026,2025-12-01,21.537156274148106,25.0,18.25,False,LightGBM
2025-12-13,SKU027,2025-12-01,23.217156844743734,38.0,22.178571428571427,False,LightGBM
2025-12-13,SKU028,2025-12-01,5.634851359350022,6.0,5.107142857142857,False,LightGBM
2025-12-13,SKU029,2025-12-01,15.67418060757027,13.0,13.535714285714286,False,LightGBM
2025-12-13,SKU030,2025-12-01,4.746621529522574,8.0,4.214285714285714,False,LightGBM
2025-12-13,SKU031,2025-12-01,17.813364520012836,19.0,16.321428571428573,False,LightGBM
2025-12-13,SKU032,2025-12-01,9.13554298557727,12.0,8.392857142857142,False,LightGBM
2025-12-13,SKU033,2025-12-01,16.986698837415677,29.0,17.0,False,LightGBM
2025-12-13,SKU034,2025-12-01,21.43444383999919,26.0,18.214285714285715,False,LightGBM
2025-12-13,SKU035,2025-12-01,21.12599678674597,25.0,17.892857142857142,False,LightGBM
2025-12-13,SKU036,2025-12-01,4.736312150147205,6.0,4.392857142857143,False,LightGBM
2025-12-13,SKU037,2025-12-01,24.547077133312783,23.0,22.535714285714285,False,LightGBM
2025-12-13,SKU038,2025-12-01,8.353638589127101,9.0,7.857142857142857,False,LightGBM
2025-12-13,SKU039,2025-12-01,2.9467822916618336,3.0,2.607142857142857,False,LightGBM
2025-12-13,SKU040,2025-12-01,14.75836477595613,14.0,12.464285714285714,False,LightGBM
2025-12-13,SKU041,2025-12-01,10.712627530589238,13.0,9.964285714285714,False,LightGBM
2025-12-13,SKU042,2025-12-01,22.293381376974008,28.0,19.25,False,LightGBM
2025-12-13,SKU043,2025-12-01,20.964482335862414,23.0,19.642857142857142,False,LightGBM
2025-12-13,SKU044,2025-12-01,8.4217979377913,14.0,7.642857142857143,False,LightGBM
2025-12-13,SKU045,2025-12-01,23.941249931655015,30.0,22.25,False,LightGBM
2025-12-13,SKU046,2025-12-01,8.509500166730527,12.0,7.5,False,LightGBM
2025-12-13,SKU047,2025-12-01,13.869561458105252,10.0,13.357142857142858,False,LightGBM
2025-12-13,SKU048,2025-12-01,8.084694682983516,9.0,7.464285714285714,False,LightGBM
2025-12-13,SKU049,2025-12-01,23.81664777424234,22.0,21.785714285714285,False,LightGBM
2025-12-13,SKU050,2025-12-01,5.731362501137609,6.0,5.607142857142857,False,LightGBM
2025-12-14,SKU001,2025-12-01,14.080560190380067,16.0,12.392857142857142,False,LightGBM
2025-12-14,SKU002,2025-12-01,10.394552834367737,7.0,9.357142857142858,False,LightGBM
2025-12-14,SKU003,2025-12-01,5.425712538816507,7.0,5.214285714285714,False,LightGBM
2025-12-14,SKU004,2025-12-01,4.382250642398189,5.0,3.857142857142857,False,LightGBM
2025-12-14,SKU005,2025-12-01,16.096730512655178,26.0,15.392857142857142,False,LightGBM
2025-12-14,SKU006,2025-12-01,6.447110284213163,6.0,5.535714285714286,False,LightGBM
2025-12-14,SKU007,2025-12-01,24.31029461976592,33.0,21.821428571428573,False,LightGBM
2025-12-14,SKU008,2025-12-01,16.467864550864547,27.0,14.785714285714286,False,LightGBM
2025-12-14,SKU009,2025-12-01,10.383223530383901,11.0,8.785714285714286,False,LightGBM
2025-12-14,SKU010,2025-12-01,15.82594581659094,24.0,14.357142857142858,False,LightGBM
2025-12-14,SKU011,2025-12-01,2.7457972774844124,2.0,2.4285714285714284,False,LightGBM
2025-12-14,SKU012,2025-12-01,25.191278173982976,25.0,22.642857142857142,False,LightGBM
2025-12-14,SKU013,2025-12-01,13.76382103577629,22.0,12.428571428571429,False,LightGBM
2025-12-14,SKU014,2025-12-01,19.57978323970156,36.0,18.857142857142858,False,LightGBM
2025-12-14,SKU015,2025-12-01,4.158160336296294,5.0,3.2857142857142856,False,LightGBM
2025-12-14,SKU016,2025-12-01,12.859234158846455,14.0,11.892857142857142,False,LightGBM
2025-12-14,SKU017,2025-12-01,13.605545682558468,16.0,13.142857142857142,False,LightGBM
2025-12-14,SKU018,2025-12-01,25.793168102386165,26.0,21.464285714285715,False,LightGBM
2025-12-14,SKU019,2025-12-01,15.173651783908698,16.0,14.75,False,LightGBM
2025-12-14,SKU020,2025-12-01,13.680592476046725,17.0,12.428571428571429,False,LightGBM
2025-12-14,SKU021,2025-12-01,7.791983814109933,5.0,6.464285714285714,False,LightGBM
2025-12-14,SKU022,2025-12-01,9.859489681343756,20.0,8.714285714285714,False,LightGBM
2025-12-14,SKU023,2025-12-01,13.872842539616737,12.0,12.75,False,LightGBM
2025-12-14,SKU024,2025-12-01,11.232853365073423,14.0,11.428571428571429,False,LightGBM
2025-12-14,SKU025,2025-12-01,2.912523915506031,4.0,2.0357142857142856,False,LightGBM
2025-12-14,SKU026,2025-12-01,22.84756044218001,24.0,18.25,False,LightGBM
2025-12-14,SKU027,2025-12-01,24.57072456056749,21.0,22.178571428571427,False,LightGBM
2025-12-14,SKU028,2025-12-01,5.756436638518097,4.0,5.107142857142857,False,LightGBM
2025-12-14,SKU029,2025-12-01,15.651094453793347,18.0,13.535714285714286,False,LightGBM
2025-12-14,SKU030,2025-12-01,4.705729393284472,5.0,4.214285714285714,False,LightGBM
2025-12-14,SKU031,2025-12-01,17.506485045327235,22.0,16.321428571428573,False,LightGBM
2025-12-14,SKU032,2025-12-01,9.19924026081623,9.0,8.392857142857142,False,LightGBM
2025-12-14,SKU033,2025-12-01,16.758111359819527,27.0,17.0,False,LightGBM
2025-12-14,SKU034,2025-12-01,21.494310617615373,27.0,18.214285714285715,False,LightGBM
2025-12-14,SKU035,2025-12-01,20.835247804392413,21.0,17.892857142857142,False,LightGBM
2025-12-14,SKU036,2025-12-01,4.745141745070263,5.0,4.392857142857143,False,LightGBM
2025-12-14,SKU037,2025-12-01,25.06175527695439,32.0,22.535714285714285,False,LightGBM
2025-12-14,SKU038,2025-12-01,8.31296829868388,16.0,7.857142857142857,False,LightGBM
2025-12-14,SKU039,2025-12-01,2.976446889410994,3.0,2.607142857142857,False,LightGBM
2025-12-14,SKU040,2025-12-01,15.064890573526991,15.0,12.464285714285714,False,LightGBM
2025-12-14,SKU041,2025-12-01,10.662185391685115,16.0,9.964285714285714,False,LightGBM
2025-12-14,SKU042,2025-12-01,22.53047686389506,19.0,19.25,False,LightGBM
2025-12-14,SKU043,2025-12-01,20.995390917469365,20.0,19.642857142857142,False,LightGBM
2025-12-14,SKU044,2025-12-01,8.695864813615202,7.0,7.642857142857143,False,LightGBM
2025-12-14,SKU045,2025-12-01,23.123679885661954,34.0,22.25,False,LightGBM
2025-12-14,SKU046,2025-12-01,8.52240829728666,9.0,7.5,False,LightGBM
2025-12-14,SKU047,2025-12-01,13.666603830723364,23.0,13.357142857142858,False,LightGBM
2025-12-14,SKU048,2025-12-01,8.132372074317155,10.0,7.464285714285714,False,LightGBM
2025-12-14,SKU049,2025-12-01,24.46521824924651,41.0,21.785714285714285,False,LightGBM
2025-12-14,SKU050,2025-12-01,5.803381044128909,5.0,5.607142857142857,False,LightGBM
2025-12-15,SKU001,2025-12-01,11.866960364758482,14.0,12.392857142857142,False,LightGBM
2025-12-15,SKU002,2025-12-01,9.030505124706403,10.0,9.357142857142858,False,LightGBM
2025-12-15,SKU003,2025-12-01,4.829616978157536,6.0,5.214285714285714,False,LightGBM
2025-12-15,SKU004,2025-12-01,3.9704057450305275,2.0,3.857142857142857,False,LightGBM
2025-12-15,SKU005,2025-12-01,14.713312380304009,8.0,15.392857142857142,False,LightGBM
2025-12-15,SKU006,2025-12-01,5.783964006016419,3.0,5.535714285714286,False,LightGBM
2025-12-15,SKU007,2025-12-01,21.026512167483272,28.0,21.821428571428573,False,LightGBM
2025-12-15,SKU008,2025-12-01,14.024904224131673,19.0,14.785714285714286,False,LightGBM
2025-12-15,SKU009,2025-12-01,9.14087134078283,5.0,8.785714285714286,False,LightGBM
2025-12-15,SKU010,2025-12-01,14.399966867626416,8.0,14.357142857142858,False,LightGBM
2025-12-15,SKU011,2025-12-01,2.4773505625162215,1.0,2.4285714285714284,False,LightGBM
2025-12-15,SKU012,2025-12-01,21.815201405757243,18.0,22.642857142857142,False,LightGBM
2025-12-15,SKU013,2025-12-01,11.765975233372632,16.0,12.428571428571429,False,LightGBM
2025-12-15,SKU014,2025-12-01,18.448837447583298,14.0,18.857142857142858,False,LightGBM
2025-12-15,SKU015,2025-12-01,3.8685778397049577,1.0,3.2857142857142856,False,LightGBM
2025-12-15,SKU016,2025-12-01,11.470050508439062,10.0,11.892857142857142,False,LightGBM
2025-12-15,SKU017,2025-12-01,11.829687129103997,11.0,13.142857142857142,False,LightGBM
2025-12-15,SKU018,2025-12-01,22.12079844097625,18.0,21.464285714285715,False,LightGBM
2025-12-15,SKU019,2025-12-01,13.443822706916947,17.0,14.75,False,LightGBM
2025-12-15,SKU020,2025-12-01,11.634338044164151,12.0,12.428571428571429,False,LightGBM
2025-12-15,SKU021,2025-12-01,7.177435578738439,8.0,6.464285714285714,False,LightGBM
2025-12-15,SKU022,2025-12-01,8.250636355931634,10.0,8.714285714285714,False,LightGBM
2025-12-15,SKU023,2025-12-01,12.142795286582041,7.0,12.75,False,LightGBM
2025-12-15,SKU024,2025-12-01,11.242260938542083,5.0,11.428571428571429,False,LightGBM
2025-12-15,SKU025,2025-12-01,2.606089930116873,0.0,2.0357142857142856,False,LightGBM
2025-12-15,SKU026,2025-12-01,18.863842138577414,16.0,18.25,False,LightGBM
2025-12-15,SKU027,2025-12-01,20.86711377151699,20.0,22.178571428571427,False,LightGBM
2025-12-15,SKU028,2025-12-01,5.270320280223857,5.0,5.107142857142857,False,LightGBM
2025-12-15,SKU029,2025-12-01,13.595441307460627,16.0,13.535714285714286,False,LightGBM
2025-12-15,SKU030,2025-12-01,4.25299266951852,3.0,4.214285714285714,False,LightGBM
2025-12-15,SKU031,2025-12-01,15.45493028827824,14.0,16.321428571428573,False,LightGBM
2025-12-15,SKU032,2025-12-01,7.980990775962666,5.0,8.392857142857142,False,LightGBM
2025-12-15,SKU033,2025-12-01,15.096798452719709,12.0,17.0,False,LightGBM
2025-12-15,SKU034,2025-12-01,18.1943629996497,18.0,18.214285714285715,False,LightGBM
2025-12-15,SKU035,2025-12-01,18.671902100213977,9.0,17.892857142857142,False,LightGBM
2025-12-15,SKU036,2025-12-01,4.377462531784831,5.0,4.392857142857143,False,LightGBM
2025-12-15,SKU037,2025-12-01,21.934020340729848,19.0,22.535714285714285,False,LightGBM
2025-12-15,SKU038,2025-12-01,7.2854813192770225,6.0,7.857142857142857,False,LightGBM
2025-12-15,SKU039,2025-12-01,2.659532920096849,0.0,2.607142857142857,False,LightGBM
2025-12-15,SKU040,2025-12-01,12.610604553997014,8.0,12.464285714285714,False,LightGBM
2025-12-15,SKU041,2025-12-01,9.394169297975095,8.0,9.964285714285714,False,LightGBM
2025-12-15,SKU042,2025-12-01,18.72940240488003,14.0,19.25,False,LightGBM
2025-12-15,SKU043,2025-12-01,18.433615314664937,11.0,19.642857142857142,False,LightGBM
2025-12-15,SKU044,2025-12-01,7.663239407147869,7.0,7.642857142857143,False,LightGBM
2025-12-15,SKU045,2025-12-01,20.812779579223594,18.0,22.25,False,LightGBM
2025-12-15,SKU046,2025-12-01,7.716790335995356,6.0,7.5,False,LightGBM
2025-12-15,SKU047,2025-12-01,11.930801301326152,14.0,13.357142857142858,False,LightGBM
2025-12-15,SKU048,2025-12-01,7.411777373449769,6.0,7.464285714285714,False,LightGBM
2025-12-15,SKU049,2025-12-01,20.06813688013059,17.0,21.785714285714285,False,LightGBM
2025-12-15,SKU050,2025-12-01,5.36718062756592,3.0,5.607142857142857,False,LightGBM
2025-12-16,SKU001,2025-12-01,11.97532838847085,12.0,12.392857142857142,False,LightGBM
2025-12-16,SKU002,2025-12-01,8.747885360008917,12.0,9.357142857142858,False,LightGBM
2025-12-16,SKU003,2025-12-01,4.8778065880248125,4.0,5.214285714285714,False,LightGBM
2025-12-16,SKU004,2025-12-01,3.9854081590482666,0.0,3.857142857142857,False,LightGBM
2025-12-16,SKU005,2025-12-01,14.638800276643805,18.0,15.392857142857142,False,LightGBM
2025-12-16,SKU006,2025-12-01,5.696871836803843,3.0,5.535714285714286,False,LightGBM
2025-12-16,SKU007,2025-12-01,21.24585757879619,24.0,21.821428571428573,False,LightGBM
2025-12-16,SKU008,2025-12-01,13.612104536032795,15.0,14.785714285714286,False,LightGBM
2025-12-16,SKU009,2025-12-01,9.056798296542434,11.0,8.785714285714286,False,LightGBM
2025-12-16,SKU010,2025-12-01,14.438372563604064,18.0,14.357142857142858,False,LightGBM
2025-12-16,SKU011,2025-12-01,2.4922748616331853,1.0,2.4285714285714284,False,LightGBM
2025-12-16,SKU012,2025-12-01,21.109730550786516,20.0,22.642857142857142,False,LightGBM
2025-12-16,SKU013,2025-12-01,11.88600556347961,15.0,12.428571428571429,False,LightGBM
2025-12-16,SKU014,2025-12-01,18.53491992004813,17.0,18.857142857142858,False,LightGBM
2025-12-16,SKU015,2025-12-01,3.677851623545528,2.0,3.2857142857142856,False,LightGBM
2025-12-16,SKU016,2025-12-01,11.347989085564995,9.0,11.892857142857142,False,LightGBM
2025-12-16,SKU017,2025-12-01,11.99679803689079,7.0,13.142857142857142,False,LightGBM
2025-12-16,SKU018,2025-12-01,22.120225071250584,18.0,21.464285714285715,False,LightGBM
2025-12-16,SKU019,2025-12-01,13.382385816102408,9.0,14.75,False,LightGBM
2025-12-16,SKU020,2025-12-01,11.640424513650517,15.0,12.428571428571429,False,LightGBM
2025-12-16,SKU021,2025-12-01,7.177604418352355,9.0,6.464285714285714,False,LightGBM
2025-12-16,SKU022,2025-12-01,8.316297811495438,7.0,8.714285714285714,False,LightGBM
2025-12-16,SKU023,2025-12-01,12.251925147836987,22.0,12.75,False,LightGBM
2025-12-16,SKU024,2025-12-01,11.356260075882014,7.0,11.428571428571429,False,LightGBM
2025-12-16,SKU025,2025-12-01,2.6029554203266403,2.0,2.0357142857142856,False,LightGBM
2025-12-16,SKU026,2025-12-01,18.70348765076723,8.0,18.25,False,LightGBM
2025-12-16,SKU027,2025-12-01,20.835008664123734,23.0,22.178571428571427,False,LightGBM
2025-12-16,SKU028,2025-12-01,5.276077450714673,6.0,5.107142857142857,False,LightGBM
2025-12-16,SKU029,2025-12-01,13.738277889365294,10.0,13.535714285714286,False,LightGBM
2025-12-16,SKU030,2025-12-01,4.251823896316544,0.0,4.214285714285714,False,LightGBM
2025-12-16,SKU031,2025-12-01,16.210432205299817,11.0,16.321428571428573,False,LightGBM
2025-12-16,SKU032,2025-12-01,7.9930912739046445,2.0,8.392857142857142,False,LightGBM
2025-12-16,SKU033,2025-12-01,15.595023913819494,11.0,17.0,False,LightGBM
2025-12-16,SKU034,2025-12-01,17.765316448663604,18.0,18.214285714285715,False,LightGBM
2025-12-16,SKU035,2025-12-01,18.851501774797143,18.0,17.892857142857142,False,LightGBM
2025-12-16,SKU036,2025-12-01,4.393968260575117,2.0,4.392857142857143,False,LightGBM
2025-12-16,SKU037,2025-12-01,20.698847850150283,16.0,22.535714285714285,False,LightGBM
2025-12-16,SKU038,2025-12-01,7.284312546075046,8.0,7.857142857142857,False,LightGBM
2025-12-16,SKU039,2025-12-01,2.635285219071314,0.0,2.607142857142857,False,LightGBM
2025-12-16,SKU040,2025-12-01,12.599539047118737,11.0,12.464285714285714,False,LightGBM
2025-12-16,SKU041,2025-12-01,9.334343286961275,17.0,9.964285714285714,False,LightGBM
2025-12-16,SKU042,2025-12-01,18.24340279653809,22.0,19.25,False,LightGBM
2025-12-16,SKU043,2025-12-01,19.187535974726593,15.0,19.642857142857142,False,LightGBM
2025-12-16,SKU044,2025-12-01,7.5854856658855,11.0,7.642857142857143,False,LightGBM
2025-12-16,SKU045,2025-12-01,22.001020447503436,26.0,22.25,False,LightGBM
2025-12-16,SKU046,2025-12-01,7.682405135881795,8.0,7.5,False,LightGBM
2025-12-16,SKU047,2025-12-01,11.805053000709197,10.0,13.357142857142858,False,LightGBM
2025-12-16,SKU048,2025-12-01,7.445697678081066,2.0,7.464285714285714,False,LightGBM
2025-12-16,SKU049,2025-12-01,20.449920411926165,18.0,21.785714285714285,False,LightGBM
2025-12-16,SKU050,2025-12-01,5.2663845776222535,2.0,5.607142857142857,False,LightGBM
2025-12-17,SKU001,2025-12-01,11.891598069195682,6.0,12.392857142857142,False,LightGBM
2025-12-17,SKU002,2025-12-01,8.780158978064584,5.0,9.357142857142858,False,LightGBM
2025-12-17,SKU003,2025-12-01,4.840996797886632,4.0,5.214285714285714,False,LightGBM
2025-12-17,SKU004,2025-12-01,4.001141800975254,4.0,3.857142857142857,False,LightGBM
2025-12-17,SKU005,2025-12-01,14.85500176139569,15.0,15.392857142857142,False,LightGBM
2025-12-17,SKU006,2025-12-01,5.691891288747457,7.0,5.535714285714286,False,LightGBM
2025-12-17,SKU007,2025-12-01,22.00077742103664,20.0,21.821428571428573,False,LightGBM
2025-12-17,SKU008,2025-12-01,13.804768056433534,15.0,14.785714285714286,False,LightGBM
2025-12-17,SKU009,2025-12-01,9.111422468693872,10.0,8.785714285714286,False,LightGBM
2025-12-17,SKU010,2025-12-01,14.467100565104731,11.0,14.357142857142858,False,LightGBM
2025-12-17,SKU011,2025-12-01,2.4512050398314114,2.0,2.4285714285714284,False,LightGBM
2025-12-17,SKU012,2025-12-01,21.13035460615811,23.0,22.642857142857142,False,LightGBM
2025-12-17,SKU013,2025-12-01,11.824232074645435,15.0,12.428571428571429,False,LightGBM
2025-12-17,SKU014,2025-12-01,19.521297779696134,23.0,18.857142857142858,False,LightGBM
2025-12-17,SKU015,2025-12-01,3.677851623545528,4.0,3.2857142857142856,False,LightGBM
2025-12-17,SKU016,2025-12-01,11.386873674506422,10.0,11.892857142857142,False,LightGBM
2025-12-17,SKU017,2025-12-01,12.129248419337225,9.0,13.142857142857142,False,LightGBM
2025-12-17,SKU018,2025-12-01,22.231540995755033,26.0,21.464285714285715,False,LightGBM
2025-12-17,SKU019,2025-12-01,13.325161914461312,9.0,14.75,False,LightGBM
2025-12-17,SKU020,2025-12-01,11.775665534677959,15.0,12.428571428571429,False,LightGBM
2025-12-17,SKU021,2025-12-01,7.157145766336826,9.0,6.464285714285714,False,LightGBM
2025-12-17,SKU022,2025-12-01,8.386294810858807,7.0,8.714285714285714,False,LightGBM
2025-12-17,SKU023,2025-12-01,12.053505815413365,6.0,12.75,False,LightGBM
2025-12-17,SKU024,2025-12-01,11.219838938915247,12.0,11.428571428571429,False,LightGBM
2025-12-17,SKU025,2025-12-01,2.5874819242713882,1.0,2.0357142857142856,False,LightGBM
2025-12-17,SKU026,2025-12-01,18.845304883318025,11.0,18.25,False,LightGBM
2025-12-17,SKU027,2025-12-01,21.38980874020881,17.0,22.178571428571427,False,LightGBM
2025-12-17,SKU028,2025-12-01,5.329931380216375,4.0,5.107142857142857,False,LightGBM
2025-12-17,SKU029,2025-12-01,13.759368388941613,15.0,13.535714285714286,False,LightGBM
2025-12-17,SKU030,2025-12-01,4.267557538243527,2.0,4.214285714285714,False,LightGBM
2025-12-17,SKU031,2025-12-01,15.880348035574405,14.0,16.321428571428573,False,LightGBM
2025-12-17,SKU032,2025-12-01,7.998844580140057,4.0,8.392857142857142,False,LightGBM
2025-12-17,SKU033,2025-12-01,15.820884411746306,19.0,17.0,False,LightGBM
2025-12-17,SKU034,2025-12-01,17.61227553553102,14.0,18.214285714285715,False,LightGBM
2025-12-17,SKU035,2025-12-01,18.200100280571032,22.0,17.892857142857142,False,LightGBM
2025-12-17,SKU036,2025-12-01,4.6939742589064855,7.0,4.392857142857143,False,LightGBM
2025-12-17,SKU037,2025-12-01,21.978404238217983,20.0,22.535714285714285,False,LightGBM
2025-12-17,SKU038,2025-12-01,7.075168655408348,8.0,7.857142857142857,False,LightGBM
2025-12-17,SKU039,2025-12-01,2.635285219071314,2.0,2.607142857142857,False,LightGBM
2025-12-17,SKU040,2025-12-01,12.87911414249064,5.0,12.464285714285714,False,LightGBM
2025-12-17,SKU041,2025-12-01,9.455708937309671,9.0,9.964285714285714,False,LightGBM
2025-12-17,SKU042,2025-12-01,18.95888959983556,19.0,19.25,False,LightGBM
2025-12-17,SKU043,2025-12-01,19.835543496057326,12.0,19.642857142857142,False,LightGBM
2025-12-17,SKU044,2025-12-01,7.608091890591736,4.0,7.642857142857143,False,LightGBM
2025-12-17,SKU045,2025-12-01,22.0517871764102,15.0,22.25,False,LightGBM
2025-12-17,SKU046,2025-12-01,7.813382502568049,6.0,7.5,False,LightGBM
2025-12-17,SKU047,2025-12-01,11.928190394945686,8.0,13.357142857142858,False,LightGBM
2025-12-17,SKU048,2025-12-01,7.133576273769001,2.0,7.464285714285714,False,LightGBM
2025-12-17,SKU049,2025-12-01,20.09467026426256,22.0,21.785714285714285,False,LightGBM
2025-12-17,SKU050,2025-12-01,5.322976295973915,5.0,5.607142857142857,False,LightGBM
2025-12-18,SKU001,2025-12-01,12.01389538354723,10.0,12.392857142857142,False,LightGBM
2025-12-18,SKU002,2025-12-01,8.931557644257952,11.0,9.357142857142858,False,LightGBM
2025-12-18,SKU003,2025-12-01,4.854705659114604,1.0,5.214285714285714,False,LightGBM
2025-12-18,SKU004,2025-12-01,4.005631655284507,3.0,3.857142857142857,False,LightGBM
2025-12-18,SKU005,2025-12-01,14.695394972054286,10.0,15.392857142857142,False,LightGBM
2025-12-18,SKU006,2025-12-01,5.859542112280614,9.0,5.535714285714286,False,LightGBM
2025-12-18,SKU007,2025-12-01,20.890020577801575,20.0,21.821428571428573,False,LightGBM
2025-12-18,SKU008,2025-12-01,13.78394204914948,9.0,14.785714285714286,False,LightGBM
2025-12-18,SKU009,2025-12-01,8.965706395728617,10.0,8.785714285714286,False,LightGBM
2025-12-18,SKU010,2025-12-01,14.47839949212944,12.0,14.357142857142858,False,LightGBM
2025-12-18,SKU011,2025-12-01,2.4825466286317592,1.0,2.4285714285714284,False,LightGBM
2025-12-18,SKU012,2025-12-01,21.093534775193245,19.0,22.642857142857142,False,LightGBM
2025-12-18,SKU013,2025-12-01,11.718248216873212,7.0,12.428571428571429,False,LightGBM
2025-12-18,SKU014,2025-12-01,19.351490188292463,18.0,18.857142857142858,False,LightGBM
2025-12-18,SKU015,2025-12-01,3.7249235917509638,8.0,3.2857142857142856,False,LightGBM
2025-12-18,SKU016,2025-12-01,11.392232799405884,8.0,11.892857142857142,False,LightGBM
2025-12-18,SKU017,2025-12-01,11.994363607147141,17.0,13.142857142857142,False,LightGBM
2025-12-18,SKU018,2025-12-01,22.13919841287684,19.0,21.464285714285715,False,LightGBM
2025-12-18,SKU019,2025-12-01,13.378195876186552,12.0,14.75,False,LightGBM
2025-12-18,SKU020,2025-12-01,11.686191929529157,14.0,12.428571428571429,False,LightGBM
2025-12-18,SKU021,2025-12-01,7.1384322219640834,2.0,6.464285714285714,False,LightGBM
2025-12-18,SKU022,2025-12-01,8.423164961164797,7.0,8.714285714285714,False,LightGBM
2025-12-18,SKU023,2025-12-01,12.084988006445522,10.0,12.75,False,LightGBM
2025-12-18,SKU024,2025-12-01,11.16197648592249,8.0,11.428571428571429,False,LightGBM
2025-12-18,SKU025,2025-12-01,2.618823513071736,1.0,2.0357142857142856,False,LightGBM
2025-12-18,SKU026,2025-12-01,19.438128465168997,19.0,18.25,False,LightGBM
2025-12-18,SKU027,2025-12-01,21.45314833650377,21.0,22.178571428571427,False,LightGBM
2025-12-18,SKU028,2025-12-01,5.28873225623987,5.0,5.107142857142857,False,LightGBM
2025-12-18,SKU029,2025-12-01,13.689125878803235,14.0,13.535714285714286,False,LightGBM
2025-12-18,SKU030,2025-12-01,4.291676851256379,3.0,4.214285714285714,False,LightGBM
2025-12-18,SKU031,2025-12-01,15.392859775770452,8.0,16.321428571428573,False,LightGBM
2025-12-18,SKU032,2025-12-01,8.09121838863281,10.0,8.392857142857142,False,LightGBM
2025-12-18,SKU033,2025-12-01,15.714644904487669,13.0,17.0,False,LightGBM
2025-12-18,SKU034,2025-12-01,17.93362407852688,15.0,18.214285714285715,False,LightGBM
2025-12-18,SKU035,2025-12-01,18.026471072133145,14.0,17.892857142857142,False,LightGBM
2025-12-18,SKU036,2025-12-01,4.747596645122388,3.0,4.392857142857143,False,LightGBM
2025-12-18,SKU037,2025-12-01,21.572222390929415,15.0,22.535714285714285,False,LightGBM
2025-12-18,SKU038,2025-12-01,7.315758084402007,8.0,7.857142857142857,False,LightGBM
2025-12-18,SKU039,2025-12-01,2.6714511707717947,3.0,2.607142857142857,False,LightGBM
2025-12-18,SKU040,2025-12-01,12.917933485002601,12.0,12.464285714285714,False,LightGBM
2025-12-18,SKU041,2025-12-01,9.523610001042385,7.0,9.964285714285714,False,LightGBM
2025-12-18,SKU042,2025-12-01,18.357367936726167,18.0,19.25,False,LightGBM
2025-12-18,SKU043,2025-12-01,18.49528472620566,12.0,19.642857142857142,False,LightGBM
2025-12-18,SKU044,2025-12-01,7.635400232483947,7.0,7.642857142857143,False,LightGBM
2025-12-18,SKU045,2025-12-01,21.56675985347814,17.0,22.25,False,LightGBM
2025-12-18,SKU046,2025-12-01,7.758338255509567,5.0,7.5,False,LightGBM
2025-12-18,SKU047,2025-12-01,12.027986635190384,12.0,13.357142857142858,False,LightGBM
2025-12-18,SKU048,2025-12-01,7.217769381587998,2.0,7.464285714285714,False,LightGBM
2025-12-18,SKU049,2025-12-01,21.40148198270771,18.0,21.785714285714285,False,LightGBM
2025-12-18,SKU050,2025-12-01,5.248663916832781,5.0,5.607142857142857,False,LightGBM
2025-12-19,SKU001,2025-12-01,12.167945077950892,10.0,12.392857142857142,False,LightGBM
2025-12-19,SKU002,2025-12-01,8.81496160206916,7.0,9.357142857142858,False,LightGBM
2025-12-19,SKU003,2025-12-01,4.896299474009524,1.0,5.214285714285714,False,LightGBM
2025-12-19,SKU004,2025-12-01,4.002396234034821,3.0,3.857142857142857,False,LightGBM
2025-12-19,SKU005,2025-12-01,14.893694578865789,9.0,15.392857142857142,False,LightGBM
2025-12-19,SKU006,2025-12-01,5.821260005768521,8.0,5.535714285714286,False,LightGBM
2025-12-19,SKU007,2025-12-01,21.00051632606726,27.0,21.821428571428573,False,LightGBM
2025-12-19,SKU008,2025-12-01,13.813777158577896,19.0,14.785714285714286,False,LightGBM
2025-12-19,SKU009,2025-12-01,9.009123730609147,7.0,8.785714285714286,False,LightGBM
2025-12-19,SKU010,2025-12-01,14.440427415454673,14.0,14.357142857142858,False,LightGBM
2025-12-19,SKU011,2025-12-01,2.5245599772250817,2.0,2.4285714285714284,False,LightGBM
2025-12-19,SKU012,2025-12-01,21.906454243938818,25.0,22.642857142857142,False,LightGBM
2025-12-19,SKU013,2025-12-01,11.70119726884481,6.0,12.428571428571429,False,LightGBM
2025-12-19,SKU014,2025-12-01,18.87874698761497,21.0,18.857142857142858,False,LightGBM
2025-12-19,SKU015,2025-12-01,3.8719062938203646,2.0,3.2857142857142856,False,LightGBM
2025-12-19,SKU016,2025-12-01,11.4099542399865,11.0,11.892857142857142,False,LightGBM
2025-12-19,SKU017,2025-12-01,11.964493731007458,11.0,13.142857142857142,False,LightGBM
2025-12-19,SKU018,2025-12-01,22.393225261637113,26.0,21.464285714285715,False,LightGBM
2025-12-19,SKU019,2025-12-01,13.4483519664512,9.0,14.75,False,LightGBM
2025-12-19,SKU020,2025-12-01,11.745132514526588,5.0,12.428571428571429,False,LightGBM
2025-12-19,SKU021,2025-12-01,7.087787372699569,4.0,6.464285714285714,False,LightGBM
2025-12-19,SKU022,2025-12-01,8.485610154900183,7.0,8.714285714285714,False,LightGBM
2025-12-19,SKU023,2025-12-01,12.30497440969878,18.0,12.75,False,LightGBM
2025-12-19,SKU024,2025-12-01,11.24080109411396,10.0,11.428571428571429,False,LightGBM
2025-12-19,SKU025,2025-12-01,2.660742381077823,1.0,2.0357142857142856,False,LightGBM
2025-12-19,SKU026,2025-12-01,19.49548942676125,23.0,18.25,False,LightGBM
2025-12-19,SKU027,2025-12-01,21.590446304035467,22.0,22.178571428571427,False,LightGBM
2025-12-19,SKU028,2025-12-01,5.279213189280415,4.0,5.107142857142857,False,LightGBM
2025-12-19,SKU029,2025-12-01,13.751850749643786,10.0,13.535714285714286,False,LightGBM
2025-12-19,SKU030,2025-12-01,4.349990073657369,5.0,4.214285714285714,False,LightGBM
2025-12-19,SKU031,2025-12-01,16.36602260758353,16.0,16.321428571428573,False,LightGBM
2025-12-19,SKU032,2025-12-01,8.042205133030789,8.0,8.392857142857142,False,LightGBM
2025-12-19,SKU033,2025-12-01,15.59296406584431,10.0,17.0,False,LightGBM
2025-12-19,SKU034,2025-12-01,18.608433742073007,12.0,18.214285714285715,False,LightGBM
2025-12-19,SKU035,2025-12-01,19.289923902759956,22.0,17.892857142857142,False,LightGBM
2025-12-19,SKU036,2025-12-01,4.818883806517246,3.0,4.392857142857143,False,LightGBM
2025-12-19,SKU037,2025-12-01,21.82781307933601,19.0,22.535714285714285,False,LightGBM
2025-12-19,SKU038,2025-12-01,7.235903548532518,6.0,7.857142857142857,False,LightGBM
2025-12-19,SKU039,2025-12-01,2.7127948408288924,2.0,2.607142857142857,False,LightGBM
2025-12-19,SKU040,2025-12-01,12.426984476947714,11.0,12.464285714285714,False,LightGBM
2025-12-19,SKU041,2025-12-01,9.656385523963657,13.0,9.964285714285714,False,LightGBM
2025-12-19,SKU042,2025-12-01,18.948384283348116,22.0,19.25,False,LightGBM
2025-12-19,SKU043,2025-12-01,18.789743194149665,20.0,19.642857142857142,False,LightGBM
2025-12-19,SKU044,2025-12-01,7.74926851917844,7.0,7.642857142857143,False,LightGBM
2025-12-19,SKU045,2025-12-01,22.127564333489865,24.0,22.25,False,LightGBM
2025-12-19,SKU046,2025-12-01,7.834551085182585,6.0,7.5,False,LightGBM
2025-12-19,SKU047,2025-12-01,11.9255442531056,13.0,13.357142857142858,False,LightGBM
2025-12-19,SKU048,2025-12-01,7.249711368453255,5.0,7.464285714285714,False,LightGBM
2025-12-19,SKU049,2025-12-01,21.44403297845748,21.0,21.785714285714285,False,LightGBM
2025-12-19,SKU050,2025-12-01,5.2982742516242975,4.0,5.607142857142857,False,LightGBM
2025-12-20,SKU001,2025-12-01,14.022521159289882,16.0,12.392857142857142,False,LightGBM
2025-12-20,SKU002,2025-12-01,10.16370760001278,14.0,9.357142857142858,False,LightGBM
2025-12-20,SKU003,2025-12-01,5.377071817902477,6.0,5.214285714285714,False,LightGBM
2025-12-20,SKU004,2025-12-01,4.279835561773855,5.0,3.857142857142857,False,LightGBM
2025-12-20,SKU005,2025-12-01,16.483314363257954,14.0,15.392857142857142,False,LightGBM
2025-12-20,SKU006,2025-12-01,6.273421974669912,4.0,5.535714285714286,False,LightGBM
2025-12-20,SKU007,2025-12-01,24.583258694028302,29.0,21.821428571428573,False,LightGBM
2025-12-20,SKU008,2025-12-01,16.046974442531315,13.0,14.785714285714286,False,LightGBM
2025-12-20,SKU009,2025-12-01,10.307283936012261,12.0,8.785714285714286,False,LightGBM
2025-12-20,SKU010,2025-12-01,16.234903092854708,17.0,14.357142857142858,False,LightGBM
2025-12-20,SKU011,2025-12-01,2.754814809210826,6.0,2.4285714285714284,False,LightGBM
2025-12-20,SKU012,2025-12-01,25.9615256094224,31.0,22.642857142857142,False,LightGBM
2025-12-20,SKU013,2025-12-01,13.51506192252766,14.0,12.428571428571429,False,LightGBM
2025-12-20,SKU014,2025-12-01,21.716359593295586,22.0,18.857142857142858,False,LightGBM
2025-12-20,SKU015,2025-12-01,4.155706680676884,9.0,3.2857142857142856,False,LightGBM
2025-12-20,SKU016,2025-12-01,12.839878770842859,9.0,11.892857142857142,False,LightGBM
2025-12-20,SKU017,2025-12-01,13.741519804728496,19.0,13.142857142857142,False,LightGBM
2025-12-20,SKU018,2025-12-01,26.060688121331577,19.0,21.464285714285715,False,LightGBM
2025-12-20,SKU019,2025-12-01,15.236082712275815,16.0,14.75,False,LightGBM
2025-12-20,SKU020,2025-12-01,13.67391054421633,19.0,12.428571428571429,False,LightGBM
2025-12-20,SKU021,2025-12-01,7.83147666258877,10.0,6.464285714285714,False,LightGBM
2025-12-20,SKU022,2025-12-01,10.027242543050644,11.0,8.714285714285714,False,LightGBM
2025-12-20,SKU023,2025-12-01,14.024776113483995,15.0,12.75,False,LightGBM
2025-12-20,SKU024,2025-12-01,12.3825500432059,20.0,11.428571428571429,False,LightGBM
2025-12-20,SKU025,2025-12-01,2.8909972130635673,0.0,2.0357142857142856,False,LightGBM
2025-12-20,SKU026,2025-12-01,21.410042608890574,25.0,18.25,False,LightGBM
2025-12-20,SKU027,2025-12-01,24.47682605222985,38.0,22.178571428571427,False,LightGBM
2025-12-20,SKU028,2025-12-01,5.731767936553656,6.0,5.107142857142857,False,LightGBM
2025-12-20,SKU029,2025-12-01,16.532651753047414,13.0,13.535714285714286,False,LightGBM
2025-12-20,SKU030,2025-12-01,4.812429290470821,8.0,4.214285714285714,False,LightGBM
2025-12-20,SKU031,2025-12-01,17.094523185926338,19.0,16.321428571428573,False,LightGBM
2025-12-20,SKU032,2025-12-01,9.15211801883498,12.0,8.392857142857142,False,LightGBM
2025-12-20,SKU033,2025-12-01,16.955186087959447,29.0,17.0,False,LightGBM
2025-12-20,SKU034,2025-12-01,21.33181757522588,26.0,18.214285714285715,False,LightGBM
2025-12-20,SKU035,2025-12-01,23.060575735522526,25.0,17.892857142857142,False,LightGBM
2025-12-20,SKU036,2025-12-01,4.8800173220571255,6.0,4.392857142857143,False,LightGBM
2025-12-20,SKU037,2025-12-01,26.114868907648916,23.0,22.535714285714285,False,LightGBM
2025-12-20,SKU038,2025-12-01,7.805226254644767,9.0,7.857142857142857,False,LightGBM
2025-12-20,SKU039,2025-12-01,2.9467822916618336,3.0,2.607142857142857,False,LightGBM
2025-12-20,SKU040,2025-12-01,14.667057243410886,14.0,12.464285714285714,False,LightGBM
2025-12-20,SKU041,2025-12-01,11.216723549671888,13.0,9.964285714285714,False,LightGBM
2025-12-20,SKU042,2025-12-01,23.4285250192307,28.0,19.25,False,LightGBM
2025-12-20,SKU043,2025-12-01,20.877104652499515,23.0,19.642857142857142,False,LightGBM
2025-12-20,SKU044,2025-12-01,8.560850021474112,14.0,7.642857142857143,False,LightGBM
2025-12-20,SKU045,2025-12-01,25.557255259451136,30.0,22.25,False,LightGBM
2025-12-20,SKU046,2025-12-01,8.619157848841825,12.0,7.5,False,LightGBM
2025-12-20,SKU047,2025-12-01,13.464425503917937,10.0,13.357142857142858,False,LightGBM
2025-12-20,SKU048,2025-12-01,7.921591394333662,9.0,7.464285714285714,False,LightGBM
2025-12-20,SKU049,2025-12-01,25.068166531415034,22.0,21.785714285714285,False,LightGBM
2025-12-20,SKU050,2025-12-01,5.79302224807804,6.0,5.607142857142857,False,LightGBM
2025-12-21,SKU001,2025-12-01,14.2331289709459,16.0,12.392857142857142,False,LightGBM
2025-12-21,SKU002,2025-12-01,10.297130434839694,7.0,9.357142857142858,False,LightGBM
2025-12-21,SKU003,2025-12-01,5.433303940974792,7.0,5.214285714285714,False,LightGBM
2025-12-21,SKU004,2025-12-01,4.384176059636379,5.0,3.857142857142857,False,LightGBM
2025-12-21,SKU005,2025-12-01,16.565983496741744,26.0,15.392857142857142,False,LightGBM
2025-12-21,SKU006,2025-12-01,6.13321805434316,6.0,5.535714285714286,False,LightGBM
2025-12-21,SKU007,2025-12-01,24.788871479553272,33.0,21.821428571428573,False,LightGBM
2025-12-21,SKU008,2025-12-01,16.182391259406106,27.0,14.785714285714286,False,LightGBM
2025-12-21,SKU009,2025-12-01,10.294996194787887,11.0,8.785714285714286,False,LightGBM
2025-12-21,SKU010,2025-12-01,16.125154542646612,24.0,14.357142857142858,False,LightGBM
2025-12-21,SKU011,2025-12-01,2.7595402546741545,2.0,2.4285714285714284,False,LightGBM
2025-12-21,SKU012,2025-12-01,25.777324053149254,25.0,22.642857142857142,False,LightGBM
2025-12-21,SKU013,2025-12-01,13.767804901171331,22.0,12.428571428571429,False,LightGBM
2025-12-21,SKU014,2025-12-01,20.836989637433152,36.0,18.857142857142858,False,LightGBM
2025-12-21,SKU015,2025-12-01,4.171903313486037,5.0,3.2857142857142856,False,LightGBM
2025-12-21,SKU016,2025-12-01,12.963432820487393,14.0,11.892857142857142,False,LightGBM
2025-12-21,SKU017,2025-12-01,13.631308178166119,16.0,13.142857142857142,False,LightGBM
2025-12-21,SKU018,2025-12-01,25.663382091872318,26.0,21.464285714285715,False,LightGBM
2025-12-21,SKU019,2025-12-01,15.250406662890164,16.0,14.75,False,LightGBM
2025-12-21,SKU020,2025-12-01,13.771383940232587,17.0,12.428571428571429,False,LightGBM
2025-12-21,SKU021,2025-12-01,7.930333850730527,5.0,6.464285714285714,False,LightGBM
2025-12-21,SKU022,2025-12-01,9.755405167257042,20.0,8.714285714285714,False,LightGBM
2025-12-21,SKU023,2025-12-01,13.89788520380251,12.0,12.75,False,LightGBM
2025-12-21,SKU024,2025-12-01,12.932873223962972,14.0,11.428571428571429,False,LightGBM
2025-12-21,SKU025,2025-12-01,2.9008101455049666,4.0,2.0357142857142856,False,LightGBM
2025-12-21,SKU026,2025-12-01,22.498091587430977,24.0,18.25,False,LightGBM
2025-12-21,SKU027,2025-12-01,25.12700135689722,21.0,22.178571428571427,False,LightGBM
2025-12-21,SKU028,2025-12-01,5.708824458287693,4.0,5.107142857142857,False,LightGBM
2025-12-21,SKU029,2025-12-01,15.91664922522233,18.0,13.535714285714286,False,LightGBM
2025-12-21,SKU030,2025-12-01,4.847352597497298,5.0,4.214285714285714,False,LightGBM
2025-12-21,SKU031,2025-12-01,17.78212804867702,22.0,16.321428571428573,False,LightGBM
2025-12-21,SKU032,2025-12-01,9.161994537475758,9.0,8.392857142857142,False,LightGBM
2025-12-21,SKU033,2025-12-01,17.42252833283009,27.0,17.0,False,LightGBM
2025-12-21,SKU034,2025-12-01,22.24794346108917,27.0,18.214285714285715,False,LightGBM
2025-12-21,SKU035,2025-12-01,21.36176886049814,21.0,17.892857142857142,False,LightGBM
2025-12-21,SKU036,2025-12-01,4.886400352588063,5.0,4.392857142857143,False,LightGBM
2025-12-21,SKU037,2025-12-01,26.445071625025896,32.0,22.535714285714285,False,LightGBM
2025-12-21,SKU038,2025-12-01,7.799176467604211,16.0,7.857142857142857,False,LightGBM
2025-12-21,SKU039,2025-12-01,2.990189866600736,3.0,2.607142857142857,False,LightGBM
2025-12-21,SKU040,2025-12-01,14.850777507610426,15.0,12.464285714285714,False,LightGBM
2025-12-21,SKU041,2025-12-01,11.406693239655587,16.0,9.964285714285714,False,LightGBM
2025-12-21,SKU042,2025-12-01,21.97578129166349,19.0,19.25,False,LightGBM
2025-12-21,SKU043,2025-12-01,20.839559649684123,20.0,19.642857142857142,False,LightGBM
2025-12-21,SKU044,2025-12-01,9.282594785892543,7.0,7.642857142857143,False,LightGBM
2025-12-21,SKU045,2025-12-01,25.700814110725393,34.0,22.25,False,LightGBM
2025-12-21,SKU046,2025-12-01,8.529481355108878,9.0,7.5,False,LightGBM
2025-12-21,SKU047,2025-12-01,13.513095872794818,23.0,13.357142857142858,False,LightGBM
2025-12-21,SKU048,2025-12-01,8.036184394753416,10.0,7.464285714285714,False,LightGBM
2025-12-21,SKU049,2025-12-01,25.272129199482038,41.0,21.785714285714285,False,LightGBM
2025-12-21,SKU050,2025-12-01,5.7153427978730535,5.0,5.607142857142857,False,LightGBM
2025-12-22,SKU001,2025-12-01,11.944824110314485,14.0,12.392857142857142,False,LightGBM
2025-12-22,SKU002,2025-12-01,8.839701196575138,10.0,9.357142857142858,False,LightGBM
2025-12-22,SKU003,2025-12-01,4.893808932724713,6.0,5.214285714285714,False,LightGBM
2025-12-22,SKU004,2025-12-01,3.953359640452259,2.0,3.857142857142857,False,LightGBM
2025-12-22,SKU005,2025-12-01,14.805154520659084,8.0,15.392857142857142,False,LightGBM
2025-12-22,SKU006,2025-12-01,5.734598327971975,3.0,5.535714285714286,False,LightGBM
2025-12-22,SKU007,2025-12-01,21.66990480157835,28.0,21.821428571428573,False,LightGBM
2025-12-22,SKU008,2025-12-01,13.77184876514734,19.0,14.785714285714286,False,LightGBM
2025-12-22,SKU009,2025-12-01,9.092939807812142,5.0,8.785714285714286,False,LightGBM
2025-12-22,SKU010,2025-12-01,14.641931501313454,8.0,14.357142857142858,False,LightGBM
2025-12-22,SKU011,2025-12-01,2.4910935397059637,1.0,2.4285714285714284,False,LightGBM
2025-12-22,SKU012,2025-12-01,22.60457312225171,18.0,22.642857142857142,False,LightGBM
2025-12-22,SKU013,2025-12-01,11.725261442759066,16.0,12.428571428571429,False,LightGBM
2025-12-22,SKU014,2025-12-01,18.426827342654036,14.0,18.857142857142858,False,LightGBM
2025-12-22,SKU015,2025-12-01,3.7985875787988883,1.0,3.2857142857142856,False,LightGBM
2025-12-22,SKU016,2025-12-01,11.433055178202386,10.0,11.892857142857142,False,LightGBM
2025-12-22,SKU017,2025-12-01,11.950793537939466,11.0,13.142857142857142,False,LightGBM
2025-12-22,SKU018,2025-12-01,22.393069401207427,18.0,21.464285714285715,False,LightGBM
2025-12-22,SKU019,2025-12-01,13.467895368231993,17.0,14.75,False,LightGBM
2025-12-22,SKU020,2025-12-01,11.692243570352147,12.0,12.428571428571429,False,LightGBM
2025-12-22,SKU021,2025-12-01,7.22467249888003,8.0,6.464285714285714,False,LightGBM
2025-12-22,SKU022,2025-12-01,8.318147087276218,10.0,8.714285714285714,False,LightGBM
2025-12-22,SKU023,2025-12-01,12.137287675574047,7.0,12.75,False,LightGBM
2025-12-22,SKU024,2025-12-01,11.148120094496303,5.0,11.428571428571429,False,LightGBM
2025-12-22,SKU025,2025-12-01,2.5943761601158086,0.0,2.0357142857142856,False,LightGBM
2025-12-22,SKU026,2025-12-01,19.728721609417146,16.0,18.25,False,LightGBM
2025-12-22,SKU027,2025-12-01,22.347040252898065,20.0,22.178571428571427,False,LightGBM
2025-12-22,SKU028,2025-12-01,5.274340152149777,5.0,5.107142857142857,False,LightGBM
2025-12-22,SKU029,2025-12-01,13.589451964078364,16.0,13.535714285714286,False,LightGBM
2025-12-22,SKU030,2025-12-01,4.251082579623876,3.0,4.214285714285714,False,LightGBM
2025-12-22,SKU031,2025-12-01,15.489348621222792,14.0,16.321428571428573,False,LightGBM
2025-12-22,SKU032,2025-12-01,7.842547538602468,5.0,8.392857142857142,False,LightGBM
2025-12-22,SKU033,2025-12-01,15.507518429199004,12.0,17.0,False,LightGBM
2025-12-22,SKU034,2025-12-01,17.913715998858013,18.0,18.214285714285715,False,LightGBM
2025-12-22,SKU035,2025-12-01,17.66074750965217,9.0,17.892857142857142,False,LightGBM
2025-12-22,SKU036,2025-12-01,4.471269272409535,5.0,4.392857142857143,False,LightGBM
2025-12-22,SKU037,2025-12-01,22.385887201828755,19.0,22.535714285714285,False,LightGBM
2025-12-22,SKU038,2025-12-01,7.055843706719014,6.0,7.857142857142857,False,LightGBM
2025-12-22,SKU039,2025-12-01,2.652162706051289,0.0,2.607142857142857,False,LightGBM
2025-12-22,SKU040,2025-12-01,12.65804848315126,8.0,12.464285714285714,False,LightGBM
2025-12-22,SKU041,2025-12-01,9.957641193615963,8.0,9.964285714285714,False,LightGBM
2025-12-22,SKU042,2025-12-01,18.4448405090412,14.0,19.25,False,LightGBM
2025-12-22,SKU043,2025-12-01,18.903009512718562,11.0,19.642857142857142,False,LightGBM
2025-12-22,SKU044,2025-12-01,7.764016296061921,7.0,7.642857142857143,False,LightGBM
2025-12-22,SKU045,2025-12-01,22.75955915101255,18.0,22.25,False,LightGBM
2025-12-22,SKU046,2025-12-01,7.792518775614789,6.0,7.5,False,LightGBM
2025-12-22,SKU047,2025-12-01,11.992767791049724,14.0,13.357142857142858,False,LightGBM
2025-12-22,SKU048,2025-12-01,7.20691910980865,6.0,7.464285714285714,False,LightGBM
2025-12-22,SKU049,2025-12-01,21.67279135394242,17.0,21.785714285714285,False,LightGBM
2025-12-22,SKU050,2025-12-01,5.3083724391873055,3.0,5.607142857142857,False,LightGBM
2025-12-23,SKU001,2025-12-01,12.10407070490253,12.0,12.392857142857142,False,LightGBM
2025-12-23,SKU002,2025-12-01,8.773425543429196,12.0,9.357142857142858,False,LightGBM
2025-12-23,SKU003,2025-12-01,4.818702548012784,4.0,5.214285714285714,False,LightGBM
2025-12-23,SKU004,2025-12-01,3.9683620544699982,0.0,3.857142857142857,False,LightGBM
2025-12-23,SKU005,2025-12-01,14.870493520900512,18.0,15.392857142857142,False,LightGBM
2025-12-23,SKU006,2025-12-01,5.750779020798353,3.0,5.535714285714286,False,LightGBM
2025-12-23,SKU007,2025-12-01,22.231578174813954,24.0,21.821428571428573,False,LightGBM
2025-12-23,SKU008,2025-12-01,13.54511970179506,15.0,14.785714285714286,False,LightGBM
2025-12-23,SKU009,2025-12-01,9.191498067385613,11.0,8.785714285714286,False,LightGBM
2025-12-23,SKU010,2025-12-01,14.579646001732765,18.0,14.357142857142858,False,LightGBM
2025-12-23,SKU011,2025-12-01,2.5060178388229275,1.0,2.4285714285714284,False,LightGBM
2025-12-23,SKU012,2025-12-01,22.804189396569413,20.0,22.642857142857142,False,LightGBM
2025-12-23,SKU013,2025-12-01,11.760186150108245,15.0,12.428571428571429,False,LightGBM
2025-12-23,SKU014,2025-12-01,18.677629683582367,17.0,18.857142857142858,False,LightGBM
2025-12-23,SKU015,2025-12-01,3.912719759796935,2.0,3.2857142857142856,False,LightGBM
2025-12-23,SKU016,2025-12-01,11.39739246750625,9.0,11.892857142857142,False,LightGBM
2025-12-23,SKU017,2025-12-01,12.204009875750346,7.0,13.142857142857142,False,LightGBM
2025-12-23,SKU018,2025-12-01,22.31672213049017,18.0,21.464285714285715,False,LightGBM
2025-12-23,SKU019,2025-12-01,13.133375436712555,9.0,14.75,False,LightGBM
2025-12-23,SKU020,2025-12-01,11.719081722654218,15.0,12.428571428571429,False,LightGBM
2025-12-23,SKU021,2025-12-01,7.238546152171357,9.0,6.464285714285714,False,LightGBM
2025-12-23,SKU022,2025-12-01,8.467627251960527,7.0,8.714285714285714,False,LightGBM
2025-12-23,SKU023,2025-12-01,12.447910831391187,22.0,12.75,False,LightGBM
2025-12-23,SKU024,2025-12-01,11.266813030570635,7.0,11.428571428571429,False,LightGBM
2025-12-23,SKU025,2025-12-01,2.5912416503255757,2.0,2.0357142857142856,False,LightGBM
2025-12-23,SKU026,2025-12-01,19.512206829851955,8.0,18.25,False,LightGBM
2025-12-23,SKU027,2025-12-01,21.57912159028832,23.0,22.178571428571427,False,LightGBM
2025-12-23,SKU028,2025-12-01,5.302272191768854,6.0,5.107142857142857,False,LightGBM
2025-12-23,SKU029,2025-12-01,13.694578981060378,10.0,13.535714285714286,False,LightGBM
2025-12-23,SKU030,2025-12-01,4.285344913514161,0.0,4.214285714285714,False,LightGBM
2025-12-23,SKU031,2025-12-01,15.497054289342701,11.0,16.321428571428573,False,LightGBM
2025-12-23,SKU032,2025-12-01,7.985268459334952,2.0,8.392857142857142,False,LightGBM
2025-12-23,SKU033,2025-12-01,15.332508468884365,11.0,17.0,False,LightGBM
2025-12-23,SKU034,2025-12-01,18.10146789436262,18.0,18.214285714285715,False,LightGBM
2025-12-23,SKU035,2025-12-01,18.60376453155781,18.0,17.892857142857142,False,LightGBM
2025-12-23,SKU036,2025-12-01,4.4039588851131075,2.0,4.392857142857143,False,LightGBM
2025-12-23,SKU037,2025-12-01,22.3681283270083,16.0,22.535714285714285,False,LightGBM
2025-12-23,SKU038,2025-12-01,7.114648655932308,8.0,7.857142857142857,False,LightGBM
2025-12-23,SKU039,2025-12-01,2.6490281962610562,0.0,2.607142857142857,False,LightGBM
2025-12-23,SKU040,2025-12-01,12.839803064331052,11.0,12.464285714285714,False,LightGBM
2025-12-23,SKU041,2025-12-01,9.97930109512124,17.0,9.964285714285714,False,LightGBM
2025-12-23,SKU042,2025-12-01,19.326139510454002,22.0,19.25,False,LightGBM
2025-12-23,SKU043,2025-12-01,18.87929872929647,15.0,19.642857142857142,False,LightGBM
2025-12-23,SKU044,2025-12-01,7.8211236141535565,11.0,7.642857142857143,False,LightGBM
2025-12-23,SKU045,2025-12-01,22.44798900260411,26.0,22.25,False,LightGBM
2025-12-23,SKU046,2025-12-01,7.891908875524709,8.0,7.5,False,LightGBM
2025-12-23,SKU047,2025-12-01,12.01830601583405,10.0,13.357142857142858,False,LightGBM
2025-12-23,SKU048,2025-12-01,7.157328740431868,2.0,7.464285714285714,False,LightGBM
2025-12-23,SKU049,2025-12-01,21.581105869668917,18.0,21.785714285714285,False,LightGBM
2025-12-23,SKU050,2025-12-01,5.335894310340009,2.0,5.607142857142857,False,LightGBM
2025-12-24,SKU001,2025-12-01,12.075549203758937,6.0,12.392857142857142,False,LightGBM
2025-12-24,SKU002,2025-12-01,8.855082955982343,5.0,9.357142857142858,False,LightGBM
2025-12-24,SKU003,2025-12-01,4.818702548012784,4.0,5.214285714285714,False,LightGBM
2025-12-24,SKU004,2025-12-01,4.067813843001585,4.0,3.857142857142857,False,LightGBM
2025-12-24,SKU005,2025-12-01,15.083662997998744,15.0,15.392857142857142,False,LightGBM
2025-12-24,SKU006,2025-12-01,5.923559920902947,7.0,5.535714285714286,False,LightGBM
2025-12-24,SKU007,2025-12-01,21.986876449363585,20.0,21.821428571428573,False,LightGBM
2025-12-24,SKU008,2025-12-01,13.490847227037436,15.0,14.785714285714286,False,LightGBM
2025-12-24,SKU009,2025-12-01,9.140009474405396,10.0,8.785714285714286,False,LightGBM
2025-12-24,SKU010,2025-12-01,14.79124225776066,11.0,14.357142857142858,False,LightGBM
2025-12-24,SKU011,2025-12-01,2.4649480170211535,2.0,2.4285714285714284,False,LightGBM
2025-12-24,SKU012,2025-12-01,22.044530430704913,23.0,22.642857142857142,False,LightGBM
2025-12-24,SKU013,2025-12-01,11.760186150108245,15.0,12.428571428571429,False,LightGBM
2025-12-24,SKU014,2025-12-01,18.057382409878173,23.0,18.857142857142858,False,LightGBM
2025-12-24,SKU015,2025-12-01,4.094665491523737,4.0,3.2857142857142856,False,LightGBM
2025-12-24,SKU016,2025-12-01,11.28931528838033,10.0,11.892857142857142,False,LightGBM
2025-12-24,SKU017,2025-12-01,12.14138743195356,9.0,13.142857142857142,False,LightGBM
2025-12-24,SKU018,2025-12-01,21.884983470457637,26.0,21.464285714285715,False,LightGBM
2025-12-24,SKU019,2025-12-01,13.320647532888517,9.0,14.75,False,LightGBM
2025-12-24,SKU020,2025-12-01,11.793098364005134,15.0,12.428571428571429,False,LightGBM
2025-12-24,SKU021,2025-12-01,7.238546152171357,9.0,6.464285714285714,False,LightGBM
2025-12-24,SKU022,2025-12-01,8.452153755905274,7.0,8.714285714285714,False,LightGBM
2025-12-24,SKU023,2025-12-01,12.088555485239516,6.0,12.75,False,LightGBM
2025-12-24,SKU024,2025-12-01,11.358280679144174,12.0,11.428571428571429,False,LightGBM
2025-12-24,SKU025,2025-12-01,2.5757681542703237,1.0,2.0357142857142856,False,LightGBM
2025-12-24,SKU026,2025-12-01,18.894112022696383,11.0,18.25,False,LightGBM
2025-12-24,SKU027,2025-12-01,22.34985276147465,17.0,22.178571428571427,False,LightGBM
2025-12-24,SKU028,2025-12-01,5.189351086535973,4.0,5.107142857142857,False,LightGBM
2025-12-24,SKU029,2025-12-01,13.80283763562246,15.0,13.535714285714286,False,LightGBM
2025-12-24,SKU030,2025-12-01,4.285344913514161,2.0,4.214285714285714,False,LightGBM
2025-12-24,SKU031,2025-12-01,15.539409412447341,14.0,16.321428571428573,False,LightGBM
2025-12-24,SKU032,2025-12-01,8.068371963951282,4.0,8.392857142857142,False,LightGBM
2025-12-24,SKU033,2025-12-01,15.805132733456322,19.0,17.0,False,LightGBM
2025-12-24,SKU034,2025-12-01,17.450359398481556,14.0,18.214285714285715,False,LightGBM
2025-12-24,SKU035,2025-12-01,18.298946366861017,22.0,17.892857142857142,False,LightGBM
2025-12-24,SKU036,2025-12-01,4.4876449084778045,7.0,4.392857142857143,False,LightGBM
2025-12-24,SKU037,2025-12-01,22.266712269011492,20.0,22.535714285714285,False,LightGBM
2025-12-24,SKU038,2025-12-01,7.114648655932308,8.0,7.857142857142857,False,LightGBM
2025-12-24,SKU039,2025-12-01,2.6490281962610562,2.0,2.607142857142857,False,LightGBM
2025-12-24,SKU040,2025-12-01,12.500120284966977,5.0,12.464285714285714,False,LightGBM
2025-12-24,SKU041,2025-12-01,9.7622619038631,9.0,9.964285714285714,False,LightGBM
2025-12-24,SKU042,2025-12-01,19.186667806284134,19.0,19.25,False,LightGBM
2025-12-24,SKU043,2025-12-01,18.669472341003562,12.0,19.642857142857142,False,LightGBM
2025-12-24,SKU044,2025-12-01,7.674940058705099,4.0,7.642857142857143,False,LightGBM
2025-12-24,SKU045,2025-12-01,23.152961087243888,15.0,22.25,False,LightGBM
2025-12-24,SKU046,2025-12-01,7.809010393548187,6.0,7.5,False,LightGBM
2025-12-24,SKU047,2025-12-01,12.039540019372136,8.0,13.357142857142858,False,LightGBM
2025-12-24,SKU048,2025-12-01,7.100785422574843,2.0,7.464285714285714,False,LightGBM
2025-12-24,SKU049,2025-12-01,21.058271525312456,22.0,21.785714285714285,False,LightGBM
2025-12-24,SKU050,2025-12-01,5.315890465042422,5.0,5.607142857142857,False,LightGBM
2025-12-25,SKU001,2025-12-01,12.174285175885274,10.0,12.392857142857142,False,LightGBM
2025-12-25,SKU002,2025-12-01,8.915664620182447,11.0,9.357142857142858,False,LightGBM
2025-12-25,SKU003,2025-12-01,4.91603701347413,1.0,5.214285714285714,False,LightGBM
2025-12-25,SKU004,2025-12-01,4.130096784326719,3.0,3.857142857142857,False,LightGBM
2025-12-25,SKU005,2025-12-01,14.991776314563902,10.0,15.392857142857142,False,LightGBM
2025-12-25,SKU006,2025-12-01,5.986295155749967,9.0,5.535714285714286,False,LightGBM
2025-12-25,SKU007,2025-12-01,21.7265006522842,20.0,21.821428571428573,False,LightGBM
2025-12-25,SKU008,2025-12-01,13.671677528079915,9.0,14.785714285714286,False,LightGBM
2025-12-25,SKU009,2025-12-01,9.095736468528555,10.0,8.785714285714286,False,LightGBM
2025-12-25,SKU010,2025-12-01,14.589890082298258,12.0,14.357142857142858,False,LightGBM
2025-12-25,SKU011,2025-12-01,2.5152375177602844,1.0,2.4285714285714284,False,LightGBM
2025-12-25,SKU012,2025-12-01,22.59321150636422,19.0,22.642857142857142,False,LightGBM
2025-12-25,SKU013,2025-12-01,11.96806257632269,7.0,12.428571428571429,False,LightGBM
2025-12-25,SKU014,2025-12-01,18.98555312295565,18.0,18.857142857142858,False,LightGBM
2025-12-25,SKU015,2025-12-01,4.293200892006958,8.0,3.2857142857142856,False,LightGBM
2025-12-25,SKU016,2025-12-01,11.454709140919801,8.0,11.892857142857142,False,LightGBM
2025-12-25,SKU017,2025-12-01,12.289069919624778,17.0,13.142857142857142,False,LightGBM
2025-12-25,SKU018,2025-12-01,22.49192226195845,19.0,21.464285714285715,False,LightGBM
2025-12-25,SKU019,2025-12-01,13.380911976127008,12.0,14.75,False,LightGBM
2025-12-25,SKU020,2025-12-01,11.832826741684697,14.0,12.428571428571429,False,LightGBM
2025-12-25,SKU021,2025-12-01,7.207414414011018,2.0,6.464285714285714,False,LightGBM
2025-12-25,SKU022,2025-12-01,8.803089801821839,7.0,8.714285714285714,False,LightGBM
2025-12-25,SKU023,2025-12-01,12.22627749458565,10.0,12.75,False,LightGBM
2025-12-25,SKU024,2025-12-01,11.274174856747905,8.0,11.428571428571429,False,LightGBM
2025-12-25,SKU025,2025-12-01,2.6260576550094545,1.0,2.0357142857142856,False,LightGBM
2025-12-25,SKU026,2025-12-01,18.999203287194007,19.0,18.25,False,LightGBM
2025-12-25,SKU027,2025-12-01,22.4604725615083,21.0,22.178571428571427,False,LightGBM
2025-12-25,SKU028,2025-12-01,5.374552329203713,5.0,5.107142857142857,False,LightGBM
2025-12-25,SKU029,2025-12-01,13.643595645257383,14.0,13.535714285714286,False,LightGBM
2025-12-25,SKU030,2025-12-01,4.354813553801595,3.0,4.214285714285714,False,LightGBM
2025-12-25,SKU031,2025-12-01,15.605635612585047,8.0,16.321428571428573,False,LightGBM
2025-12-25,SKU032,2025-12-01,8.154768294117401,10.0,8.392857142857142,False,LightGBM
2025-12-25,SKU033,2025-12-01,15.603475328032571,13.0,17.0,False,LightGBM
2025-12-25,SKU034,2025-12-01,17.796194010969597,15.0,18.214285714285715,False,LightGBM
2025-12-25,SKU035,2025-12-01,18.013822179189205,14.0,17.892857142857142,False,LightGBM
2025-12-25,SKU036,2025-12-01,4.5688127523185225,3.0,4.392857142857143,False,LightGBM
2025-12-25,SKU037,2025-12-01,21.87910299127336,15.0,22.535714285714285,False,LightGBM
2025-12-25,SKU038,2025-12-01,7.193912593886451,8.0,7.857142857142857,False,LightGBM
2025-12-25,SKU039,2025-12-01,2.7162838305072587,3.0,2.607142857142857,False,LightGBM
2025-12-25,SKU040,2025-12-01,13.311654075427837,12.0,12.464285714285714,False,LightGBM
2025-12-25,SKU041,2025-12-01,9.93523867623282,7.0,9.964285714285714,False,LightGBM
2025-12-25,SKU042,2025-12-01,19.307987767367273,18.0,19.25,False,LightGBM
2025-12-25,SKU043,2025-12-01,19.390823346487487,12.0,19.642857142857142,False,LightGBM
2025-12-25,SKU044,2025-12-01,7.864026358128219,7.0,7.642857142857143,False,LightGBM
2025-12-25,SKU045,2025-12-01,22.956471512099466,17.0,22.25,False,LightGBM
2025-12-25,SKU046,2025-12-01,7.844856099540789,5.0,7.5,False,LightGBM
2025-12-25,SKU047,2025-12-01,12.19576983565037,12.0,13.357142857142858,False,LightGBM
2025-12-25,SKU048,2025-12-01,7.4521658502215695,2.0,7.464285714285714,False,LightGBM
2025-12-25,SKU049,2025-12-01,20.893182055602047,18.0,21.785714285714285,False,LightGBM
2025-12-25,SKU050,2025-12-01,5.461976966711966,5.0,5.607142857142857,False,LightGBM
2025-12-26,SKU001,2025-12-01,12.267838205544761,10.0,12.392857142857142,False,LightGBM
2025-12-26,SKU002,2025-12-01,9.1659417260524,7.0,9.357142857142858,False,LightGBM
2025-12-26,SKU003,2025-12-01,4.978696804873237,1.0,5.214285714285714,False,LightGBM
2025-12-26,SKU004,2025-12-01,4.157650444845046,3.0,3.857142857142857,False,LightGBM
2025-12-26,SKU005,2025-12-01,14.956424017632846,9.0,15.392857142857142,False,LightGBM
2025-12-26,SKU006,2025-12-01,6.0384606633057665,8.0,5.535714285714286,False,LightGBM
2025-12-26,SKU007,2025-12-01,21.615916526662847,27.0,21.821428571428573,False,LightGBM
2025-12-26,SKU008,2025-12-01,13.681291333965957,19.0,14.785714285714286,False,LightGBM
2025-12-26,SKU009,2025-12-01,9.111584449591255,7.0,8.785714285714286,False,LightGBM
2025-12-26,SKU010,2025-12-01,14.606390072344146,14.0,14.357142857142858,False,LightGBM
2025-12-26,SKU011,2025-12-01,2.557250866353607,2.0,2.4285714285714284,False,LightGBM
2025-12-26,SKU012,2025-12-01,22.277042719461736,25.0,22.642857142857142,False,LightGBM
2025-12-26,SKU013,2025-12-01,11.993556917165366,6.0,12.428571428571429,False,LightGBM
2025-12-26,SKU014,2025-12-01,19.261654720443627,21.0,18.857142857142858,False,LightGBM
2025-12-26,SKU015,2025-12-01,3.944594282132405,2.0,3.2857142857142856,False,LightGBM
2025-12-26,SKU016,2025-12-01,11.810324530138574,11.0,11.892857142857142,False,LightGBM
2025-12-26,SKU017,2025-12-01,12.204646391577612,11.0,13.142857142857142,False,LightGBM
2025-12-26,SKU018,2025-12-01,22.27044647320408,26.0,21.464285714285715,False,LightGBM
2025-12-26,SKU019,2025-12-01,13.4808559540746,9.0,14.75,False,LightGBM
2025-12-26,SKU020,2025-12-01,11.952255964849861,5.0,12.428571428571429,False,LightGBM
2025-12-26,SKU021,2025-12-01,7.2248863908622525,4.0,6.464285714285714,False,LightGBM
2025-12-26,SKU022,2025-12-01,8.891345252279553,7.0,8.714285714285714,False,LightGBM
2025-12-26,SKU023,2025-12-01,12.442249451612138,18.0,12.75,False,LightGBM
2025-12-26,SKU024,2025-12-01,11.339635385502858,10.0,11.428571428571429,False,LightGBM
2025-12-26,SKU025,2025-12-01,2.693433270206348,1.0,2.0357142857142856,False,LightGBM
2025-12-26,SKU026,2025-12-01,19.06562326065978,23.0,18.25,False,LightGBM
2025-12-26,SKU027,2025-12-01,22.548399039774917,22.0,22.178571428571427,False,LightGBM
2025-12-26,SKU028,2025-12-01,5.390490009435065,4.0,5.107142857142857,False,LightGBM
2025-12-26,SKU029,2025-12-01,13.772526322946739,10.0,13.535714285714286,False,LightGBM
2025-12-26,SKU030,2025-12-01,4.434192752706772,5.0,4.214285714285714,False,LightGBM
2025-12-26,SKU031,2025-12-01,16.390870513731972,16.0,16.321428571428573,False,LightGBM
2025-12-26,SKU032,2025-12-01,8.200864504884716,8.0,8.392857142857142,False,LightGBM
2025-12-26,SKU033,2025-12-01,15.617786733053464,10.0,17.0,False,LightGBM
2025-12-26,SKU034,2025-12-01,17.80075152024039,12.0,18.214285714285715,False,LightGBM
2025-12-26,SKU035,2025-12-01,18.82228417017688,22.0,17.892857142857142,False,LightGBM
2025-12-26,SKU036,2025-12-01,4.587202972116694,3.0,4.392857142857143,False,LightGBM
2025-12-26,SKU037,2025-12-01,22.32232329298123,19.0,22.535714285714285,False,LightGBM
2025-12-26,SKU038,2025-12-01,7.184266431875874,6.0,7.857142857142857,False,LightGBM
2025-12-26,SKU039,2025-12-01,2.7576275005643565,2.0,2.607142857142857,False,LightGBM
2025-12-26,SKU040,2025-12-01,13.536707284849415,11.0,12.464285714285714,False,LightGBM
2025-12-26,SKU041,2025-12-01,9.92275990572673,13.0,9.964285714285714,False,LightGBM
2025-12-26,SKU042,2025-12-01,18.72400841315261,22.0,19.25,False,LightGBM
2025-12-26,SKU043,2025-12-01,19.681522646541882,20.0,19.642857142857142,False,LightGBM
2025-12-26,SKU044,2025-12-01,7.885468661497215,7.0,7.642857142857143,False,LightGBM
2025-12-26,SKU045,2025-12-01,23.006508506685442,24.0,22.25,False,LightGBM
2025-12-26,SKU046,2025-12-01,7.942791793160501,6.0,7.5,False,LightGBM
2025-12-26,SKU047,2025-12-01,12.206330666464579,13.0,13.357142857142858,False,LightGBM
2025-12-26,SKU048,2025-12-01,7.554324556839726,5.0,7.464285714285714,False,LightGBM
2025-12-26,SKU049,2025-12-01,21.00110975244069,21.0,21.785714285714285,False,LightGBM
2025-12-26,SKU050,2025-12-01,5.465410950414219,4.0,5.607142857142857,False,LightGBM
2025-12-27,SKU001,2025-12-01,14.426845540909374,16.0,12.392857142857142,False,LightGBM
2025-12-27,SKU002,2025-12-01,10.438045476836185,14.0,9.357142857142858,False,LightGBM
2025-12-27,SKU003,2025-12-01,5.508752130015735,6.0,5.214285714285714,False,LightGBM
2025-12-27,SKU004,2025-12-01,4.696918765431485,5.0,3.857142857142857,False,LightGBM
2025-12-27,SKU005,2025-12-01,16.896460904821904,14.0,15.392857142857142,False,LightGBM
2025-12-27,SKU006,2025-12-01,6.423787059956355,4.0,5.535714285714286,False,LightGBM
2025-12-27,SKU007,2025-12-01,25.10126969569209,29.0,21.821428571428573,False,LightGBM
2025-12-27,SKU008,2025-12-01,15.834005041124124,13.0,14.785714285714286,False,LightGBM
2025-12-27,SKU009,2025-12-01,10.501722283075342,12.0,8.785714285714286,False,LightGBM
2025-12-27,SKU010,2025-12-01,16.25107125887298,17.0,14.357142857142858,False,LightGBM
2025-12-27,SKU011,2025-12-01,2.9765393097517787,6.0,2.4285714285714284,False,LightGBM
2025-12-27,SKU012,2025-12-01,25.875279164622782,31.0,22.642857142857142,False,LightGBM
2025-12-27,SKU013,2025-12-01,13.535976112173529,14.0,12.428571428571429,False,LightGBM
2025-12-27,SKU014,2025-12-01,21.053330130703333,22.0,18.857142857142858,False,LightGBM
2025-12-27,SKU015,2025-12-01,4.529662252858298,9.0,3.2857142857142856,False,LightGBM
2025-12-27,SKU016,2025-12-01,13.632512687487017,9.0,11.892857142857142,False,LightGBM
2025-12-27,SKU017,2025-12-01,13.830805911876185,19.0,13.142857142857142,False,LightGBM
2025-12-27,SKU018,2025-12-01,26.43837871981311,19.0,21.464285714285715,False,LightGBM
2025-12-27,SKU019,2025-12-01,15.397359330961864,16.0,14.75,False,LightGBM
2025-12-27,SKU020,2025-12-01,13.743686400801737,19.0,12.428571428571429,False,LightGBM
2025-12-27,SKU021,2025-12-01,8.125362600674057,10.0,6.464285714285714,False,LightGBM
2025-12-27,SKU022,2025-12-01,10.14443279296541,11.0,8.714285714285714,False,LightGBM
2025-12-27,SKU023,2025-12-01,13.971325773385596,15.0,12.75,False,LightGBM
2025-12-27,SKU024,2025-12-01,12.485232583115371,20.0,11.428571428571429,False,LightGBM
2025-12-27,SKU025,2025-12-01,2.9207674012453286,0.0,2.0357142857142856,False,LightGBM
2025-12-27,SKU026,2025-12-01,22.66304168636258,25.0,18.25,False,LightGBM
2025-12-27,SKU027,2025-12-01,26.64156440109752,38.0,22.178571428571427,False,LightGBM
2025-12-27,SKU028,2025-12-01,5.8958043299934015,6.0,5.107142857142857,False,LightGBM
2025-12-27,SKU029,2025-12-01,15.94651231768917,13.0,13.535714285714286,False,LightGBM
2025-12-27,SKU030,2025-12-01,4.872645292069272,8.0,4.214285714285714,False,LightGBM
2025-12-27,SKU031,2025-12-01,18.05570476559999,19.0,16.321428571428573,False,LightGBM
2025-12-27,SKU032,2025-12-01,9.27037410443042,12.0,8.392857142857142,False,LightGBM
2025-12-27,SKU033,2025-12-01,17.76414544652284,29.0,17.0,False,LightGBM
2025-12-27,SKU034,2025-12-01,21.926491212533303,26.0,18.214285714285715,False,LightGBM
2025-12-27,SKU035,2025-12-01,21.571692968401358,25.0,17.892857142857142,False,LightGBM
2025-12-27,SKU036,2025-12-01,4.976899240602154,6.0,4.392857142857143,False,LightGBM
2025-12-27,SKU037,2025-12-01,25.25885391236722,23.0,22.535714285714285,False,LightGBM
2025-12-27,SKU038,2025-12-01,7.832451893467176,9.0,7.857142857142857,False,LightGBM
2025-12-27,SKU039,2025-12-01,2.988694250450534,3.0,2.607142857142857,False,LightGBM
2025-12-27,SKU040,2025-12-01,15.539951202760774,14.0,12.464285714285714,False,LightGBM
2025-12-27,SKU041,2025-12-01,11.421820693038523,13.0,9.964285714285714,False,LightGBM
2025-12-27,SKU042,2025-12-01,23.14131258433512,28.0,19.25,False,LightGBM
2025-12-27,SKU043,2025-12-01,21.254911555711452,23.0,19.642857142857142,False,LightGBM
2025-12-27,SKU044,2025-12-01,9.268671195797747,14.0,7.642857142857143,False,LightGBM
2025-12-27,SKU045,2025-12-01,25.72708770928624,30.0,22.25,False,LightGBM
2025-12-27,SKU046,2025-12-01,9.25647394178044,12.0,7.5,False,LightGBM
2025-12-27,SKU047,2025-12-01,13.782184824326144,10.0,13.357142857142858,False,LightGBM
2025-12-27,SKU048,2025-12-01,8.453619122377,9.0,7.464285714285714,False,LightGBM
2025-12-27,SKU049,2025-12-01,24.702950345617673,22.0,21.785714285714285,False,LightGBM
2025-12-27,SKU050,2025-12-01,6.129351678504533,6.0,5.607142857142857,False,LightGBM
2025-12-28,SKU001,2025-12-01,14.603252006758083,16.0,12.392857142857142,False,LightGBM
2025-12-28,SKU002,2025-12-01,10.707371833224265,7.0,9.357142857142858,False,LightGBM
2025-12-28,SKU003,2025-12-01,5.534613022136464,7.0,5.214285714285714,False,LightGBM
2025-12-28,SKU004,2025-12-01,4.527216865589969,5.0,3.857142857142857,False,LightGBM
2025-12-28,SKU005,2025-12-01,17.285118269355667,26.0,15.392857142857142,False,LightGBM
2025-12-28,SKU006,2025-12-01,6.4898994025522,6.0,5.535714285714286,False,LightGBM
2025-12-28,SKU007,2025-12-01,25.93872104213407,33.0,21.821428571428573,False,LightGBM
2025-12-28,SKU008,2025-12-01,16.616945490626577,27.0,14.785714285714286,False,LightGBM
2025-12-28,SKU009,2025-12-01,10.426284355218916,11.0,8.785714285714286,False,LightGBM
2025-12-28,SKU010,2025-12-01,15.902563477615468,24.0,14.357142857142858,False,LightGBM
2025-12-28,SKU011,2025-12-01,2.898128502356008,2.0,2.4285714285714284,False,LightGBM
2025-12-28,SKU012,2025-12-01,26.4845572231445,25.0,22.642857142857142,False,LightGBM
2025-12-28,SKU013,2025-12-01,13.423209055490144,22.0,12.428571428571429,False,LightGBM
2025-12-28,SKU014,2025-12-01,22.68475438295633,36.0,18.857142857142858,False,LightGBM
2025-12-28,SKU015,2025-12-01,4.292250072212721,5.0,3.2857142857142856,False,LightGBM
2025-12-28,SKU016,2025-12-01,13.64183738837571,14.0,11.892857142857142,False,LightGBM
2025-12-28,SKU017,2025-12-01,13.841445105785013,16.0,13.142857142857142,False,LightGBM
2025-12-28,SKU018,2025-12-01,25.728625508101917,26.0,21.464285714285715,False,LightGBM
2025-12-28,SKU019,2025-12-01,15.28878670802373,16.0,14.75,False,LightGBM
2025-12-28,SKU020,2025-12-01,13.770678761452253,17.0,12.428571428571429,False,LightGBM
2025-12-28,SKU021,2025-12-01,8.106947911067477,5.0,6.464285714285714,False,LightGBM
2025-12-28,SKU022,2025-12-01,10.038728895719013,20.0,8.714285714285714,False,LightGBM
2025-12-28,SKU023,2025-12-01,14.073054013875504,12.0,12.75,False,LightGBM
2025-12-28,SKU024,2025-12-01,13.278817526736837,14.0,11.428571428571429,False,LightGBM
2025-12-28,SKU025,2025-12-01,2.916837356496986,4.0,2.0357142857142856,False,LightGBM
2025-12-28,SKU026,2025-12-01,22.138017726079077,24.0,18.25,False,LightGBM
2025-12-28,SKU027,2025-12-01,25.77363088464165,21.0,22.178571428571427,False,LightGBM
2025-12-28,SKU028,2025-12-01,5.832231793228489,4.0,5.107142857142857,False,LightGBM
2025-12-28,SKU029,2025-12-01,16.249362856777527,18.0,13.535714285714286,False,LightGBM
2025-12-28,SKU030,2025-12-01,4.806095200460419,5.0,4.214285714285714,False,LightGBM
2025-12-28,SKU031,2025-12-01,17.910208164365326,22.0,16.321428571428573,False,LightGBM
2025-12-28,SKU032,2025-12-01,9.274251573901466,9.0,8.392857142857142,False,LightGBM
2025-12-28,SKU033,2025-12-01,17.734123686034735,27.0,17.0,False,LightGBM
2025-12-28,SKU034,2025-12-01,22.107143537395974,27.0,18.214285714285715,False,LightGBM
2025-12-28,SKU035,2025-12-01,22.050107949770226,21.0,17.892857142857142,False,LightGBM
2025-12-28,SKU036,2025-12-01,4.9327295038051675,5.0,4.392857142857143,False,LightGBM
2025-12-28,SKU037,2025-12-01,25.674412103611385,32.0,22.535714285714285,False,LightGBM
2025-12-28,SKU038,2025-12-01,7.9519788623551655,16.0,7.857142857142857,False,LightGBM
2025-12-28,SKU039,2025-12-01,3.018358848199694,3.0,2.607142857142857,False,LightGBM
2025-12-28,SKU040,2025-12-01,15.65450877674192,15.0,12.464285714285714,False,LightGBM
2025-12-28,SKU041,2025-12-01,11.484844310417973,16.0,9.964285714285714,False,LightGBM
2025-12-28,SKU042,2025-12-01,22.258961369263677,19.0,19.25,False,LightGBM
2025-12-28,SKU043,2025-12-01,21.350916857890404,20.0,19.642857142857142,False,LightGBM
2025-12-28,SKU044,2025-12-01,8.602928955001415,7.0,7.642857142857143,False,LightGBM
2025-12-28,SKU045,2025-12-01,25.644585130737795,34.0,22.25,False,LightGBM
2025-12-28,SKU046,2025-12-01,8.910494324142133,9.0,7.5,False,LightGBM
2025-12-28,SKU047,2025-12-01,13.53809345473077,23.0,13.357142857142858,False,LightGBM
2025-12-28,SKU048,2025-12-01,8.444722321818487,10.0,7.464285714285714,False,LightGBM
2025-12-28,SKU049,2025-12-01,25.821072171782852,41.0,21.785714285714285,False,LightGBM
2025-12-28,SKU050,2025-12-01,6.09368908990473,5.0,5.607142857142857,False,LightGBM
2025-12-29,SKU001,2025-12-01,12.219039419070072,14.0,12.392857142857142,False,LightGBM
2025-12-29,SKU002,2025-12-01,9.543744638631457,10.0,9.357142857142858,False,LightGBM
2025-12-29,SKU003,2025-12-01,4.959353979614409,6.0,5.214285714285714,False,LightGBM
2025-12-29,SKU004,2025-12-01,4.150691312984447,2.0,3.857142857142857,False,LightGBM
2025-12-29,SKU005,2025-12-01,15.233814016627385,8.0,15.392857142857142,False,LightGBM
2025-12-29,SKU006,2025-12-01,5.960900273425155,3.0,5.535714285714286,False,LightGBM
2025-12-29,SKU007,2025-12-01,22.762325366921306,28.0,21.821428571428573,False,LightGBM
2025-12-29,SKU008,2025-12-01,13.362679675913075,19.0,14.785714285714286,False,LightGBM
2025-12-29,SKU009,2025-12-01,9.310010600578446,5.0,8.785714285714286,False,LightGBM
2025-12-29,SKU010,2025-12-01,14.733005265308536,8.0,14.357142857142858,False,LightGBM
2025-12-29,SKU011,2025-12-01,2.6388723371259677,1.0,2.4285714285714284,False,LightGBM
2025-12-29,SKU012,2025-12-01,22.86821591153412,18.0,22.642857142857142,False,LightGBM
2025-12-29,SKU013,2025-12-01,12.036328651811822,16.0,12.428571428571429,False,LightGBM
2025-12-29,SKU014,2025-12-01,19.40738993081297,14.0,18.857142857142858,False,LightGBM
2025-12-29,SKU015,2025-12-01,3.973413022802876,1.0,3.2857142857142856,False,LightGBM
2025-12-29,SKU016,2025-12-01,12.077299434659203,10.0,11.892857142857142,False,LightGBM
2025-12-29,SKU017,2025-12-01,12.086757347403246,11.0,13.142857142857142,False,LightGBM
2025-12-29,SKU018,2025-12-01,22.240603869872505,18.0,21.464285714285715,False,LightGBM
2025-12-29,SKU019,2025-12-01,13.48167570658614,17.0,14.75,False,LightGBM
2025-12-29,SKU020,2025-12-01,11.994046137603327,12.0,12.428571428571429,False,LightGBM
2025-12-29,SKU021,2025-12-01,7.476072013359504,8.0,6.464285714285714,False,LightGBM
2025-12-29,SKU022,2025-12-01,8.657452709695589,10.0,8.714285714285714,False,LightGBM
2025-12-29,SKU023,2025-12-01,12.492064788795812,7.0,12.75,False,LightGBM
2025-12-29,SKU024,2025-12-01,11.512393944732034,5.0,11.428571428571429,False,LightGBM
2025-12-29,SKU025,2025-12-01,2.695910410917859,0.0,2.0357142857142856,False,LightGBM
2025-12-29,SKU026,2025-12-01,19.24334716140609,16.0,18.25,False,LightGBM
2025-12-29,SKU027,2025-12-01,22.853813011058435,20.0,22.178571428571427,False,LightGBM
2025-12-29,SKU028,2025-12-01,5.44321665720611,5.0,5.107142857142857,False,LightGBM
2025-12-29,SKU029,2025-12-01,13.769141111182668,16.0,13.535714285714286,False,LightGBM
2025-12-29,SKU030,2025-12-01,4.371949810975439,3.0,4.214285714285714,False,LightGBM
2025-12-29,SKU031,2025-12-01,16.08788565685805,14.0,16.321428571428573,False,LightGBM
2025-12-29,SKU032,2025-12-01,8.276106233139538,5.0,8.392857142857142,False,LightGBM
2025-12-29,SKU033,2025-12-01,16.08533887120412,12.0,17.0,False,LightGBM
2025-12-29,SKU034,2025-12-01,18.150331221616018,18.0,18.214285714285715,False,LightGBM
2025-12-29,SKU035,2025-12-01,18.88989282870354,9.0,17.892857142857142,False,LightGBM
2025-12-29,SKU036,2025-12-01,4.58823932893893,5.0,4.392857142857143,False,LightGBM
2025-12-29,SKU037,2025-12-01,22.806872911624122,19.0,22.535714285714285,False,LightGBM
2025-12-29,SKU038,2025-12-01,7.1931326031315725,6.0,7.857142857142857,False,LightGBM
2025-12-29,SKU039,2025-12-01,2.7292957302292455,0.0,2.607142857142857,False,LightGBM
2025-12-29,SKU040,2025-12-01,13.696137295668144,8.0,12.464285714285714,False,LightGBM
2025-12-29,SKU041,2025-12-01,9.928225674868367,8.0,9.964285714285714,False,LightGBM
2025-12-29,SKU042,2025-12-01,19.58187023413877,14.0,19.25,False,LightGBM
2025-12-29,SKU043,2025-12-01,19.75183742043108,11.0,19.642857142857142,False,LightGBM
2025-12-29,SKU044,2025-12-01,7.881952184402499,7.0,7.642857142857143,False,LightGBM
2025-12-29,SKU045,2025-12-01,23.858808101699456,18.0,22.25,False,LightGBM
2025-12-29,SKU046,2025-12-01,8.060834565479448,6.0,7.5,False,LightGBM
2025-12-29,SKU047,2025-12-01,12.325245169794242,14.0,13.357142857142858,False,LightGBM
2025-12-29,SKU048,2025-12-01,7.7748672385766895,6.0,7.464285714285714,False,LightGBM
2025-12-29,SKU049,2025-12-01,21.529899596770093,17.0,21.785714285714285,False,LightGBM
2025-12-29,SKU050,2025-12-01,5.731886639932235,3.0,5.607142857142857,False,LightGBM
2025-12-30,SKU001,2025-12-01,12.312814672133435,12.0,12.392857142857142,False,LightGBM
2025-12-30,SKU002,2025-12-01,9.382496306444823,12.0,9.357142857142858,False,LightGBM
2025-12-30,SKU003,2025-12-01,4.970733799343505,4.0,5.214285714285714,False,LightGBM
2025-12-30,SKU004,2025-12-01,4.165693727002187,0.0,3.857142857142857,False,LightGBM
2025-12-30,SKU005,2025-12-01,15.600298047882257,18.0,15.392857142857142,False,LightGBM
2025-12-30,SKU006,2025-12-01,5.929925745716702,3.0,5.535714285714286,False,LightGBM
2025-12-30,SKU007,2025-12-01,22.771071489239386,24.0,21.821428571428573,False,LightGBM
2025-12-30,SKU008,2025-12-01,13.36244742667981,15.0,14.785714285714286,False,LightGBM
2025-12-30,SKU009,2025-12-01,9.445678589761064,11.0,8.785714285714286,False,LightGBM
2025-12-30,SKU010,2025-12-01,15.003407558945476,18.0,14.357142857142858,False,LightGBM
2025-12-30,SKU011,2025-12-01,2.6537966362429315,1.0,2.4285714285714284,False,LightGBM
2025-12-30,SKU012,2025-12-01,22.757730555805466,20.0,22.642857142857142,False,LightGBM
2025-12-30,SKU013,2025-12-01,12.004978392807061,15.0,12.428571428571429,False,LightGBM
2025-12-30,SKU014,2025-12-01,19.463998916798197,17.0,18.857142857142858,False,LightGBM
2025-12-30,SKU015,2025-12-01,3.957944261776716,2.0,3.2857142857142856,False,LightGBM
2025-12-30,SKU016,2025-12-01,12.00607997931453,9.0,11.892857142857142,False,LightGBM
2025-12-30,SKU017,2025-12-01,12.184464075724847,7.0,13.142857142857142,False,LightGBM
2025-12-30,SKU018,2025-12-01,22.313176691826946,18.0,21.464285714285715,False,LightGBM
2025-12-30,SKU019,2025-12-01,13.50788746585251,9.0,14.75,False,LightGBM
2025-12-30,SKU020,2025-12-01,11.955503516539645,15.0,12.428571428571429,False,LightGBM
2025-12-30,SKU021,2025-12-01,7.502051109695749,9.0,6.464285714285714,False,LightGBM
2025-12-30,SKU022,2025-12-01,8.709743120365744,7.0,8.714285714285714,False,LightGBM
2025-12-30,SKU023,2025-12-01,12.457081768781823,22.0,12.75,False,LightGBM
2025-12-30,SKU024,2025-12-01,11.52876328136161,7.0,11.428571428571429,False,LightGBM
2025-12-30,SKU025,2025-12-01,2.692775901127626,2.0,2.0357142857142856,False,LightGBM
2025-12-30,SKU026,2025-12-01,19.14370880106559,8.0,18.25,False,LightGBM
2025-12-30,SKU027,2025-12-01,22.681546997694337,23.0,22.178571428571427,False,LightGBM
2025-12-30,SKU028,2025-12-01,5.448973827696925,6.0,5.107142857142857,False,LightGBM
2025-12-30,SKU029,2025-12-01,13.866945420700752,10.0,13.535714285714286,False,LightGBM
2025-12-30,SKU030,2025-12-01,4.370781037773463,0.0,4.214285714285714,False,LightGBM
2025-12-30,SKU031,2025-12-01,15.984029355226884,11.0,16.321428571428573,False,LightGBM
2025-12-30,SKU032,2025-12-01,8.25830532729557,2.0,8.392857142857142,False,LightGBM
2025-12-30,SKU033,2025-12-01,16.015316154337658,11.0,17.0,False,LightGBM
2025-12-30,SKU034,2025-12-01,18.238476565176384,18.0,18.214285714285715,False,LightGBM
2025-12-30,SKU035,2025-12-01,18.451705491975122,18.0,17.892857142857142,False,LightGBM
2025-12-30,SKU036,2025-12-01,4.57593769052255,2.0,4.392857142857143,False,LightGBM
2025-12-30,SKU037,2025-12-01,22.241790270998013,16.0,22.535714285714285,False,LightGBM
2025-12-30,SKU038,2025-12-01,7.1919638299295965,8.0,7.857142857142857,False,LightGBM
2025-12-30,SKU039,2025-12-01,2.7261612204390127,0.0,2.607142857142857,False,LightGBM
2025-12-30,SKU040,2025-12-01,13.707003155036153,11.0,12.464285714285714,False,LightGBM
2025-12-30,SKU041,2025-12-01,9.937639758009206,17.0,9.964285714285714,False,LightGBM
2025-12-30,SKU042,2025-12-01,18.926771684566965,22.0,19.25,False,LightGBM
2025-12-30,SKU043,2025-12-01,19.580476699382903,15.0,19.642857142857142,False,LightGBM
2025-12-30,SKU044,2025-12-01,7.878817674612267,11.0,7.642857142857143,False,LightGBM
2025-12-30,SKU045,2025-12-01,23.499262149135042,26.0,22.25,False,LightGBM
2025-12-30,SKU046,2025-12-01,8.029860037770995,8.0,7.5,False,LightGBM
2025-12-30,SKU047,2025-12-01,12.29626764802869,10.0,13.357142857142858,False,LightGBM
2025-12-30,SKU048,2025-12-01,7.8157193256722115,2.0,7.464285714285714,False,LightGBM
2025-12-30,SKU049,2025-12-01,21.523216645876694,18.0,21.785714285714285,False,LightGBM
2025-12-30,SKU050,2025-12-01,5.728752130142003,2.0,5.607142857142857,False,LightGBM
2025-12-31,SKU001,2025-12-01,12.576835152417802,6.0,12.392857142857142,False,LightGBM
2025-12-31,SKU002,2025-12-01,9.631234377737679,5.0,9.357142857142858,False,LightGBM
2025-12-31,SKU003,2025-12-01,5.068334660847049,4.0,5.214285714285714,False,LightGBM
2025-12-31,SKU004,2025-12-01,4.420836304248248,4.0,3.857142857142857,False,LightGBM
2025-12-31,SKU005,2025-12-01,16.043717315154268,15.0,15.392857142857142,False,LightGBM
2025-12-31,SKU006,2025-12-01,6.144014871848488,7.0,5.535714285714286,False,LightGBM
2025-12-31,SKU007,2025-12-01,23.3460842650072,20.0,21.821428571428573,False,LightGBM
2025-12-31,SKU008,2025-12-01,13.575379289796217,15.0,14.785714285714286,False,LightGBM
2025-12-31,SKU009,2025-12-01,9.735135768815068,10.0,8.785714285714286,False,LightGBM
2025-12-31,SKU010,2025-12-01,15.251653747036203,11.0,14.357142857142858,False,LightGBM
2025-12-31,SKU011,2025-12-01,2.686322385601268,2.0,2.4285714285714284,False,LightGBM
2025-12-31,SKU012,2025-12-01,23.064287906343335,23.0,22.642857142857142,False,LightGBM
2025-12-31,SKU013,2025-12-01,12.199334753291959,15.0,12.428571428571429,False,LightGBM
2025-12-31,SKU014,2025-12-01,19.649104549246548,23.0,18.857142857142858,False,LightGBM
2025-12-31,SKU015,2025-12-01,4.059639593835951,4.0,3.2857142857142856,False,LightGBM
2025-12-31,SKU016,2025-12-01,12.38968136714195,10.0,11.892857142857142,False,LightGBM
2025-12-31,SKU017,2025-12-01,12.523379883333577,9.0,13.142857142857142,False,LightGBM
2025-12-31,SKU018,2025-12-01,22.72466826667731,26.0,21.464285714285715,False,LightGBM
2025-12-31,SKU019,2025-12-01,13.813637394113396,9.0,14.75,False,LightGBM
2025-12-31,SKU020,2025-12-01,12.352622128400322,15.0,12.428571428571429,False,LightGBM
2025-12-31,SKU021,2025-12-01,7.666120917881871,9.0,6.464285714285714,False,LightGBM
2025-12-31,SKU022,2025-12-01,8.846718767343358,7.0,8.714285714285714,False,LightGBM
2025-12-31,SKU023,2025-12-01,12.738782614171251,6.0,12.75,False,LightGBM
2025-12-31,SKU024,2025-12-01,11.808808943722934,12.0,11.428571428571429,False,LightGBM
2025-12-31,SKU025,2025-12-01,2.7253016504859624,1.0,2.0357142857142856,False,LightGBM
2025-12-31,SKU026,2025-12-01,20.183043471039323,11.0,18.25,False,LightGBM
2025-12-31,SKU027,2025-12-01,23.204042992564524,17.0,22.178571428571427,False,LightGBM
2025-12-31,SKU028,2025-12-01,5.706784035314179,4.0,5.107142857142857,False,LightGBM
2025-12-31,SKU029,2025-12-01,14.29043231601138,15.0,13.535714285714286,False,LightGBM
2025-12-31,SKU030,2025-12-01,4.479049152131275,2.0,4.214285714285714,False,LightGBM
2025-12-31,SKU031,2025-12-01,16.88584385927125,14.0,16.321428571428573,False,LightGBM
2025-12-31,SKU032,2025-12-01,8.32332354906536,4.0,8.392857142857142,False,LightGBM
2025-12-31,SKU033,2025-12-01,16.26883132954675,19.0,17.0,False,LightGBM
2025-12-31,SKU034,2025-12-01,18.738487508203015,14.0,18.214285714285715,False,LightGBM
2025-12-31,SKU035,2025-12-01,18.63391263770642,22.0,17.892857142857142,False,LightGBM
2025-12-31,SKU036,2025-12-01,4.7367702047073195,7.0,4.392857142857143,False,LightGBM
2025-12-31,SKU037,2025-12-01,22.720590038658553,20.0,22.535714285714285,False,LightGBM
2025-12-31,SKU038,2025-12-01,7.375188631617881,8.0,7.857142857142857,False,LightGBM
2025-12-31,SKU039,2025-12-01,2.831982232212986,2.0,2.607142857142857,False,LightGBM
2025-12-31,SKU040,2025-12-01,13.923980960087158,5.0,12.464285714285714,False,LightGBM
2025-12-31,SKU041,2025-12-01,10.246063506136544,9.0,9.964285714285714,False,LightGBM
2025-12-31,SKU042,2025-12-01,19.13723543762479,19.0,19.25,False,LightGBM
2025-12-31,SKU043,2025-12-01,19.805839429400155,12.0,19.642857142857142,False,LightGBM
2025-12-31,SKU044,2025-12-01,7.986351321319518,4.0,7.642857142857143,False,LightGBM
2025-12-31,SKU045,2025-12-01,23.63482908046046,15.0,22.25,False,LightGBM
2025-12-31,SKU046,2025-12-01,8.304757617461796,6.0,7.5,False,LightGBM
2025-12-31,SKU047,2025-12-01,12.744249029861589,8.0,13.357142857142858,False,LightGBM
2025-12-31,SKU048,2025-12-01,7.981512880890733,2.0,7.464285714285714,False,LightGBM
2025-12-31,SKU049,2025-12-01,21.946968958672464,22.0,21.785714285714285,False,LightGBM
2025-12-31,SKU050,2025-12-01,5.872034622962948,5.0,5.607142857142857,False,LightGBM
2026-01-01,SKU001,2025-12-01,12.876207768622642,10.0,12.392857142857142,False,LightGBM
2026-01-01,SKU002,2025-12-01,9.937278317896304,11.0,9.357142857142858,False,LightGBM
2026-01-01,SKU003,2025-12-01,5.206173292011074,1.0,5.214285714285714,False,LightGBM
2026-01-01,SKU004,2025-12-01,4.444469827336768,3.0,3.857142857142857,False,LightGBM
2026-01-01,SKU005,2025-12-01,15.833031895161172,10.0,15.392857142857142,False,LightGBM
2026-01-01,SKU006,2025-12-01,6.289124590202968,9.0,5.535714285714286,False,LightGBM
2026-01-01,SKU007,2025-12-01,22.46854199348111,20.0,21.821428571428573,False,LightGBM
2026-01-01,SKU008,2025-12-01,14.869052388911088,9.0,14.785714285714286,False,LightGBM
2026-01-01,SKU009,2025-12-01,10.115215838395864,10.0,8.785714285714286,False,LightGBM
2026-01-01,SKU010,2025-12-01,15.680720802641707,12.0,14.357142857142858,False,LightGBM
2026-01-01,SKU011,2025-12-01,2.609400126959959,1.0,2.4285714285714284,False,LightGBM
2026-01-01,SKU012,2025-12-01,24.897484486373045,19.0,22.642857142857142,False,LightGBM
2026-01-01,SKU013,2025-12-01,12.707775670678254,7.0,12.428571428571429,False,LightGBM
2026-01-01,SKU014,2025-12-01,19.923777023367133,18.0,18.857142857142858,False,LightGBM
2026-01-01,SKU015,2025-12-01,3.8617370968530866,8.0,3.2857142857142856,False,LightGBM
2026-01-01,SKU016,2025-12-01,13.019682365330393,8.0,11.892857142857142,False,LightGBM
2026-01-01,SKU017,2025-12-01,12.745591909701382,17.0,13.142857142857142,False,LightGBM
2026-01-01,SKU018,2025-12-01,23.599256364245917,19.0,21.464285714285715,False,LightGBM
2026-01-01,SKU019,2025-12-01,14.549779795947721,12.0,14.75,False,LightGBM
2026-01-01,SKU020,2025-12-01,12.725694201029293,14.0,12.428571428571429,False,LightGBM
2026-01-01,SKU021,2025-12-01,8.073703438633304,2.0,6.464285714285714,False,LightGBM
2026-01-01,SKU022,2025-12-01,9.834320657239507,7.0,8.714285714285714,False,LightGBM
2026-01-01,SKU023,2025-12-01,13.248098529887807,10.0,12.75,False,LightGBM
2026-01-01,SKU024,2025-12-01,11.637209257374659,8.0,11.428571428571429,False,LightGBM
2026-01-01,SKU025,2025-12-01,2.580487573524343,1.0,2.0357142857142856,False,LightGBM
2026-01-01,SKU026,2025-12-01,20.888124004817094,19.0,18.25,False,LightGBM
2026-01-01,SKU027,2025-12-01,23.81481652584435,21.0,22.178571428571427,False,LightGBM
2026-01-01,SKU028,2025-12-01,5.337806820374286,5.0,5.107142857142857,False,LightGBM
2026-01-01,SKU029,2025-12-01,14.991788272614263,14.0,13.535714285714286,False,LightGBM
2026-01-01,SKU030,2025-12-01,4.538356418644087,3.0,4.214285714285714,False,LightGBM
2026-01-01,SKU031,2025-12-01,18.244688407049093,8.0,16.321428571428573,False,LightGBM
2026-01-01,SKU032,2025-12-01,8.460929702422348,10.0,8.392857142857142,False,LightGBM
2026-01-01,SKU033,2025-12-01,16.79626391798935,13.0,17.0,False,LightGBM
2026-01-01,SKU034,2025-12-01,19.058606591258386,15.0,18.214285714285715,False,LightGBM
2026-01-01,SKU035,2025-12-01,20.6903356681604,14.0,17.892857142857142,False,LightGBM
2026-01-01,SKU036,2025-12-01,4.556675176069552,3.0,4.392857142857143,False,LightGBM
2026-01-01,SKU037,2025-12-01,22.157467391762268,15.0,22.535714285714285,False,LightGBM
2026-01-01,SKU038,2025-12-01,7.437238846254798,8.0,7.857142857142857,False,LightGBM
2026-01-01,SKU039,2025-12-01,2.9277911339216773,3.0,2.607142857142857,False,LightGBM
2026-01-01,SKU040,2025-12-01,13.952631145351543,12.0,12.464285714285714,False,LightGBM
2026-01-01,SKU041,2025-12-01,10.759913992004929,7.0,9.964285714285714,False,LightGBM
2026-01-01,SKU042,2025-12-01,20.323536257635574,18.0,19.25,False,LightGBM
2026-01-01,SKU043,2025-12-01,20.66659679334292,12.0,19.642857142857142,False,LightGBM
2026-01-01,SKU044,2025-12-01,8.749402625415375,7.0,7.642857142857143,False,LightGBM
2026-01-01,SKU045,2025-12-01,24.754803613617526,17.0,22.25,False,LightGBM
2026-01-01,SKU046,2025-12-01,8.755715596626787,5.0,7.5,False,LightGBM
2026-01-01,SKU047,2025-12-01,13.539531917770764,12.0,13.357142857142858,False,LightGBM
2026-01-01,SKU048,2025-12-01,8.023268422395173,2.0,7.464285714285714,False,LightGBM
2026-01-01,SKU049,2025-12-01,23.078656912698595,18.0,21.785714285714285,False,LightGBM
2026-01-01,SKU050,2025-12-01,5.466255326414627,5.0,5.607142857142857,False,LightGBM
2026-01-02,SKU001,2025-12-01,13.088774427819033,10.0,12.392857142857142,False,LightGBM
2026-01-02,SKU002,2025-12-01,10.02716238205159,7.0,9.357142857142858,False,LightGBM
2026-01-02,SKU003,2025-12-01,5.30509403103251,1.0,5.214285714285714,False,LightGBM
2026-01-02,SKU004,2025-12-01,4.479277897252725,3.0,3.857142857142857,False,LightGBM
2026-01-02,SKU005,2025-12-01,16.056858879396803,9.0,15.392857142857142,False,LightGBM
2026-01-02,SKU006,2025-12-01,6.3378336652276746,8.0,5.535714285714286,False,LightGBM
2026-01-02,SKU007,2025-12-01,22.434178762362524,27.0,21.821428571428573,False,LightGBM
2026-01-02,SKU008,2025-12-01,15.013279776916994,19.0,14.785714285714286,False,LightGBM
2026-01-02,SKU009,2025-12-01,10.111206897781857,7.0,8.785714285714286,False,LightGBM
2026-01-02,SKU010,2025-12-01,16.1323849030809,14.0,14.357142857142858,False,LightGBM
2026-01-02,SKU011,2025-12-01,2.6531971436319135,2.0,2.4285714285714284,False,LightGBM
2026-01-02,SKU012,2025-12-01,25.51108360352971,25.0,22.642857142857142,False,LightGBM
2026-01-02,SKU013,2025-12-01,12.933325075038837,6.0,12.428571428571429,False,LightGBM
2026-01-02,SKU014,2025-12-01,19.86445893255339,21.0,18.857142857142858,False,LightGBM
2026-01-02,SKU015,2025-12-01,3.918979249963661,2.0,3.2857142857142856,False,LightGBM
2026-01-02,SKU016,2025-12-01,13.18602028315092,11.0,11.892857142857142,False,LightGBM
2026-01-02,SKU017,2025-12-01,12.872197168864318,11.0,13.142857142857142,False,LightGBM
2026-01-02,SKU018,2025-12-01,23.90603005972259,26.0,21.464285714285715,False,LightGBM
2026-01-02,SKU019,2025-12-01,14.71748579672404,9.0,14.75,False,LightGBM
2026-01-02,SKU020,2025-12-01,12.960588794054265,5.0,12.428571428571429,False,LightGBM
2026-01-02,SKU021,2025-12-01,8.155310753124116,4.0,6.464285714285714,False,LightGBM
2026-01-02,SKU022,2025-12-01,10.023109923059835,7.0,8.714285714285714,False,LightGBM
2026-01-02,SKU023,2025-12-01,13.465617631337524,18.0,12.75,False,LightGBM
2026-01-02,SKU024,2025-12-01,11.623733171354612,10.0,11.428571428571429,False,LightGBM
2026-01-02,SKU025,2025-12-01,2.6551182844255976,1.0,2.0357142857142856,False,LightGBM
2026-01-02,SKU026,2025-12-01,21.056962024088456,23.0,18.25,False,LightGBM
2026-01-02,SKU027,2025-12-01,24.60905532591084,22.0,22.178571428571427,False,LightGBM
2026-01-02,SKU028,2025-12-01,5.376732551930252,4.0,5.107142857142857,False,LightGBM
2026-01-02,SKU029,2025-12-01,15.082377770689796,10.0,13.535714285714286,False,LightGBM
2026-01-02,SKU030,2025-12-01,4.533971957077836,5.0,4.214285714285714,False,LightGBM
2026-01-02,SKU031,2025-12-01,18.326147100025995,16.0,16.321428571428573,False,LightGBM
2026-01-02,SKU032,2025-12-01,8.523154902454953,8.0,8.392857142857142,False,LightGBM
2026-01-02,SKU033,2025-12-01,16.89977564219936,10.0,17.0,False,LightGBM
2026-01-02,SKU034,2025-12-01,19.754479094151392,12.0,18.214285714285715,False,LightGBM
2026-01-02,SKU035,2025-12-01,20.938297124400293,22.0,17.892857142857142,False,LightGBM
2026-01-02,SKU036,2025-12-01,4.618338559248197,3.0,4.392857142857143,False,LightGBM
2026-01-02,SKU037,2025-12-01,22.550077883972484,19.0,22.535714285714285,False,LightGBM
2026-01-02,SKU038,2025-12-01,7.489075140195518,6.0,7.857142857142857,False,LightGBM
2026-01-02,SKU039,2025-12-01,2.958852597217638,2.0,2.607142857142857,False,LightGBM
2026-01-02,SKU040,2025-12-01,14.071328302365673,11.0,12.464285714285714,False,LightGBM
2026-01-02,SKU041,2025-12-01,10.869057654231042,13.0,9.964285714285714,False,LightGBM
2026-01-02,SKU042,2025-12-01,20.24585745801039,22.0,19.25,False,LightGBM
2026-01-02,SKU043,2025-12-01,20.724042571388345,20.0,19.642857142857142,False,LightGBM
2026-01-02,SKU044,2025-12-01,8.973121576978471,7.0,7.642857142857143,False,LightGBM
2026-01-02,SKU045,2025-12-01,25.301540378266004,24.0,22.25,False,LightGBM
2026-01-02,SKU046,2025-12-01,8.752445355443994,6.0,7.5,False,LightGBM
2026-01-02,SKU047,2025-12-01,13.45113046743084,13.0,13.357142857142858,False,LightGBM
2026-01-02,SKU048,2025-12-01,8.0659405623989,5.0,7.464285714285714,False,LightGBM
2026-01-02,SKU049,2025-12-01,24.07772424630117,21.0,21.785714285714285,False,LightGBM
2026-01-02,SKU050,2025-12-01,5.516800298651375,4.0,5.607142857142857,False,LightGBM
2026-01-03,SKU001,2025-12-01,14.495272745640824,16.0,12.392857142857142,False,LightGBM
2026-01-03,SKU002,2025-12-01,11.177961126934637,14.0,9.357142857142858,False,LightGBM
2026-01-03,SKU003,2025-12-01,5.769578336007247,6.0,5.214285714285714,False,LightGBM
2026-01-03,SKU004,2025-12-01,4.875106614053173,5.0,3.857142857142857,False,LightGBM
2026-01-03,SKU005,2025-12-01,18.1376594591562,14.0,15.392857142857142,False,LightGBM
2026-01-03,SKU006,2025-12-01,6.987475415492639,4.0,5.535714285714286,False,LightGBM
2026-01-03,SKU007,2025-12-01,26.32009882363873,29.0,21.821428571428573,False,LightGBM
2026-01-03,SKU008,2025-12-01,17.300574593352135,13.0,14.785714285714286,False,LightGBM
2026-01-03,SKU009,2025-12-01,11.080128220148175,12.0,8.785714285714286,False,LightGBM
2026-01-03,SKU010,2025-12-01,17.83220052927425,17.0,14.357142857142858,False,LightGBM
2026-01-03,SKU011,2025-12-01,2.8894776449534687,6.0,2.4285714285714284,False,LightGBM
2026-01-03,SKU012,2025-12-01,29.17183183109338,31.0,22.642857142857142,False,LightGBM
2026-01-03,SKU013,2025-12-01,14.231547455214455,14.0,12.428571428571429,False,LightGBM
2026-01-03,SKU014,2025-12-01,21.551201910276742,22.0,18.857142857142858,False,LightGBM
2026-01-03,SKU015,2025-12-01,4.275389738284574,9.0,3.2857142857142856,False,LightGBM
2026-01-03,SKU016,2025-12-01,14.157121062127032,9.0,11.892857142857142,False,LightGBM
2026-01-03,SKU017,2025-12-01,14.172899030343915,19.0,13.142857142857142,False,LightGBM
2026-01-03,SKU018,2025-12-01,28.244215476490385,19.0,21.464285714285715,False,LightGBM
2026-01-03,SKU019,2025-12-01,16.33727230826871,16.0,14.75,False,LightGBM
2026-01-03,SKU020,2025-12-01,14.388552509725587,19.0,12.428571428571429,False,LightGBM
2026-01-03,SKU021,2025-12-01,8.825146312405174,10.0,6.464285714285714,False,LightGBM
2026-01-03,SKU022,2025-12-01,11.183651145694677,11.0,8.714285714285714,False,LightGBM
2026-01-03,SKU023,2025-12-01,14.888476136538177,15.0,12.75,False,LightGBM
2026-01-03,SKU024,2025-12-01,13.440052595436446,20.0,11.428571428571429,False,LightGBM
2026-01-03,SKU025,2025-12-01,2.902519785350672,0.0,2.0357142857142856,False,LightGBM
2026-01-03,SKU026,2025-12-01,23.93336504517095,25.0,18.25,False,LightGBM
2026-01-03,SKU027,2025-12-01,28.61898588570537,38.0,22.178571428571427,False,LightGBM
2026-01-03,SKU028,2025-12-01,5.872516809368797,6.0,5.107142857142857,False,LightGBM
2026-01-03,SKU029,2025-12-01,16.889941999344444,13.0,13.535714285714286,False,LightGBM
2026-01-03,SKU030,2025-12-01,4.935764032247544,8.0,4.214285714285714,False,LightGBM
2026-01-03,SKU031,2025-12-01,19.974798150869205,19.0,16.321428571428573,False,LightGBM
2026-01-03,SKU032,2025-12-01,9.56418034651783,12.0,8.392857142857142,False,LightGBM
2026-01-03,SKU033,2025-12-01,18.806790013879127,29.0,17.0,False,LightGBM
2026-01-03,SKU034,2025-12-01,21.609918547597683,26.0,18.214285714285715,False,LightGBM
2026-01-03,SKU035,2025-12-01,22.59169297270413,25.0,17.892857142857142,False,LightGBM
2026-01-03,SKU036,2025-12-01,5.048222779009695,6.0,4.392857142857143,False,LightGBM
2026-01-03,SKU037,2025-12-01,26.958929750733475,23.0,22.535714285714285,False,LightGBM
2026-01-03,SKU038,2025-12-01,8.126865714101719,9.0,7.857142857142857,False,LightGBM
2026-01-03,SKU039,2025-12-01,3.1782511207037643,3.0,2.607142857142857,False,LightGBM
2026-01-03,SKU040,2025-12-01,15.768002017707927,14.0,12.464285714285714,False,LightGBM
2026-01-03,SKU041,2025-12-01,11.898640475279405,13.0,9.964285714285714,False,LightGBM
2026-01-03,SKU042,2025-12-01,22.627196166144586,28.0,19.25,False,LightGBM
2026-01-03,SKU043,2025-12-01,22.918183136604846,23.0,19.642857142857142,False,LightGBM
2026-01-03,SKU044,2025-12-01,10.085990370326716,14.0,7.642857142857143,False,LightGBM
2026-01-03,SKU045,2025-12-01,28.95508731423411,30.0,22.25,False,LightGBM
2026-01-03,SKU046,2025-12-01,9.894792266065949,12.0,7.5,False,LightGBM
2026-01-03,SKU047,2025-12-01,14.951979121505,10.0,13.357142857142858,False,LightGBM
2026-01-03,SKU048,2025-12-01,8.780911375477833,9.0,7.464285714285714,False,LightGBM
2026-01-03,SKU049,2025-12-01,27.666735012185093,22.0,21.785714285714285,False,LightGBM
2026-01-03,SKU050,2025-12-01,5.951526992626219,6.0,5.607142857142857,False,LightGBM
2026-01-04,SKU001,2025-12-01,15.0251278328747,16.0,12.392857142857142,False,LightGBM
2026-01-04,SKU002,2025-12-01,11.420380383549238,7.0,9.357142857142858,False,LightGBM
2026-01-04,SKU003,2025-12-01,5.74917405091013,7.0,5.214285714285714,False,LightGBM
2026-01-04,SKU004,2025-12-01,4.912182385996307,5.0,3.857142857142857,False,LightGBM
2026-01-04,SKU005,2025-12-01,18.158805284132985,26.0,15.392857142857142,False,LightGBM
2026-01-04,SKU006,2025-12-01,7.042068896333459,6.0,5.535714285714286,False,LightGBM
2026-01-04,SKU007,2025-12-01,26.86139152213118,33.0,21.821428571428573,False,LightGBM
2026-01-04,SKU008,2025-12-01,17.71456337716237,27.0,14.785714285714286,False,LightGBM
2026-01-04,SKU009,2025-12-01,11.44748502965968,11.0,8.785714285714286,False,LightGBM
2026-01-04,SKU010,2025-12-01,18.04415672588955,24.0,14.357142857142858,False,LightGBM
2026-01-04,SKU011,2025-12-01,2.966131400605896,2.0,2.4285714285714284,False,LightGBM
2026-01-04,SKU012,2025-12-01,28.867417631826022,25.0,22.642857142857142,False,LightGBM
2026-01-04,SKU013,2025-12-01,14.389475275247566,22.0,12.428571428571429,False,LightGBM
2026-01-04,SKU014,2025-12-01,21.68158724522631,36.0,18.857142857142858,False,LightGBM
2026-01-04,SKU015,2025-12-01,4.326138769417505,5.0,3.2857142857142856,False,LightGBM
2026-01-04,SKU016,2025-12-01,14.392049144803488,14.0,11.892857142857142,False,LightGBM
2026-01-04,SKU017,2025-12-01,14.4167271489903,16.0,13.142857142857142,False,LightGBM
2026-01-04,SKU018,2025-12-01,28.28761723673533,26.0,21.464285714285715,False,LightGBM
2026-01-04,SKU019,2025-12-01,16.833491373829375,16.0,14.75,False,LightGBM
2026-01-04,SKU020,2025-12-01,14.46695455061124,17.0,12.428571428571429,False,LightGBM
2026-01-04,SKU021,2025-12-01,8.90650921617486,5.0,6.464285714285714,False,LightGBM
2026-01-04,SKU022,2025-12-01,11.55418229580896,20.0,8.714285714285714,False,LightGBM
2026-01-04,SKU023,2025-12-01,15.546057967102369,12.0,12.75,False,LightGBM
2026-01-04,SKU024,2025-12-01,13.542357286610583,14.0,11.428571428571429,False,LightGBM
2026-01-04,SKU025,2025-12-01,2.9850941688925223,4.0,2.0357142857142856,False,LightGBM
2026-01-04,SKU026,2025-12-01,23.824803836137328,24.0,18.25,False,LightGBM
2026-01-04,SKU027,2025-12-01,28.784297565892587,21.0,22.178571428571427,False,LightGBM
2026-01-04,SKU028,2025-12-01,5.921165872116891,4.0,5.107142857142857,False,LightGBM
2026-01-04,SKU029,2025-12-01,17.423818732502543,18.0,13.535714285714286,False,LightGBM
2026-01-04,SKU030,2025-12-01,5.018338415789393,5.0,4.214285714285714,False,LightGBM
2026-01-04,SKU031,2025-12-01,20.418350186185783,22.0,16.321428571428573,False,LightGBM
2026-01-04,SKU032,2025-12-01,9.870127273706494,9.0,8.392857142857142,False,LightGBM
2026-01-04,SKU033,2025-12-01,18.592665452724514,27.0,17.0,False,LightGBM
2026-01-04,SKU034,2025-12-01,21.561461554437777,27.0,18.214285714285715,False,LightGBM
2026-01-04,SKU035,2025-12-01,22.796412563978375,21.0,17.892857142857142,False,LightGBM
2026-01-04,SKU036,2025-12-01,5.069302490758792,5.0,4.392857142857143,False,LightGBM
2026-01-04,SKU037,2025-12-01,27.192343272686927,32.0,22.535714285714285,False,LightGBM
2026-01-04,SKU038,2025-12-01,8.149634593714573,16.0,7.857142857142857,False,LightGBM
2026-01-04,SKU039,2025-12-01,3.2364054329650567,3.0,2.607142857142857,False,LightGBM
2026-01-04,SKU040,2025-12-01,16.290193234126814,15.0,12.464285714285714,False,LightGBM
2026-01-04,SKU041,2025-12-01,12.113970568144111,16.0,9.964285714285714,False,LightGBM
2026-01-04,SKU042,2025-12-01,22.596944307584916,19.0,19.25,False,LightGBM
2026-01-04,SKU043,2025-12-01,22.857199770111595,20.0,19.642857142857142,False,LightGBM
2026-01-04,SKU044,2025-12-01,10.17951577500948,7.0,7.642857142857143,False,LightGBM
2026-01-04,SKU045,2025-12-01,29.050151581982973,34.0,22.25,False,LightGBM
2026-01-04,SKU046,2025-12-01,10.098485074315464,9.0,7.5,False,LightGBM
2026-01-04,SKU047,2025-12-01,15.280759970511514,23.0,13.357142857142858,False,LightGBM
2026-01-04,SKU048,2025-12-01,8.877986176982384,10.0,7.464285714285714,False,LightGBM
2026-01-04,SKU049,2025-12-01,27.86940399758416,41.0,21.785714285714285,False,LightGBM
2026-01-04,SKU050,2025-12-01,6.282441335169449,5.0,5.607142857142857,False,LightGBM
2026-01-05,SKU001,2025-12-01,12.933919412690129,14.0,12.392857142857142,False,LightGBM
2026-01-05,SKU002,2025-12-01,9.930926924488082,10.0,9.357142857142858,False,LightGBM
2026-01-05,SKU003,2025-12-01,5.233860680179134,6.0,5.214285714285714,False,LightGBM
2026-01-05,SKU004,2025-12-01,4.460044864683828,2.0,3.857142857142857,False,LightGBM
2026-01-05,SKU005,2025-12-01,15.750172925044167,8.0,15.392857142857142,False,LightGBM
2026-01-05,SKU006,2025-12-01,6.283495195543491,3.0,5.535714285714286,False,LightGBM
2026-01-05,SKU007,2025-12-01,22.63910174506947,28.0,21.821428571428573,False,LightGBM
2026-01-05,SKU008,2025-12-01,15.36544682057776,19.0,14.785714285714286,False,LightGBM
2026-01-05,SKU009,2025-12-01,10.05018141405539,5.0,8.785714285714286,False,LightGBM
2026-01-05,SKU010,2025-12-01,16.263878557417435,8.0,14.357142857142858,False,LightGBM
2026-01-05,SKU011,2025-12-01,2.5995714726504344,1.0,2.4285714285714284,False,LightGBM
2026-01-05,SKU012,2025-12-01,24.236648699889617,18.0,22.642857142857142,False,LightGBM
2026-01-05,SKU013,2025-12-01,12.611638927535159,16.0,12.428571428571429,False,LightGBM
2026-01-05,SKU014,2025-12-01,20.08353507980115,14.0,18.857142857142858,False,LightGBM
2026-01-05,SKU015,2025-12-01,3.877153026390818,1.0,3.2857142857142856,False,LightGBM
2026-01-05,SKU016,2025-12-01,13.07561300095692,10.0,11.892857142857142,False,LightGBM
2026-01-05,SKU017,2025-12-01,12.804300990632973,11.0,13.142857142857142,False,LightGBM
2026-01-05,SKU018,2025-12-01,23.453606854721162,18.0,21.464285714285715,False,LightGBM
2026-01-05,SKU019,2025-12-01,14.812112539448682,17.0,14.75,False,LightGBM
2026-01-05,SKU020,2025-12-01,12.736160700105167,12.0,12.428571428571429,False,LightGBM
2026-01-05,SKU021,2025-12-01,8.172727219365008,8.0,6.464285714285714,False,LightGBM
2026-01-05,SKU022,2025-12-01,9.898291168747404,10.0,8.714285714285714,False,LightGBM
2026-01-05,SKU023,2025-12-01,13.563696222269195,7.0,12.75,False,LightGBM
2026-01-05,SKU024,2025-12-01,11.507839091591102,5.0,11.428571428571429,False,LightGBM
2026-01-05,SKU025,2025-12-01,2.58895519082959,0.0,2.0357142857142856,False,LightGBM
2026-01-05,SKU026,2025-12-01,20.65888150820798,16.0,18.25,False,LightGBM
2026-01-05,SKU027,2025-12-01,23.930008773085248,20.0,22.178571428571427,False,LightGBM
2026-01-05,SKU028,2025-12-01,5.300110640145497,5.0,5.107142857142857,False,LightGBM
2026-01-05,SKU029,2025-12-01,15.387652128193476,16.0,13.535714285714286,False,LightGBM
2026-01-05,SKU030,2025-12-01,4.504634767727734,3.0,4.214285714285714,False,LightGBM
2026-01-05,SKU031,2025-12-01,18.62128512364516,14.0,16.321428571428573,False,LightGBM
2026-01-05,SKU032,2025-12-01,8.655749447982805,5.0,8.392857142857142,False,LightGBM
2026-01-05,SKU033,2025-12-01,16.843640166618016,12.0,17.0,False,LightGBM
2026-01-05,SKU034,2025-12-01,18.834265490158202,18.0,18.214285714285715,False,LightGBM
2026-01-05,SKU035,2025-12-01,20.497473743742407,9.0,17.892857142857142,False,LightGBM
2026-01-05,SKU036,2025-12-01,4.607414182459888,5.0,4.392857142857143,False,LightGBM
2026-01-05,SKU037,2025-12-01,22.005423371367954,19.0,22.535714285714285,False,LightGBM
2026-01-05,SKU038,2025-12-01,7.389297296750994,6.0,7.857142857142857,False,LightGBM
2026-01-05,SKU039,2025-12-01,2.972196380199697,0.0,2.607142857142857,False,LightGBM
2026-01-05,SKU040,2025-12-01,13.960511377109128,8.0,12.464285714285714,False,LightGBM
2026-01-05,SKU041,2025-12-01,10.640316576893637,8.0,9.964285714285714,False,LightGBM
2026-01-05,SKU042,2025-12-01,20.050081393781547,14.0,19.25,False,LightGBM
2026-01-05,SKU043,2025-12-01,20.434192282306018,11.0,19.642857142857142,False,LightGBM
2026-01-05,SKU044,2025-12-01,9.08042589554235,7.0,7.642857142857143,False,LightGBM
2026-01-05,SKU045,2025-12-01,25.03255594461034,18.0,22.25,False,LightGBM
2026-01-05,SKU046,2025-12-01,8.866353854053333,6.0,7.5,False,LightGBM
2026-01-05,SKU047,2025-12-01,13.472134672859154,14.0,13.357142857142858,False,LightGBM
2026-01-05,SKU048,2025-12-01,7.926621401184022,6.0,7.464285714285714,False,LightGBM
2026-01-05,SKU049,2025-12-01,23.034868675191888,17.0,21.785714285714285,False,LightGBM
2026-01-05,SKU050,2025-12-01,5.619374149214845,3.0,5.607142857142857,False,LightGBM
2026-01-06,SKU001,2025-12-01,13.038737895681939,12.0,12.392857142857142,False,LightGBM
2026-01-06,SKU002,2025-12-01,10.101404176540676,12.0,9.357142857142858,False,LightGBM
2026-01-06,SKU003,2025-12-01,5.263142847589895,4.0,5.214285714285714,False,LightGBM
2026-01-06,SKU004,2025-12-01,4.610598793418863,0.0,3.857142857142857,False,LightGBM
2026-01-06,SKU005,2025-12-01,15.987189256397176,18.0,15.392857142857142,False,LightGBM
2026-01-06,SKU006,2025-12-01,6.275685043049559,3.0,5.535714285714286,False,LightGBM
2026-01-06,SKU007,2025-12-01,22.628585259912484,24.0,21.821428571428573,False,LightGBM
2026-01-06,SKU008,2025-12-01,15.602169376912702,15.0,14.785714285714286,False,LightGBM
2026-01-06,SKU009,2025-12-01,10.101620616000694,11.0,8.785714285714286,False,LightGBM
2026-01-06,SKU010,2025-12-01,16.27842244798244,18.0,14.357142857142858,False,LightGBM
2026-01-06,SKU011,2025-12-01,2.6269814608330364,1.0,2.4285714285714284,False,LightGBM
2026-01-06,SKU012,2025-12-01,24.75730107278841,20.0,22.642857142857142,False,LightGBM
2026-01-06,SKU013,2025-12-01,12.697243060743634,15.0,12.428571428571429,False,LightGBM
2026-01-06,SKU014,2025-12-01,19.837943047483975,17.0,18.857142857142858,False,LightGBM
2026-01-06,SKU015,2025-12-01,3.8661757512871064,2.0,3.2857142857142856,False,LightGBM
2026-01-06,SKU016,2025-12-01,13.201903750458499,9.0,11.892857142857142,False,LightGBM
2026-01-06,SKU017,2025-12-01,12.8857263709617,7.0,13.142857142857142,False,LightGBM
2026-01-06,SKU018,2025-12-01,23.423406369816853,18.0,21.464285714285715,False,LightGBM
2026-01-06,SKU019,2025-12-01,14.867277096109275,9.0,14.75,False,LightGBM
2026-01-06,SKU020,2025-12-01,12.816687860746743,15.0,12.428571428571429,False,LightGBM
2026-01-06,SKU021,2025-12-01,8.190798406660589,9.0,6.464285714285714,False,LightGBM
2026-01-06,SKU022,2025-12-01,9.844998162638314,7.0,8.714285714285714,False,LightGBM
2026-01-06,SKU023,2025-12-01,13.591232638053997,22.0,12.75,False,LightGBM
2026-01-06,SKU024,2025-12-01,11.543994421149572,7.0,11.428571428571429,False,LightGBM
2026-01-06,SKU025,2025-12-01,2.598902048308773,2.0,2.0357142857142856,False,LightGBM
2026-01-06,SKU026,2025-12-01,20.5263471552701,8.0,18.25,False,LightGBM
2026-01-06,SKU027,2025-12-01,23.908392603732686,23.0,22.178571428571427,False,LightGBM
2026-01-06,SKU028,2025-12-01,5.3323416087403475,6.0,5.107142857142857,False,LightGBM
2026-01-06,SKU029,2025-12-01,15.70299756510389,10.0,13.535714285714286,False,LightGBM
2026-01-06,SKU030,2025-12-01,4.498790351822057,0.0,4.214285714285714,False,LightGBM
2026-01-06,SKU031,2025-12-01,18.82580290595039,11.0,16.321428571428573,False,LightGBM
2026-01-06,SKU032,2025-12-01,8.661567444111759,2.0,8.392857142857142,False,LightGBM
2026-01-06,SKU033,2025-12-01,16.681551006984257,11.0,17.0,False,LightGBM
2026-01-06,SKU034,2025-12-01,18.932124173143535,18.0,18.214285714285715,False,LightGBM
2026-01-06,SKU035,2025-12-01,20.557532444917204,18.0,17.892857142857142,False,LightGBM
2026-01-06,SKU036,2025-12-01,4.599008351762177,2.0,4.392857142857143,False,LightGBM
2026-01-06,SKU037,2025-12-01,22.03982792385873,16.0,22.535714285714285,False,LightGBM
2026-01-06,SKU038,2025-12-01,7.389297296750994,8.0,7.857142857142857,False,LightGBM
2026-01-06,SKU039,2025-12-01,2.9643862277057633,0.0,2.607142857142857,False,LightGBM
2026-01-06,SKU040,2025-12-01,14.369384300058625,11.0,12.464285714285714,False,LightGBM
2026-01-06,SKU041,2025-12-01,10.637707832765763,17.0,9.964285714285714,False,LightGBM
2026-01-06,SKU042,2025-12-01,20.14829971571274,22.0,19.25,False,LightGBM
2026-01-06,SKU043,2025-12-01,20.43201018851348,15.0,19.642857142857142,False,LightGBM
2026-01-06,SKU044,2025-12-01,9.096543632344847,11.0,7.642857142857143,False,LightGBM
2026-01-06,SKU045,2025-12-01,25.046166578094162,26.0,22.25,False,LightGBM
2026-01-06,SKU046,2025-12-01,8.872857763916592,8.0,7.5,False,LightGBM
2026-01-06,SKU047,2025-12-01,13.411650935296151,10.0,13.357142857142858,False,LightGBM
2026-01-06,SKU048,2025-12-01,7.9885983238943865,2.0,7.464285714285714,False,LightGBM
2026-01-06,SKU049,2025-12-01,23.476605475670965,18.0,21.785714285714285,False,LightGBM
2026-01-06,SKU050,2025-12-01,5.62225809236127,2.0,5.607142857142857,False,LightGBM
2026-01-07,SKU001,2025-12-01,12.893505815400777,6.0,12.392857142857142,False,LightGBM
2026-01-07,SKU002,2025-12-01,10.0643489215116,5.0,9.357142857142858,False,LightGBM
2026-01-07,SKU003,2025-12-01,5.246665851415723,4.0,5.214285714285714,False,LightGBM
2026-01-07,SKU004,2025-12-01,4.625152887956874,4.0,3.857142857142857,False,LightGBM
2026-01-07,SKU005,2025-12-01,16.00174335093519,15.0,15.392857142857142,False,LightGBM
2026-01-07,SKU006,2025-12-01,6.337555496575699,7.0,5.535714285714286,False,LightGBM
2026-01-07,SKU007,2025-12-01,22.842728417273626,20.0,21.821428571428573,False,LightGBM
2026-01-07,SKU008,2025-12-01,15.483224400223401,15.0,14.785714285714286,False,LightGBM
2026-01-07,SKU009,2025-12-01,10.099586435915274,10.0,8.785714285714286,False,LightGBM
2026-01-07,SKU010,2025-12-01,16.327049353095187,11.0,14.357142857142858,False,LightGBM
2026-01-07,SKU011,2025-12-01,2.628944972468855,2.0,2.4285714285714284,False,LightGBM
2026-01-07,SKU012,2025-12-01,25.428033585409253,23.0,22.642857142857142,False,LightGBM
2026-01-07,SKU013,2025-12-01,12.699328871911314,15.0,12.428571428571429,False,LightGBM
2026-01-07,SKU014,2025-12-01,19.8610648475007,23.0,18.857142857142858,False,LightGBM
2026-01-07,SKU015,2025-12-01,4.019163185640108,4.0,3.2857142857142856,False,LightGBM
2026-01-07,SKU016,2025-12-01,13.195131768390056,10.0,11.892857142857142,False,LightGBM
2026-01-07,SKU017,2025-12-01,12.78139427126925,9.0,13.142857142857142,False,LightGBM
2026-01-07,SKU018,2025-12-01,23.828775578956446,26.0,21.464285714285715,False,LightGBM
2026-01-07,SKU019,2025-12-01,14.704652047727041,9.0,14.75,False,LightGBM
2026-01-07,SKU020,2025-12-01,12.782399949534502,15.0,12.428571428571429,False,LightGBM
2026-01-07,SKU021,2025-12-01,8.190092582501013,9.0,6.464285714285714,False,LightGBM
2026-01-07,SKU022,2025-12-01,9.756575608839313,7.0,8.714285714285714,False,LightGBM
2026-01-07,SKU023,2025-12-01,13.570426529174439,6.0,12.75,False,LightGBM
2026-01-07,SKU024,2025-12-01,12.032093311879136,12.0,11.428571428571429,False,LightGBM
2026-01-07,SKU025,2025-12-01,2.61752751986192,1.0,2.0357142857142856,False,LightGBM
2026-01-07,SKU026,2025-12-01,20.773073788251576,11.0,18.25,False,LightGBM
2026-01-07,SKU027,2025-12-01,23.60243613798318,17.0,22.178571428571427,False,LightGBM
2026-01-07,SKU028,2025-12-01,5.296203357150836,4.0,5.107142857142857,False,LightGBM
2026-01-07,SKU029,2025-12-01,15.631156238908972,15.0,13.535714285714286,False,LightGBM
2026-01-07,SKU030,2025-12-01,4.517415823375205,2.0,4.214285714285714,False,LightGBM
2026-01-07,SKU031,2025-12-01,18.94764912310691,14.0,16.321428571428573,False,LightGBM
2026-01-07,SKU032,2025-12-01,8.677523579869515,4.0,8.392857142857142,False,LightGBM
2026-01-07,SKU033,2025-12-01,16.939278559958737,19.0,17.0,False,LightGBM
2026-01-07,SKU034,2025-12-01,18.837591058236036,14.0,18.214285714285715,False,LightGBM
2026-01-07,SKU035,2025-12-01,20.32025931138985,22.0,17.892857142857142,False,LightGBM
2026-01-07,SKU036,2025-12-01,4.600971863397997,7.0,4.392857142857143,False,LightGBM
2026-01-07,SKU037,2025-12-01,22.416271109398767,20.0,22.535714285714285,False,LightGBM
2026-01-07,SKU038,2025-12-01,7.3912608083868125,8.0,7.857142857142857,False,LightGBM
2026-01-07,SKU039,2025-12-01,2.9830116992589106,2.0,2.607142857142857,False,LightGBM
2026-01-07,SKU040,2025-12-01,14.349908008386445,5.0,12.464285714285714,False,LightGBM
2026-01-07,SKU041,2025-12-01,10.693563160049424,9.0,9.964285714285714,False,LightGBM
2026-01-07,SKU042,2025-12-01,20.223348818106768,19.0,19.25,False,LightGBM
2026-01-07,SKU043,2025-12-01,20.44752047297978,12.0,19.642857142857142,False,LightGBM
2026-01-07,SKU044,2025-12-01,9.17725869015705,4.0,7.642857142857143,False,LightGBM
2026-01-07,SKU045,2025-12-01,26.07072139263236,15.0,22.25,False,LightGBM
2026-01-07,SKU046,2025-12-01,8.946832108918267,6.0,7.5,False,LightGBM
2026-01-07,SKU047,2025-12-01,13.337305481366432,8.0,13.357142857142858,False,LightGBM
2026-01-07,SKU048,2025-12-01,7.9905618355302055,2.0,7.464285714285714,False,LightGBM
2026-01-07,SKU049,2025-12-01,24.038777615617803,22.0,21.785714285714285,False,LightGBM
2026-01-07,SKU050,2025-12-01,5.586119840771759,5.0,5.607142857142857,False,LightGBM
2026-01-08,SKU001,2025-12-01,13.280932582000407,10.0,12.392857142857142,False,LightGBM
2026-01-08,SKU002,2025-12-01,10.145894323786665,11.0,9.357142857142858,False,LightGBM
2026-01-08,SKU003,2025-12-01,5.262135726946625,1.0,5.214285714285714,False,LightGBM
2026-01-08,SKU004,2025-12-01,4.647137398496039,3.0,3.857142857142857,False,LightGBM
2026-01-08,SKU005,2025-12-01,16.104938115040692,10.0,15.392857142857142,False,LightGBM
2026-01-08,SKU006,2025-12-01,6.755080862531675,9.0,5.535714285714286,False,LightGBM
2026-01-08,SKU007,2025-12-01,22.94145408275809,20.0,21.821428571428573,False,LightGBM
2026-01-08,SKU008,2025-12-01,15.638383740395822,9.0,14.785714285714286,False,LightGBM
2026-01-08,SKU009,2025-12-01,10.223639083582434,10.0,8.785714285714286,False,LightGBM
2026-01-08,SKU010,2025-12-01,16.576510915376502,12.0,14.357142857142858,False,LightGBM
2026-01-08,SKU011,2025-12-01,2.6950714143387997,1.0,2.4285714285714284,False,LightGBM
2026-01-08,SKU012,2025-12-01,25.616020766251467,19.0,22.642857142857142,False,LightGBM
2026-01-08,SKU013,2025-12-01,12.8580659784723,7.0,12.428571428571429,False,LightGBM
2026-01-08,SKU014,2025-12-01,20.00621923227392,18.0,18.857142857142858,False,LightGBM
2026-01-08,SKU015,2025-12-01,4.076598959444754,8.0,3.2857142857142856,False,LightGBM
2026-01-08,SKU016,2025-12-01,13.140554269365579,8.0,11.892857142857142,False,LightGBM
2026-01-08,SKU017,2025-12-01,12.833513681333368,17.0,13.142857142857142,False,LightGBM
2026-01-08,SKU018,2025-12-01,24.212332059128876,19.0,21.464285714285715,False,LightGBM
2026-01-08,SKU019,2025-12-01,15.120272220526742,12.0,14.75,False,LightGBM
2026-01-08,SKU020,2025-12-01,13.051676591396308,14.0,12.428571428571429,False,LightGBM
2026-01-08,SKU021,2025-12-01,8.197054218033001,2.0,6.464285714285714,False,LightGBM
2026-01-08,SKU022,2025-12-01,10.077868083206553,7.0,8.714285714285714,False,LightGBM
2026-01-08,SKU023,2025-12-01,13.885170795730835,10.0,12.75,False,LightGBM
2026-01-08,SKU024,2025-12-01,12.15395482417663,8.0,11.428571428571429,False,LightGBM
2026-01-08,SKU025,2025-12-01,2.683653961731865,1.0,2.0357142857142856,False,LightGBM
2026-01-08,SKU026,2025-12-01,20.83578146307912,19.0,18.25,False,LightGBM
2026-01-08,SKU027,2025-12-01,24.854536016446502,21.0,22.178571428571427,False,LightGBM
2026-01-08,SKU028,2025-12-01,5.323469247949383,5.0,5.107142857142857,False,LightGBM
2026-01-08,SKU029,2025-12-01,15.776326811589147,14.0,13.535714285714286,False,LightGBM
2026-01-08,SKU030,2025-12-01,4.641522806851608,3.0,4.214285714285714,False,LightGBM
2026-01-08,SKU031,2025-12-01,18.907896669066083,8.0,16.321428571428573,False,LightGBM
2026-01-08,SKU032,2025-12-01,8.70890581005397,10.0,8.392857142857142,False,LightGBM
2026-01-08,SKU033,2025-12-01,17.167917784432525,13.0,17.0,False,LightGBM
2026-01-08,SKU034,2025-12-01,19.249708576364895,15.0,18.214285714285715,False,LightGBM
2026-01-08,SKU035,2025-12-01,20.379215336983595,14.0,17.892857142857142,False,LightGBM
2026-01-08,SKU036,2025-12-01,4.616441738928898,3.0,4.392857142857143,False,LightGBM
2026-01-08,SKU037,2025-12-01,22.503514649924924,15.0,22.535714285714285,False,LightGBM
2026-01-08,SKU038,2025-12-01,7.497005409114143,8.0,7.857142857142857,False,LightGBM
2026-01-08,SKU039,2025-12-01,3.030124381217847,3.0,2.607142857142857,False,LightGBM
2026-01-08,SKU040,2025-12-01,14.440228981827772,12.0,12.464285714285714,False,LightGBM
2026-01-08,SKU041,2025-12-01,10.874768078932982,7.0,9.964285714285714,False,LightGBM
2026-01-08,SKU042,2025-12-01,19.857137400591665,18.0,19.25,False,LightGBM
2026-01-08,SKU043,2025-12-01,20.696712553453793,12.0,19.642857142857142,False,LightGBM
2026-01-08,SKU044,2025-12-01,9.285446670459848,7.0,7.642857142857143,False,LightGBM
2026-01-08,SKU045,2025-12-01,25.715659199751652,17.0,22.25,False,LightGBM
2026-01-08,SKU046,2025-12-01,9.018021765605052,5.0,7.5,False,LightGBM
2026-01-08,SKU047,2025-12-01,13.547260558196728,12.0,13.357142857142858,False,LightGBM
2026-01-08,SKU048,2025-12-01,8.08623929185365,2.0,7.464285714285714,False,LightGBM
2026-01-08,SKU049,2025-12-01,23.756565532780197,18.0,21.785714285714285,False,LightGBM
2026-01-08,SKU050,2025-12-01,5.656463086218931,5.0,5.607142857142857,False,LightGBM
2026-01-09,SKU001,2025-12-01,13.578345920321691,10.0,12.392857142857142,False,LightGBM
2026-01-09,SKU002,2025-12-01,10.23577838794195,7.0,9.357142857142858,False,LightGBM
2026-01-09,SKU003,2025-12-01,5.331091166989205,1.0,5.214285714285714,False,LightGBM
2026-01-09,SKU004,2025-12-01,4.681945468411996,3.0,3.857142857142857,False,LightGBM
2026-01-09,SKU005,2025-12-01,16.291018593657224,9.0,15.392857142857142,False,LightGBM
2026-01-09,SKU006,2025-12-01,6.803789937556381,8.0,5.535714285714286,False,LightGBM
2026-01-09,SKU007,2025-12-01,22.92641103933621,27.0,21.821428571428573,False,LightGBM
2026-01-09,SKU008,2025-12-01,15.863033331005187,19.0,14.785714285714286,False,LightGBM
2026-01-09,SKU009,2025-12-01,10.301655732341912,7.0,8.785714285714286,False,LightGBM
2026-01-09,SKU010,2025-12-01,16.720252109812577,14.0,14.357142857142858,False,LightGBM
2026-01-09,SKU011,2025-12-01,2.7388684310107543,2.0,2.4285714285714284,False,LightGBM
2026-01-09,SKU012,2025-12-01,26.169131514041347,25.0,22.642857142857142,False,LightGBM
2026-01-09,SKU013,2025-12-01,13.044972339159273,6.0,12.428571428571429,False,LightGBM
2026-01-09,SKU014,2025-12-01,19.855909278574465,21.0,18.857142857142858,False,LightGBM
2026-01-09,SKU015,2025-12-01,4.133841112555327,2.0,3.2857142857142856,False,LightGBM
2026-01-09,SKU016,2025-12-01,13.130187704915583,11.0,11.892857142857142,False,LightGBM
2026-01-09,SKU017,2025-12-01,12.960118940496304,11.0,13.142857142857142,False,LightGBM
2026-01-09,SKU018,2025-12-01,24.398640835496987,26.0,21.464285714285715,False,LightGBM
2026-01-09,SKU019,2025-12-01,15.413161740866114,9.0,14.75,False,LightGBM
2026-01-09,SKU020,2025-12-01,13.245129296209411,5.0,12.428571428571429,False,LightGBM
2026-01-09,SKU021,2025-12-01,8.223947428925257,4.0,6.464285714285714,False,LightGBM
2026-01-09,SKU022,2025-12-01,10.317921668694837,7.0,8.714285714285714,False,LightGBM
2026-01-09,SKU023,2025-12-01,13.966424820040476,18.0,12.75,False,LightGBM
2026-01-09,SKU024,2025-12-01,12.311270000919906,10.0,11.428571428571429,False,LightGBM
2026-01-09,SKU025,2025-12-01,2.7582846726331196,1.0,2.0357142857142856,False,LightGBM
2026-01-09,SKU026,2025-12-01,21.037302626736317,23.0,18.25,False,LightGBM
2026-01-09,SKU027,2025-12-01,25.052336106382356,22.0,22.178571428571427,False,LightGBM
2026-01-09,SKU028,2025-12-01,5.362394979505349,4.0,5.107142857142857,False,LightGBM
2026-01-09,SKU029,2025-12-01,15.960221756117662,10.0,13.535714285714286,False,LightGBM
2026-01-09,SKU030,2025-12-01,4.637138345285357,5.0,4.214285714285714,False,LightGBM
2026-01-09,SKU031,2025-12-01,18.832237895956784,16.0,16.321428571428573,False,LightGBM
2026-01-09,SKU032,2025-12-01,8.821292765032943,8.0,8.392857142857142,False,LightGBM
2026-01-09,SKU033,2025-12-01,17.139120907630478,10.0,17.0,False,LightGBM
2026-01-09,SKU034,2025-12-01,19.41064910387743,12.0,18.214285714285715,False,LightGBM
2026-01-09,SKU035,2025-12-01,20.683874080159587,22.0,17.892857142857142,False,LightGBM
2026-01-09,SKU036,2025-12-01,4.678105122107542,3.0,4.392857142857143,False,LightGBM
2026-01-09,SKU037,2025-12-01,22.81124129762515,19.0,22.535714285714285,False,LightGBM
2026-01-09,SKU038,2025-12-01,7.576133162109167,6.0,7.857142857142857,False,LightGBM
2026-01-09,SKU039,2025-12-01,3.0611858445138074,2.0,2.607142857142857,False,LightGBM
2026-01-09,SKU040,2025-12-01,14.522285385801288,11.0,12.464285714285714,False,LightGBM
2026-01-09,SKU041,2025-12-01,10.991744371284959,13.0,9.964285714285714,False,LightGBM
2026-01-09,SKU042,2025-12-01,20.071630552626214,22.0,19.25,False,LightGBM
2026-01-09,SKU043,2025-12-01,20.850031308378465,20.0,19.642857142857142,False,LightGBM
2026-01-09,SKU044,2025-12-01,9.331093694123572,7.0,7.642857142857143,False,LightGBM
2026-01-09,SKU045,2025-12-01,26.129143882086336,24.0,22.25,False,LightGBM
2026-01-09,SKU046,2025-12-01,9.04821512060943,6.0,7.5,False,LightGBM
2026-01-09,SKU047,2025-12-01,13.87657768299961,13.0,13.357142857142858,False,LightGBM
2026-01-09,SKU048,2025-12-01,8.131169100698315,5.0,7.464285714285714,False,LightGBM
2026-01-09,SKU049,2025-12-01,23.874759982223967,21.0,21.785714285714285,False,LightGBM
2026-01-09,SKU050,2025-12-01,5.707008058455679,4.0,5.607142857142857,False,LightGBM
2026-01-10,SKU001,2025-12-01,14.852887456663824,16.0,12.392857142857142,False,LightGBM
2026-01-10,SKU002,2025-12-01,11.480751061011878,14.0,9.357142857142858,False,LightGBM
2026-01-10,SKU003,2025-12-01,5.7861352763031695,6.0,5.214285714285714,False,LightGBM
2026-01-10,SKU004,2025-12-01,5.042496577598841,5.0,3.857142857142857,False,LightGBM
2026-01-10,SKU005,2025-12-01,18.206727782253218,14.0,15.392857142857142,False,LightGBM
2026-01-10,SKU006,2025-12-01,7.220309194948074,4.0,5.535714285714286,False,LightGBM
2026-01-10,SKU007,2025-12-01,26.465634512585815,29.0,21.821428571428573,False,LightGBM
2026-01-10,SKU008,2025-12-01,17.96488587035088,13.0,14.785714285714286,False,LightGBM
2026-01-10,SKU009,2025-12-01,11.365125782393182,12.0,8.785714285714286,False,LightGBM
2026-01-10,SKU010,2025-12-01,18.1009788007644,17.0,14.357142857142858,False,LightGBM
2026-01-10,SKU011,2025-12-01,2.9751489323323095,6.0,2.4285714285714284,False,LightGBM
2026-01-10,SKU012,2025-12-01,29.09738012203569,31.0,22.642857142857142,False,LightGBM
2026-01-10,SKU013,2025-12-01,14.553839401730267,14.0,12.428571428571429,False,LightGBM
2026-01-10,SKU014,2025-12-01,21.363415142602776,22.0,18.857142857142858,False,LightGBM
2026-01-10,SKU015,2025-12-01,4.483062762119614,9.0,3.2857142857142856,False,LightGBM
2026-01-10,SKU016,2025-12-01,14.524363442015751,9.0,11.892857142857142,False,LightGBM
2026-01-10,SKU017,2025-12-01,14.48065496514279,19.0,13.142857142857142,False,LightGBM
2026-01-10,SKU018,2025-12-01,28.272813227300563,19.0,21.464285714285715,False,LightGBM
2026-01-10,SKU019,2025-12-01,16.971854923115192,16.0,14.75,False,LightGBM
2026-01-10,SKU020,2025-12-01,14.58447222776862,19.0,12.428571428571429,False,LightGBM
2026-01-10,SKU021,2025-12-01,8.869792134403442,10.0,6.464285714285714,False,LightGBM
2026-01-10,SKU022,2025-12-01,11.434166206467097,11.0,8.714285714285714,False,LightGBM
2026-01-10,SKU023,2025-12-01,15.151643980745748,15.0,12.75,False,LightGBM
2026-01-10,SKU024,2025-12-01,14.24092030510855,20.0,11.428571428571429,False,LightGBM
2026-01-10,SKU025,2025-12-01,2.970408565944595,0.0,2.0357142857142856,False,LightGBM
2026-01-10,SKU026,2025-12-01,24.049621938873422,25.0,18.25,False,LightGBM
2026-01-10,SKU027,2025-12-01,29.54627337534065,38.0,22.178571428571427,False,LightGBM
2026-01-10,SKU028,2025-12-01,5.9119503005959215,6.0,5.107142857142857,False,LightGBM
2026-01-10,SKU029,2025-12-01,17.690554517783475,13.0,13.535714285714286,False,LightGBM
2026-01-10,SKU030,2025-12-01,4.925890796114214,8.0,4.214285714285714,False,LightGBM
2026-01-10,SKU031,2025-12-01,20.04710487991094,19.0,16.321428571428573,False,LightGBM
2026-01-10,SKU032,2025-12-01,9.937896323942235,12.0,8.392857142857142,False,LightGBM
2026-01-10,SKU033,2025-12-01,18.588390944144052,29.0,17.0,False,LightGBM
2026-01-10,SKU034,2025-12-01,21.771644554313458,26.0,18.214285714285715,False,LightGBM
2026-01-10,SKU035,2025-12-01,22.435632379090702,25.0,17.892857142857142,False,LightGBM
2026-01-10,SKU036,2025-12-01,5.1079893418690405,6.0,4.392857142857143,False,LightGBM
2026-01-10,SKU037,2025-12-01,27.105003277467407,23.0,22.535714285714285,False,LightGBM
2026-01-10,SKU038,2025-12-01,8.299178559212894,9.0,7.857142857142857,False,LightGBM
2026-01-10,SKU039,2025-12-01,3.2575788737329527,3.0,2.607142857142857,False,LightGBM
2026-01-10,SKU040,2025-12-01,16.392463370117913,14.0,12.464285714285714,False,LightGBM
2026-01-10,SKU041,2025-12-01,12.099933586004191,13.0,9.964285714285714,False,LightGBM
2026-01-10,SKU042,2025-12-01,22.292816573688466,28.0,19.25,False,LightGBM
2026-01-10,SKU043,2025-12-01,22.528342124234207,23.0,19.642857142857142,False,LightGBM
2026-01-10,SKU044,2025-12-01,10.492317791099795,14.0,7.642857142857143,False,LightGBM
2026-01-10,SKU045,2025-12-01,28.303180004619467,30.0,22.25,False,LightGBM
2026-01-10,SKU046,2025-12-01,10.121366822822456,12.0,7.5,False,LightGBM
2026-01-10,SKU047,2025-12-01,15.088663752506378,10.0,13.357142857142858,False,LightGBM
2026-01-10,SKU048,2025-12-01,8.908390289952262,9.0,7.464285714285714,False,LightGBM
2026-01-10,SKU049,2025-12-01,28.172446065509437,22.0,21.785714285714285,False,LightGBM
2026-01-10,SKU050,2025-12-01,6.131244196814338,6.0,5.607142857142857,False,LightGBM
2026-01-11,SKU001,2025-12-01,15.06479989806584,16.0,12.392857142857142,False,LightGBM
2026-01-11,SKU002,2025-12-01,11.588857403871653,7.0,9.357142857142858,False,LightGBM
2026-01-11,SKU003,2025-12-01,5.730733543100136,7.0,5.214285714285714,False,LightGBM
2026-01-11,SKU004,2025-12-01,5.019805786682629,5.0,3.857142857142857,False,LightGBM
2026-01-11,SKU005,2025-12-01,18.16196309510229,26.0,15.392857142857142,False,LightGBM
2026-01-11,SKU006,2025-12-01,7.179370888517907,6.0,5.535714285714286,False,LightGBM
2026-01-11,SKU007,2025-12-01,26.83495572150531,33.0,21.821428571428573,False,LightGBM
2026-01-11,SKU008,2025-12-01,18.10805733505364,27.0,14.785714285714286,False,LightGBM
2026-01-11,SKU009,2025-12-01,11.63845530943433,11.0,8.785714285714286,False,LightGBM
2026-01-11,SKU010,2025-12-01,18.045484917865785,24.0,14.357142857142858,False,LightGBM
2026-01-11,SKU011,2025-12-01,2.966131400605896,2.0,2.4285714285714284,False,LightGBM
2026-01-11,SKU012,2025-12-01,28.897380197056002,25.0,22.642857142857142,False,LightGBM
2026-01-11,SKU013,2025-12-01,14.495377348204416,22.0,12.428571428571429,False,LightGBM
2026-01-11,SKU014,2025-12-01,21.63443317405614,36.0,18.857142857142858,False,LightGBM
2026-01-11,SKU015,2025-12-01,4.4740452303932,5.0,3.2857142857142856,False,LightGBM
2026-01-11,SKU016,2025-12-01,14.601677551986038,14.0,11.892857142857142,False,LightGBM
2026-01-11,SKU017,2025-12-01,14.503433661675778,16.0,13.142857142857142,False,LightGBM
2026-01-11,SKU018,2025-12-01,28.006133650347778,26.0,21.464285714285715,False,LightGBM
2026-01-11,SKU019,2025-12-01,16.957992240572256,16.0,14.75,False,LightGBM
2026-01-11,SKU020,2025-12-01,14.513348617580263,17.0,12.428571428571429,False,LightGBM
2026-01-11,SKU021,2025-12-01,8.890252865547716,5.0,6.464285714285714,False,LightGBM
2026-01-11,SKU022,2025-12-01,11.552428722321455,20.0,8.714285714285714,False,LightGBM
2026-01-11,SKU023,2025-12-01,15.36735600060486,12.0,12.75,False,LightGBM
2026-01-11,SKU024,2025-12-01,14.15508365394884,14.0,11.428571428571429,False,LightGBM
2026-01-11,SKU025,2025-12-01,2.9664785211962523,4.0,2.0357142857142856,False,LightGBM
2026-01-11,SKU026,2025-12-01,24.113675958503176,24.0,18.25,False,LightGBM
2026-01-11,SKU027,2025-12-01,29.880297626638576,21.0,22.178571428571427,False,LightGBM
2026-01-11,SKU028,2025-12-01,5.854104978168228,4.0,5.107142857142857,False,LightGBM
2026-01-11,SKU029,2025-12-01,17.85121126224395,18.0,13.535714285714286,False,LightGBM
2026-01-11,SKU030,2025-12-01,4.921960751365871,5.0,4.214285714285714,False,LightGBM
2026-01-11,SKU031,2025-12-01,20.39269791296079,22.0,16.321428571428573,False,LightGBM
2026-01-11,SKU032,2025-12-01,9.984699700757773,9.0,8.392857142857142,False,LightGBM
2026-01-11,SKU033,2025-12-01,18.670345542278667,27.0,17.0,False,LightGBM
2026-01-11,SKU034,2025-12-01,21.675253405500214,27.0,18.214285714285715,False,LightGBM
2026-01-11,SKU035,2025-12-01,22.48789817979944,21.0,17.892857142857142,False,LightGBM
2026-01-11,SKU036,2025-12-01,5.069302490758792,5.0,4.392857142857143,False,LightGBM
2026-01-11,SKU037,2025-12-01,27.333940369426934,32.0,22.535714285714285,False,LightGBM
2026-01-11,SKU038,2025-12-01,8.2621808759664,16.0,7.857142857142857,False,LightGBM
2026-01-11,SKU039,2025-12-01,3.2530673928823854,3.0,2.607142857142857,False,LightGBM
2026-01-11,SKU040,2025-12-01,16.751771469031457,15.0,12.464285714285714,False,LightGBM
2026-01-11,SKU041,2025-12-01,12.089031723217163,16.0,9.964285714285714,False,LightGBM
2026-01-11,SKU042,2025-12-01,22.588910115991496,19.0,19.25,False,LightGBM
2026-01-11,SKU043,2025-12-01,22.65520541489003,20.0,19.642857142857142,False,LightGBM
2026-01-11,SKU044,2025-12-01,10.552546968405839,7.0,7.642857142857143,False,LightGBM
2026-01-11,SKU045,2025-12-01,28.643366173455302,34.0,22.25,False,LightGBM
2026-01-11,SKU046,2025-12-01,10.141927019917205,9.0,7.5,False,LightGBM
2026-01-11,SKU047,2025-12-01,15.23448166467237,23.0,13.357142857142858,False,LightGBM
2026-01-11,SKU048,2025-12-01,8.945698528597466,10.0,7.464285714285714,False,LightGBM
2026-01-11,SKU049,2025-12-01,28.360212644344827,41.0,21.785714285714285,False,LightGBM
2026-01-11,SKU050,2025-12-01,6.372400044083295,5.0,5.607142857142857,False,LightGBM
2026-01-12,SKU001,2025-12-01,13.110905818411199,14.0,12.392857142857142,False,LightGBM
2026-01-12,SKU002,2025-12-01,10.102328211397973,10.0,9.357142857142858,False,LightGBM
2026-01-12,SKU003,2025-12-01,5.215420172369144,6.0,5.214285714285714,False,LightGBM
2026-01-12,SKU004,2025-12-01,4.5676682653701555,2.0,3.857142857142857,False,LightGBM
2026-01-12,SKU005,2025-12-01,15.837756605762886,8.0,15.392857142857142,False,LightGBM
2026-01-12,SKU006,2025-12-01,6.5320407361946184,3.0,5.535714285714286,False,LightGBM
2026-01-12,SKU007,2025-12-01,22.620176594498624,28.0,21.821428571428573,False,LightGBM
2026-01-12,SKU008,2025-12-01,15.369666754130456,19.0,14.785714285714286,False,LightGBM
2026-01-12,SKU009,2025-12-01,10.279044126905829,5.0,8.785714285714286,False,LightGBM
2026-01-12,SKU010,2025-12-01,16.376073095656274,8.0,14.357142857142858,False,LightGBM
2026-01-12,SKU011,2025-12-01,2.5995714726504344,1.0,2.4285714285714284,False,LightGBM
2026-01-12,SKU012,2025-12-01,23.718621622945037,18.0,22.642857142857142,False,LightGBM
2026-01-12,SKU013,2025-12-01,12.538697705791456,16.0,12.428571428571429,False,LightGBM
2026-01-12,SKU014,2025-12-01,19.966888620643495,14.0,18.857142857142858,False,LightGBM
2026-01-12,SKU015,2025-12-01,3.9969707185095382,1.0,3.2857142857142856,False,LightGBM
2026-01-12,SKU016,2025-12-01,12.955984528927425,10.0,11.892857142857142,False,LightGBM
2026-01-12,SKU017,2025-12-01,12.797980087882044,11.0,13.142857142857142,False,LightGBM
2026-01-12,SKU018,2025-12-01,22.661327339503448,18.0,21.464285714285715,False,LightGBM
2026-01-12,SKU019,2025-12-01,15.206830796281839,17.0,14.75,False,LightGBM
2026-01-12,SKU020,2025-12-01,12.931061923377419,12.0,12.428571428571429,False,LightGBM
2026-01-12,SKU021,2025-12-01,8.163589593660006,8.0,6.464285714285714,False,LightGBM
2026-01-12,SKU022,2025-12-01,9.797233464453763,10.0,8.714285714285714,False,LightGBM
2026-01-12,SKU023,2025-12-01,13.526451499523318,7.0,12.75,False,LightGBM
2026-01-12,SKU024,2025-12-01,12.037547407572506,5.0,11.428571428571429,False,LightGBM
2026-01-12,SKU025,2025-12-01,2.57033954313332,0.0,2.0357142857142856,False,LightGBM
2026-01-12,SKU026,2025-12-01,20.87822453323085,16.0,18.25,False,LightGBM
2026-01-12,SKU027,2025-12-01,24.18188923158663,20.0,22.178571428571427,False,LightGBM
2026-01-12,SKU028,2025-12-01,5.224870895095183,5.0,5.107142857142857,False,LightGBM
2026-01-12,SKU029,2025-12-01,15.408087458523019,16.0,13.535714285714286,False,LightGBM
2026-01-12,SKU030,2025-12-01,4.4763366405468625,3.0,4.214285714285714,False,LightGBM
2026-01-12,SKU031,2025-12-01,18.96466211636917,14.0,16.321428571428573,False,LightGBM
2026-01-12,SKU032,2025-12-01,8.746112264035512,5.0,8.392857142857142,False,LightGBM
2026-01-12,SKU033,2025-12-01,17.235141411041287,12.0,17.0,False,LightGBM
2026-01-12,SKU034,2025-12-01,19.01252134358656,18.0,18.214285714285715,False,LightGBM
2026-01-12,SKU035,2025-12-01,20.177865381445034,9.0,17.892857142857142,False,LightGBM
2026-01-12,SKU036,2025-12-01,4.886354204287069,5.0,4.392857142857143,False,LightGBM
2026-01-12,SKU037,2025-12-01,22.173385637145085,19.0,22.535714285714285,False,LightGBM
2026-01-12,SKU038,2025-12-01,7.444557715573278,6.0,7.857142857142857,False,LightGBM
2026-01-12,SKU039,2025-12-01,2.9658528458500446,0.0,2.607142857142857,False,LightGBM
2026-01-12,SKU040,2025-12-01,14.302027697057465,8.0,12.464285714285714,False,LightGBM
2026-01-12,SKU041,2025-12-01,10.848850313397065,8.0,9.964285714285714,False,LightGBM
2026-01-12,SKU042,2025-12-01,19.719327359854535,14.0,19.25,False,LightGBM
2026-01-12,SKU043,2025-12-01,20.185065766013654,11.0,19.642857142857142,False,LightGBM
2026-01-12,SKU044,2025-12-01,9.26166346951106,7.0,7.642857142857143,False,LightGBM
2026-01-12,SKU045,2025-12-01,24.085341306355737,18.0,22.25,False,LightGBM
2026-01-12,SKU046,2025-12-01,8.978212322231117,6.0,7.5,False,LightGBM
2026-01-12,SKU047,2025-12-01,13.476728309625134,14.0,13.357142857142858,False,LightGBM
2026-01-12,SKU048,2025-12-01,7.945386056573001,6.0,7.464285714285714,False,LightGBM
2026-01-12,SKU049,2025-12-01,22.848068940590878,17.0,21.785714285714285,False,LightGBM
2026-01-12,SKU050,2025-12-01,5.617525144252381,3.0,5.607142857142857,False,LightGBM
2026-01-13,SKU001,2025-12-01,13.001879717449278,12.0,12.392857142857142,False,LightGBM
2026-01-13,SKU002,2025-12-01,10.105745533392206,12.0,9.357142857142858,False,LightGBM
2026-01-13,SKU003,2025-12-01,5.2413714811934895,4.0,5.214285714285714,False,LightGBM
2026-01-13,SKU004,2025-12-01,4.585276553085371,0.0,3.857142857142857,False,LightGBM
2026-01-13,SKU005,2025-12-01,16.17964734168092,18.0,15.392857142857142,False,LightGBM
2026-01-13,SKU006,2025-12-01,6.548288388481874,3.0,5.535714285714286,False,LightGBM
2026-01-13,SKU007,2025-12-01,22.5192406826475,24.0,21.821428571428573,False,LightGBM
2026-01-13,SKU008,2025-12-01,15.222374958227936,15.0,14.785714285714286,False,LightGBM
2026-01-13,SKU009,2025-12-01,10.214384340892979,11.0,8.785714285714286,False,LightGBM
2026-01-13,SKU010,2025-12-01,16.314649885685817,18.0,14.357142857142858,False,LightGBM
2026-01-13,SKU011,2025-12-01,2.6348247330109724,1.0,2.4285714285714284,False,LightGBM
2026-01-13,SKU012,2025-12-01,23.870214350028835,20.0,22.642857142857142,False,LightGBM
2026-01-13,SKU013,2025-12-01,12.479372671851307,15.0,12.428571428571429,False,LightGBM
2026-01-13,SKU014,2025-12-01,19.928850339574502,17.0,18.857142857142858,False,LightGBM
2026-01-13,SKU015,2025-12-01,3.993836715583763,2.0,3.2857142857142856,False,LightGBM
2026-01-13,SKU016,2025-12-01,12.882461819564147,9.0,11.892857142857142,False,LightGBM
2026-01-13,SKU017,2025-12-01,13.036579803430865,7.0,13.142857142857142,False,LightGBM
2026-01-13,SKU018,2025-12-01,23.115079882825732,18.0,21.464285714285715,False,LightGBM
2026-01-13,SKU019,2025-12-01,15.371872835586569,9.0,14.75,False,LightGBM
2026-01-13,SKU020,2025-12-01,12.876588485057848,15.0,12.428571428571429,False,LightGBM
2026-01-13,SKU021,2025-12-01,8.197487934848189,9.0,6.464285714285714,False,LightGBM
2026-01-13,SKU022,2025-12-01,9.961730780726496,7.0,8.714285714285714,False,LightGBM
2026-01-13,SKU023,2025-12-01,13.380322579810146,22.0,12.75,False,LightGBM
2026-01-13,SKU024,2025-12-01,11.987949408097375,7.0,11.428571428571429,False,LightGBM
2026-01-13,SKU025,2025-12-01,2.588129672790439,2.0,2.0357142857142856,False,LightGBM
2026-01-13,SKU026,2025-12-01,20.586335304338125,8.0,18.25,False,LightGBM
2026-01-13,SKU027,2025-12-01,24.08473673708954,23.0,22.178571428571427,False,LightGBM
2026-01-13,SKU028,2025-12-01,5.264945135867969,6.0,5.107142857142857,False,LightGBM
2026-01-13,SKU029,2025-12-01,15.286382706066979,10.0,13.535714285714286,False,LightGBM
2026-01-13,SKU030,2025-12-01,4.478335496819121,0.0,4.214285714285714,False,LightGBM
2026-01-13,SKU031,2025-12-01,18.739052364849368,11.0,16.321428571428573,False,LightGBM
2026-01-13,SKU032,2025-12-01,8.98443748517469,2.0,8.392857142857142,False,LightGBM
2026-01-13,SKU033,2025-12-01,16.81881420017555,11.0,17.0,False,LightGBM
2026-01-13,SKU034,2025-12-01,18.954790132994184,18.0,18.214285714285715,False,LightGBM
2026-01-13,SKU035,2025-12-01,19.74148469524928,18.0,17.892857142857142,False,LightGBM
2026-01-13,SKU036,2025-12-01,4.902006178370545,2.0,4.392857142857143,False,LightGBM
2026-01-13,SKU037,2025-12-01,22.09760590502335,16.0,22.535714285714285,False,LightGBM
2026-01-13,SKU038,2025-12-01,7.452400987751213,8.0,7.857142857142857,False,LightGBM
2026-01-13,SKU039,2025-12-01,2.954711834769696,0.0,2.607142857142857,False,LightGBM
2026-01-13,SKU040,2025-12-01,14.294414419418807,11.0,12.464285714285714,False,LightGBM
2026-01-13,SKU041,2025-12-01,10.725793450540781,17.0,9.964285714285714,False,LightGBM
2026-01-13,SKU042,2025-12-01,19.51884665174018,22.0,19.25,False,LightGBM
2026-01-13,SKU043,2025-12-01,19.98198038383021,15.0,19.642857142857142,False,LightGBM
2026-01-13,SKU044,2025-12-01,9.437954019099207,11.0,7.642857142857143,False,LightGBM
2026-01-13,SKU045,2025-12-01,24.311887535543093,26.0,22.25,False,LightGBM
2026-01-13,SKU046,2025-12-01,8.923463838590802,8.0,7.5,False,LightGBM
2026-01-13,SKU047,2025-12-01,13.16363146720911,10.0,13.357142857142858,False,LightGBM
2026-01-13,SKU048,2025-12-01,8.144830935434946,2.0,7.464285714285714,False,LightGBM
2026-01-13,SKU049,2025-12-01,23.200224446756952,18.0,21.785714285714285,False,LightGBM
2026-01-13,SKU050,2025-12-01,5.6340291079258575,2.0,5.607142857142857,False,LightGBM
2026-01-14,SKU001,2025-12-01,12.881153992730466,6.0,12.392857142857142,False,LightGBM
2026-01-14,SKU002,2025-12-01,10.087826650500665,5.0,9.357142857142858,False,LightGBM
2026-01-14,SKU003,2025-12-01,5.243334992829308,4.0,5.214285714285714,False,LightGBM
2026-01-14,SKU004,2025-12-01,4.583168687706054,4.0,3.857142857142857,False,LightGBM
2026-01-14,SKU005,2025-12-01,16.395962205941153,15.0,15.392857142857142,False,LightGBM
2026-01-14,SKU006,2025-12-01,6.550251900117693,7.0,5.535714285714286,False,LightGBM
2026-01-14,SKU007,2025-12-01,22.750839320503196,20.0,21.821428571428573,False,LightGBM
2026-01-14,SKU008,2025-12-01,15.298739003933274,15.0,14.785714285714286,False,LightGBM
2026-01-14,SKU009,2025-12-01,10.196465458001438,10.0,8.785714285714286,False,LightGBM
2026-01-14,SKU010,2025-12-01,16.323650686821633,11.0,14.357142857142858,False,LightGBM
2026-01-14,SKU011,2025-12-01,2.636788244646791,2.0,2.4285714285714284,False,LightGBM
2026-01-14,SKU012,2025-12-01,24.963509134225635,23.0,22.642857142857142,False,LightGBM
2026-01-14,SKU013,2025-12-01,12.477264806471991,15.0,12.428571428571429,False,LightGBM
2026-01-14,SKU014,2025-12-01,19.8826303891839,23.0,18.857142857142858,False,LightGBM
2026-01-14,SKU015,2025-12-01,3.9917288502044457,4.0,3.2857142857142856,False,LightGBM
2026-01-14,SKU016,2025-12-01,12.86925779189121,10.0,11.892857142857142,False,LightGBM
2026-01-14,SKU017,2025-12-01,12.988534782754249,9.0,13.142857142857142,False,LightGBM
2026-01-14,SKU018,2025-12-01,23.336026496786218,26.0,21.464285714285715,False,LightGBM
2026-01-14,SKU019,2025-12-01,15.348434130047355,9.0,14.75,False,LightGBM
2026-01-14,SKU020,2025-12-01,12.865706891666303,15.0,12.428571428571429,False,LightGBM
2026-01-14,SKU021,2025-12-01,8.199451446484007,9.0,6.464285714285714,False,LightGBM
2026-01-14,SKU022,2025-12-01,9.987075554323768,7.0,8.714285714285714,False,LightGBM
2026-01-14,SKU023,2025-12-01,13.348302645785052,6.0,12.75,False,LightGBM
2026-01-14,SKU024,2025-12-01,11.971630772802216,12.0,11.428571428571429,False,LightGBM
2026-01-14,SKU025,2025-12-01,2.5900931844262574,1.0,2.0357142857142856,False,LightGBM
2026-01-14,SKU026,2025-12-01,20.67839907964701,11.0,18.25,False,LightGBM
2026-01-14,SKU027,2025-12-01,24.495983788767834,17.0,22.178571428571427,False,LightGBM
2026-01-14,SKU028,2025-12-01,5.266908647503788,4.0,5.107142857142857,False,LightGBM
2026-01-14,SKU029,2025-12-01,15.302970733738048,15.0,13.535714285714286,False,LightGBM
2026-01-14,SKU030,2025-12-01,4.48029900845494,2.0,4.214285714285714,False,LightGBM
2026-01-14,SKU031,2025-12-01,18.721676122418945,14.0,16.321428571428573,False,LightGBM
2026-01-14,SKU032,2025-12-01,8.98640099681051,4.0,8.392857142857142,False,LightGBM
2026-01-14,SKU033,2025-12-01,16.830216603538446,19.0,17.0,False,LightGBM
2026-01-14,SKU034,2025-12-01,18.86771262608859,14.0,18.214285714285715,False,LightGBM
2026-01-14,SKU035,2025-12-01,19.941233108444774,22.0,17.892857142857142,False,LightGBM
2026-01-14,SKU036,2025-12-01,4.910636540040789,7.0,4.392857142857143,False,LightGBM
2026-01-14,SKU037,2025-12-01,22.57614799123557,20.0,22.535714285714285,False,LightGBM
2026-01-14,SKU038,2025-12-01,7.454364499387032,8.0,7.857142857142857,False,LightGBM
2026-01-14,SKU039,2025-12-01,2.9566753464055147,2.0,2.607142857142857,False,LightGBM
2026-01-14,SKU040,2025-12-01,14.296377931054625,5.0,12.464285714285714,False,LightGBM
2026-01-14,SKU041,2025-12-01,10.788819519781537,9.0,9.964285714285714,False,LightGBM
2026-01-14,SKU042,2025-12-01,19.444267371451733,19.0,19.25,False,LightGBM
2026-01-14,SKU043,2025-12-01,20.039829282265607,12.0,19.642857142857142,False,LightGBM
2026-01-14,SKU044,2025-12-01,9.516953117216739,4.0,7.642857142857143,False,LightGBM
2026-01-14,SKU045,2025-12-01,25.76460421794871,15.0,22.25,False,LightGBM
2026-01-14,SKU046,2025-12-01,9.098460464599107,6.0,7.5,False,LightGBM
2026-01-14,SKU047,2025-12-01,13.122618765914757,8.0,13.357142857142858,False,LightGBM
2026-01-14,SKU048,2025-12-01,8.146794447070766,2.0,7.464285714285714,False,LightGBM
2026-01-14,SKU049,2025-12-01,23.785211350032156,22.0,21.785714285714285,False,LightGBM
2026-01-14,SKU050,2025-12-01,5.6359926195616765,5.0,5.607142857142857,False,LightGBM
2026-01-15,SKU001,2025-12-01,13.039042384854378,10.0,12.392857142857142,False,LightGBM
2026-01-15,SKU002,2025-12-01,10.146699357281127,11.0,9.357142857142858,False,LightGBM
2026-01-15,SKU003,2025-12-01,5.25880486836021,1.0,5.214285714285714,False,LightGBM
2026-01-15,SKU004,2025-12-01,4.605153198245218,3.0,3.857142857142857,False,LightGBM
2026-01-15,SKU005,2025-12-01,16.379779817135113,10.0,15.392857142857142,False,LightGBM
2026-01-15,SKU006,2025-12-01,6.579319685771472,9.0,5.535714285714286,False,LightGBM
2026-01-15,SKU007,2025-12-01,23.076524056516842,20.0,21.821428571428573,False,LightGBM
2026-01-15,SKU008,2025-12-01,15.819889189431708,9.0,14.785714285714286,False,LightGBM
2026-01-15,SKU009,2025-12-01,10.389990187265912,10.0,8.785714285714286,False,LightGBM
2026-01-15,SKU010,2025-12-01,16.474005586346447,12.0,14.357142857142858,False,LightGBM
2026-01-15,SKU011,2025-12-01,2.7029146865167357,1.0,2.4285714285714284,False,LightGBM
2026-01-15,SKU012,2025-12-01,25.399869567148944,19.0,22.642857142857142,False,LightGBM
2026-01-15,SKU013,2025-12-01,12.626549021987632,7.0,12.428571428571429,False,LightGBM
2026-01-15,SKU014,2025-12-01,19.827621481114438,18.0,18.857142857142858,False,LightGBM
2026-01-15,SKU015,2025-12-01,4.049164624009094,8.0,3.2857142857142856,False,LightGBM
2026-01-15,SKU016,2025-12-01,12.884780969172212,8.0,11.892857142857142,False,LightGBM
2026-01-15,SKU017,2025-12-01,13.040654192818367,17.0,13.142857142857142,False,LightGBM
2026-01-15,SKU018,2025-12-01,23.728415107534232,19.0,21.464285714285715,False,LightGBM
2026-01-15,SKU019,2025-12-01,15.400797695055422,12.0,14.75,False,LightGBM
2026-01-15,SKU020,2025-12-01,13.183538347147127,14.0,12.428571428571429,False,LightGBM
2026-01-15,SKU021,2025-12-01,8.35649113617271,2.0,6.464285714285714,False,LightGBM
2026-01-15,SKU022,2025-12-01,10.174456963984149,7.0,8.714285714285714,False,LightGBM
2026-01-15,SKU023,2025-12-01,13.528171857536764,10.0,12.75,False,LightGBM
2026-01-15,SKU024,2025-12-01,12.09349228509971,8.0,11.428571428571429,False,LightGBM
2026-01-15,SKU025,2025-12-01,2.656219626296202,1.0,2.0357142857142856,False,LightGBM
2026-01-15,SKU026,2025-12-01,20.58779145778319,19.0,18.25,False,LightGBM
2026-01-15,SKU027,2025-12-01,25.141686557757396,21.0,22.178571428571427,False,LightGBM
2026-01-15,SKU028,2025-12-01,5.331312520127319,5.0,5.107142857142857,False,LightGBM
2026-01-15,SKU029,2025-12-01,15.83155288034035,14.0,13.535714285714286,False,LightGBM
2026-01-15,SKU030,2025-12-01,4.536326454688693,3.0,4.214285714285714,False,LightGBM
2026-01-15,SKU031,2025-12-01,18.947116999752883,8.0,16.321428571428573,False,LightGBM
2026-01-15,SKU032,2025-12-01,9.017783226994965,10.0,8.392857142857142,False,LightGBM
2026-01-15,SKU033,2025-12-01,16.585540049478436,13.0,17.0,False,LightGBM
2026-01-15,SKU034,2025-12-01,18.988714217008976,15.0,18.214285714285715,False,LightGBM
2026-01-15,SKU035,2025-12-01,19.90527377322006,14.0,17.892857142857142,False,LightGBM
2026-01-15,SKU036,2025-12-01,4.92610641557169,3.0,4.392857142857143,False,LightGBM
2026-01-15,SKU037,2025-12-01,22.87172868912657,15.0,22.535714285714285,False,LightGBM
2026-01-15,SKU038,2025-12-01,7.560109100114363,8.0,7.857142857142857,False,LightGBM
2026-01-15,SKU039,2025-12-01,3.003788028364451,3.0,2.607142857142857,False,LightGBM
2026-01-15,SKU040,2025-12-01,14.381599939127199,12.0,12.464285714285714,False,LightGBM
2026-01-15,SKU041,2025-12-01,10.705224235616658,7.0,9.964285714285714,False,LightGBM
2026-01-15,SKU042,2025-12-01,19.520114114765157,18.0,19.25,False,LightGBM
2026-01-15,SKU043,2025-12-01,20.117535631218253,12.0,19.642857142857142,False,LightGBM
2026-01-15,SKU044,2025-12-01,9.689254870868147,7.0,7.642857142857143,False,LightGBM
2026-01-15,SKU045,2025-12-01,25.84601997985479,17.0,22.25,False,LightGBM
2026-01-15,SKU046,2025-12-01,9.084881022947831,5.0,7.5,False,LightGBM
2026-01-15,SKU047,2025-12-01,13.134061710427183,12.0,13.357142857142858,False,LightGBM
2026-01-15,SKU048,2025-12-01,8.242471903394208,2.0,7.464285714285714,False,LightGBM
2026-01-15,SKU049,2025-12-01,24.726713361641437,18.0,21.785714285714285,False,LightGBM
2026-01-15,SKU050,2025-12-01,5.706335865008849,5.0,5.607142857142857,False,LightGBM
2026-01-16,SKU001,2025-12-01,13.284297465698705,10.0,12.392857142857142,False,LightGBM
2026-01-16,SKU002,2025-12-01,10.246027607237583,7.0,9.357142857142858,False,LightGBM
2026-01-16,SKU003,2025-12-01,5.32776030840279,1.0,5.214285714285714,False,LightGBM
2026-01-16,SKU004,2025-12-01,4.652699322037645,3.0,3.857142857142857,False,LightGBM
2026-01-16,SKU005,2025-12-01,16.70595155143495,9.0,15.392857142857142,False,LightGBM
2026-01-16,SKU006,2025-12-01,6.6280287607961785,8.0,5.535714285714286,False,LightGBM
2026-01-16,SKU007,2025-12-01,23.31216234146116,27.0,21.821428571428573,False,LightGBM
2026-01-16,SKU008,2025-12-01,16.22038796758537,19.0,14.785714285714286,False,LightGBM
2026-01-16,SKU009,2025-12-01,10.46800683602539,7.0,8.785714285714286,False,LightGBM
2026-01-16,SKU010,2025-12-01,16.655853257277247,14.0,14.357142857142858,False,LightGBM
2026-01-16,SKU011,2025-12-01,2.7467117031886903,2.0,2.4285714285714284,False,LightGBM
2026-01-16,SKU012,2025-12-01,26.217147807214932,25.0,22.642857142857142,False,LightGBM
2026-01-16,SKU013,2025-12-01,12.807060120881479,6.0,12.428571428571429,False,LightGBM
2026-01-16,SKU014,2025-12-01,20.004569309263818,21.0,18.857142857142858,False,LightGBM
2026-01-16,SKU015,2025-12-01,4.119144830996134,2.0,3.2857142857142856,False,LightGBM
2026-01-16,SKU016,2025-12-01,13.049855104100695,11.0,11.892857142857142,False,LightGBM
2026-01-16,SKU017,2025-12-01,13.191469349421192,11.0,13.142857142857142,False,LightGBM
2026-01-16,SKU018,2025-12-01,23.57721315383703,26.0,21.464285714285715,False,LightGBM
2026-01-16,SKU019,2025-12-01,15.568555702036496,9.0,14.75,False,LightGBM
2026-01-16,SKU020,2025-12-01,13.37699105196023,5.0,12.428571428571429,False,LightGBM
2026-01-16,SKU021,2025-12-01,8.380180040465827,4.0,6.464285714285714,False,LightGBM
2026-01-16,SKU022,2025-12-01,10.4643541213502,7.0,8.714285714285714,False,LightGBM
2026-01-16,SKU023,2025-12-01,13.7298749018896,18.0,12.75,False,LightGBM
2026-01-16,SKU024,2025-12-01,12.318500441843183,10.0,11.428571428571429,False,LightGBM
2026-01-16,SKU025,2025-12-01,2.7435883910739256,1.0,2.0357142857142856,False,LightGBM
2026-01-16,SKU026,2025-12-01,20.750941528029614,23.0,18.25,False,LightGBM
2026-01-16,SKU027,2025-12-01,25.889523168151058,22.0,22.178571428571427,False,LightGBM
2026-01-16,SKU028,2025-12-01,5.3702382516832845,4.0,5.107142857142857,False,LightGBM
2026-01-16,SKU029,2025-12-01,16.156197611359854,10.0,13.535714285714286,False,LightGBM
2026-01-16,SKU030,2025-12-01,4.609231493757409,5.0,4.214285714285714,False,LightGBM
2026-01-16,SKU031,2025-12-01,18.98724487987061,16.0,16.321428571428573,False,LightGBM
2026-01-16,SKU032,2025-12-01,9.098943364617526,8.0,8.392857142857142,False,LightGBM
2026-01-16,SKU033,2025-12-01,16.748322488399605,10.0,17.0,False,LightGBM
2026-01-16,SKU034,2025-12-01,19.376553687463968,12.0,18.214285714285715,False,LightGBM
2026-01-16,SKU035,2025-12-01,19.758194957553723,22.0,17.892857142857142,False,LightGBM
2026-01-16,SKU036,2025-12-01,4.962804236491248,3.0,4.392857142857143,False,LightGBM
2026-01-16,SKU037,2025-12-01,23.24288803516941,19.0,22.535714285714285,False,LightGBM
2026-01-16,SKU038,2025-12-01,7.586979831795997,6.0,7.857142857142857,False,LightGBM
2026-01-16,SKU039,2025-12-01,3.0348494916604114,2.0,2.607142857142857,False,LightGBM
2026-01-16,SKU040,2025-12-01,14.52946299498978,11.0,12.464285714285714,False,LightGBM
2026-01-16,SKU041,2025-12-01,10.822200527968635,13.0,9.964285714285714,False,LightGBM
2026-01-16,SKU042,2025-12-01,19.680698108033063,22.0,19.25,False,LightGBM
2026-01-16,SKU043,2025-12-01,20.200081447588072,20.0,19.642857142857142,False,LightGBM
2026-01-16,SKU044,2025-12-01,9.766623552666996,7.0,7.642857142857143,False,LightGBM
2026-01-16,SKU045,2025-12-01,26.71727003383686,24.0,22.25,False,LightGBM
2026-01-16,SKU046,2025-12-01,9.11507437795221,6.0,7.5,False,LightGBM
2026-01-16,SKU047,2025-12-01,13.237818165293218,13.0,13.357142857142858,False,LightGBM
2026-01-16,SKU048,2025-12-01,8.352837023398132,5.0,7.464285714285714,False,LightGBM
2026-01-16,SKU049,2025-12-01,25.01950903487593,21.0,21.785714285714285,False,LightGBM
2026-01-16,SKU050,2025-12-01,5.744653328862979,4.0,5.607142857142857,False,LightGBM
2026-01-17,SKU001,2025-12-01,14.727493016765159,16.0,12.392857142857142,False,LightGBM
2026-01-17,SKU002,2025-12-01,11.783499536832501,14.0,9.357142857142858,False,LightGBM
2026-01-17,SKU003,2025-12-01,5.782804417716754,6.0,5.214285714285714,False,LightGBM
2026-01-17,SKU004,2025-12-01,5.0485280388380875,5.0,3.857142857142857,False,LightGBM
2026-01-17,SKU005,2025-12-01,18.222888975961116,14.0,15.392857142857142,False,LightGBM
2026-01-17,SKU006,2025-12-01,7.211501005570133,4.0,5.535714285714286,False,LightGBM
2026-01-17,SKU007,2025-12-01,27.36198301506603,29.0,21.821428571428573,False,LightGBM
2026-01-17,SKU008,2025-12-01,18.176192437465804,13.0,14.785714285714286,False,LightGBM
2026-01-17,SKU009,2025-12-01,11.745084126023853,12.0,8.785714285714286,False,LightGBM
2026-01-17,SKU010,2025-12-01,18.03992056905898,17.0,14.357142857142858,False,LightGBM
2026-01-17,SKU011,2025-12-01,2.9829922045102455,6.0,2.4285714285714284,False,LightGBM
2026-01-17,SKU012,2025-12-01,29.51599869953135,31.0,22.642857142857142,False,LightGBM
2026-01-17,SKU013,2025-12-01,14.407093722230838,14.0,12.428571428571429,False,LightGBM
2026-01-17,SKU014,2025-12-01,21.918323625592098,22.0,18.857142857142858,False,LightGBM
2026-01-17,SKU015,2025-12-01,4.736768825031653,9.0,3.2857142857142856,False,LightGBM
2026-01-17,SKU016,2025-12-01,14.80254908300538,9.0,11.892857142857142,False,LightGBM
2026-01-17,SKU017,2025-12-01,14.711721928014473,19.0,13.142857142857142,False,LightGBM
2026-01-17,SKU018,2025-12-01,27.7756558952588,19.0,21.464285714285715,False,LightGBM
2026-01-17,SKU019,2025-12-01,17.40647442773223,16.0,14.75,False,LightGBM
2026-01-17,SKU020,2025-12-01,14.768611798062041,19.0,12.428571428571429,False,LightGBM
2026-01-17,SKU021,2025-12-01,9.484781004185844,10.0,6.464285714285714,False,LightGBM
2026-01-17,SKU022,2025-12-01,11.648709417090116,11.0,8.714285714285714,False,LightGBM
2026-01-17,SKU023,2025-12-01,15.300417501705844,15.0,12.75,False,LightGBM
2026-01-17,SKU024,2025-12-01,14.228422858920766,20.0,11.428571428571429,False,LightGBM
2026-01-17,SKU025,2025-12-01,2.990989891999,0.0,2.0357142857142856,False,LightGBM
2026-01-17,SKU026,2025-12-01,24.539826162634366,25.0,18.25,False,LightGBM
2026-01-17,SKU027,2025-12-01,29.669631953136577,38.0,22.178571428571427,False,LightGBM
2026-01-17,SKU028,2025-12-01,5.919793572773857,6.0,5.107142857142857,False,LightGBM
2026-01-17,SKU029,2025-12-01,17.673209611770506,13.0,13.535714285714286,False,LightGBM
2026-01-17,SKU030,2025-12-01,5.011023568927117,8.0,4.214285714285714,False,LightGBM
2026-01-17,SKU031,2025-12-01,20.333420165267746,19.0,16.321428571428573,False,LightGBM
2026-01-17,SKU032,2025-12-01,10.176434673747815,12.0,8.392857142857142,False,LightGBM
2026-01-17,SKU033,2025-12-01,18.488141413424774,29.0,17.0,False,LightGBM
2026-01-17,SKU034,2025-12-01,21.74845628127383,26.0,18.214285714285715,False,LightGBM
2026-01-17,SKU035,2025-12-01,22.43363889407882,25.0,17.892857142857142,False,LightGBM
2026-01-17,SKU036,2025-12-01,5.467650474145279,6.0,4.392857142857143,False,LightGBM
2026-01-17,SKU037,2025-12-01,27.383805975646375,23.0,22.535714285714285,False,LightGBM
2026-01-17,SKU038,2025-12-01,8.282056269131745,9.0,7.857142857142857,False,LightGBM
2026-01-17,SKU039,2025-12-01,3.254248015146538,3.0,2.607142857142857,False,LightGBM
2026-01-17,SKU040,2025-12-01,16.582486078564003,14.0,12.464285714285714,False,LightGBM
2026-01-17,SKU041,2025-12-01,12.46176127706444,13.0,9.964285714285714,False,LightGBM
2026-01-17,SKU042,2025-12-01,21.876916673096073,28.0,19.25,False,LightGBM
2026-01-17,SKU043,2025-12-01,22.514776814367547,23.0,19.642857142857142,False,LightGBM
2026-01-17,SKU044,2025-12-01,10.90339271638013,14.0,7.642857142857143,False,LightGBM
2026-01-17,SKU045,2025-12-01,29.002564816720604,30.0,22.25,False,LightGBM
2026-01-17,SKU046,2025-12-01,10.301275980182087,12.0,7.5,False,LightGBM
2026-01-17,SKU047,2025-12-01,14.722438992490273,10.0,13.357142857142858,False,LightGBM
2026-01-17,SKU048,2025-12-01,9.509772773288027,9.0,7.464285714285714,False,LightGBM
2026-01-17,SKU049,2025-12-01,28.326594773038746,22.0,21.785714285714285,False,LightGBM
2026-01-17,SKU050,2025-12-01,6.347679868956195,6.0,5.607142857142857,False,LightGBM
2026-01-18,SKU001,2025-12-01,15.060047167345662,16.0,12.392857142857142,False,LightGBM
2026-01-18,SKU002,2025-12-01,11.981311128386176,7.0,9.357142857142858,False,LightGBM
2026-01-18,SKU003,2025-12-01,5.738576815278072,7.0,5.214285714285714,False,LightGBM
2026-01-18,SKU004,2025-12-01,5.025837247921876,5.0,3.857142857142857,False,LightGBM
2026-01-18,SKU005,2025-12-01,18.342248914008408,26.0,15.392857142857142,False,LightGBM
2026-01-18,SKU006,2025-12-01,7.203428693299094,6.0,5.535714285714286,False,LightGBM
2026-01-18,SKU007,2025-12-01,27.482769459190887,33.0,21.821428571428573,False,LightGBM
2026-01-18,SKU008,2025-12-01,18.47845700580403,27.0,14.785714285714286,False,LightGBM
2026-01-18,SKU009,2025-12-01,11.726719386243829,11.0,8.785714285714286,False,LightGBM
2026-01-18,SKU010,2025-12-01,18.08446237842812,24.0,14.357142857142858,False,LightGBM
2026-01-18,SKU011,2025-12-01,2.973974672783832,2.0,2.4285714285714284,False,LightGBM
2026-01-18,SKU012,2025-12-01,29.11241486588113,25.0,22.642857142857142,False,LightGBM
2026-01-18,SKU013,2025-12-01,14.620227803476602,22.0,12.428571428571429,False,LightGBM
2026-01-18,SKU014,2025-12-01,21.84723853006204,36.0,18.857142857142858,False,LightGBM
2026-01-18,SKU015,2025-12-01,4.727751293305239,5.0,3.2857142857142856,False,LightGBM
2026-01-18,SKU016,2025-12-01,14.843719501707271,14.0,11.892857142857142,False,LightGBM
2026-01-18,SKU017,2025-12-01,14.70445527402438,16.0,13.142857142857142,False,LightGBM
2026-01-18,SKU018,2025-12-01,27.82170960070614,26.0,21.464285714285715,False,LightGBM
2026-01-18,SKU019,2025-12-01,17.77816342514745,16.0,14.75,False,LightGBM
2026-01-18,SKU020,2025-12-01,14.633257376564924,17.0,12.428571428571429,False,LightGBM
2026-01-18,SKU021,2025-12-01,9.505241735330118,5.0,6.464285714285714,False,LightGBM
2026-01-18,SKU022,2025-12-01,11.994080067325937,20.0,8.714285714285714,False,LightGBM
2026-01-18,SKU023,2025-12-01,15.443167623111984,12.0,12.75,False,LightGBM
2026-01-18,SKU024,2025-12-01,14.176866455856816,14.0,11.428571428571429,False,LightGBM
2026-01-18,SKU025,2025-12-01,2.987059847250657,4.0,2.0357142857142856,False,LightGBM
2026-01-18,SKU026,2025-12-01,25.227318678770665,24.0,18.25,False,LightGBM
2026-01-18,SKU027,2025-12-01,29.668050112719587,21.0,22.178571428571427,False,LightGBM
2026-01-18,SKU028,2025-12-01,5.861948250346163,4.0,5.107142857142857,False,LightGBM
2026-01-18,SKU029,2025-12-01,17.779777273285255,18.0,13.535714285714286,False,LightGBM
2026-01-18,SKU030,2025-12-01,5.0070935241787735,5.0,4.214285714285714,False,LightGBM
2026-01-18,SKU031,2025-12-01,20.865764875100048,22.0,16.321428571428573,False,LightGBM
2026-01-18,SKU032,2025-12-01,10.223238050563353,9.0,8.392857142857142,False,LightGBM
2026-01-18,SKU033,2025-12-01,18.73059768959906,27.0,17.0,False,LightGBM
2026-01-18,SKU034,2025-12-01,21.69870727712865,27.0,18.214285714285715,False,LightGBM
2026-01-18,SKU035,2025-12-01,22.51825817902191,21.0,17.892857142857142,False,LightGBM
2026-01-18,SKU036,2025-12-01,5.428963623035031,5.0,4.392857142857143,False,LightGBM
2026-01-18,SKU037,2025-12-01,27.662321266079392,32.0,22.535714285714285,False,LightGBM
2026-01-18,SKU038,2025-12-01,8.245058585885252,16.0,7.857142857142857,False,LightGBM
2026-01-18,SKU039,2025-12-01,3.2609106650603215,3.0,2.607142857142857,False,LightGBM
2026-01-18,SKU040,2025-12-01,17.010305971397273,15.0,12.464285714285714,False,LightGBM
2026-01-18,SKU041,2025-12-01,12.466053387930566,16.0,9.964285714285714,False,LightGBM
2026-01-18,SKU042,2025-12-01,22.50379497705899,19.0,19.25,False,LightGBM
2026-01-18,SKU043,2025-12-01,22.58348269909416,20.0,19.642857142857142,False,LightGBM
2026-01-18,SKU044,2025-12-01,10.837317907452388,7.0,7.642857142857143,False,LightGBM
2026-01-18,SKU045,2025-12-01,28.573520002267816,34.0,22.25,False,LightGBM
2026-01-18,SKU046,2025-12-01,10.31969812713127,9.0,7.5,False,LightGBM
2026-01-18,SKU047,2025-12-01,14.910295087430352,23.0,13.357142857142858,False,LightGBM
2026-01-18,SKU048,2025-12-01,9.547081011933232,10.0,7.464285714285714,False,LightGBM
2026-01-18,SKU049,2025-12-01,28.569849456477296,41.0,21.785714285714285,False,LightGBM
2026-01-18,SKU050,2025-12-01,6.385179754559501,5.0,5.607142857142857,False,LightGBM
2026-01-19,SKU001,2025-12-01,12.963799567818542,14.0,12.392857142857142,False,LightGBM
2026-01-19,SKU002,2025-12-01,10.255744126481071,10.0,9.357142857142858,False,LightGBM
2026-01-19,SKU003,2025-12-01,5.2046603427261795,6.0,5.214285714285714,False,LightGBM
2026-01-19,SKU004,2025-12-01,4.542845767872809,2.0,3.857142857142857,False,LightGBM
2026-01-19,SKU005,2025-12-01,16.299257322087232,8.0,15.392857142857142,False,LightGBM
2026-01-19,SKU006,2025-12-01,6.548669569919257,3.0,5.535714285714286,False,LightGBM
2026-01-19,SKU007,2025-12-01,23.164281806470157,28.0,21.821428571428573,False,LightGBM
2026-01-19,SKU008,2025-12-01,15.672325181720193,19.0,14.785714285714286,False,LightGBM
2026-01-19,SKU009,2025-12-01,10.35791735576241,5.0,8.785714285714286,False,LightGBM
2026-01-19,SKU010,2025-12-01,16.56073842358557,8.0,14.357142857142858,False,LightGBM
2026-01-19,SKU011,2025-12-01,2.5999857737718215,1.0,2.4285714285714284,False,LightGBM
2026-01-19,SKU012,2025-12-01,24.23560601863675,18.0,22.642857142857142,False,LightGBM
2026-01-19,SKU013,2025-12-01,12.658347189230266,16.0,12.428571428571429,False,LightGBM
2026-01-19,SKU014,2025-12-01,20.119139980324775,14.0,18.857142857142858,False,LightGBM
2026-01-19,SKU015,2025-12-01,4.2432478103650215,1.0,3.2857142857142856,False,LightGBM
2026-01-19,SKU016,2025-12-01,13.157594802681594,10.0,11.892857142857142,False,LightGBM
2026-01-19,SKU017,2025-12-01,13.050635405977884,11.0,13.142857142857142,False,LightGBM
2026-01-19,SKU018,2025-12-01,22.5498429220364,18.0,21.464285714285715,False,LightGBM
2026-01-19,SKU019,2025-12-01,15.535833156826897,17.0,14.75,False,LightGBM
2026-01-19,SKU020,2025-12-01,13.085604601571388,12.0,12.428571428571429,False,LightGBM
2026-01-19,SKU021,2025-12-01,8.551091408326156,8.0,6.464285714285714,False,LightGBM
2026-01-19,SKU022,2025-12-01,10.008741409587724,10.0,8.714285714285714,False,LightGBM
2026-01-19,SKU023,2025-12-01,13.562818414003068,7.0,12.75,False,LightGBM
2026-01-19,SKU024,2025-12-01,12.12927699122706,5.0,11.428571428571429,False,LightGBM
2026-01-19,SKU025,2025-12-01,2.5834918981311756,0.0,2.0357142857142856,False,LightGBM
2026-01-19,SKU026,2025-12-01,21.088241244216178,16.0,18.25,False,LightGBM
2026-01-19,SKU027,2025-12-01,24.864701998824174,20.0,22.178571428571427,False,LightGBM
2026-01-19,SKU028,2025-12-01,5.22528519621657,5.0,5.107142857142857,False,LightGBM
2026-01-19,SKU029,2025-12-01,15.712983665463259,16.0,13.535714285714286,False,LightGBM
2026-01-19,SKU030,2025-12-01,4.506058224460366,3.0,4.214285714285714,False,LightGBM
2026-01-19,SKU031,2025-12-01,18.77963954674853,14.0,16.321428571428573,False,LightGBM
2026-01-19,SKU032,2025-12-01,9.03831755640422,5.0,8.392857142857142,False,LightGBM
2026-01-19,SKU033,2025-12-01,16.93692717573638,12.0,17.0,False,LightGBM
2026-01-19,SKU034,2025-12-01,19.055011388942507,18.0,18.214285714285715,False,LightGBM
2026-01-19,SKU035,2025-12-01,20.0409968002279,9.0,17.892857142857142,False,LightGBM
2026-01-19,SKU036,2025-12-01,4.902983038011707,5.0,4.392857142857143,False,LightGBM
2026-01-19,SKU037,2025-12-01,22.500821766575324,19.0,22.535714285714285,False,LightGBM
2026-01-19,SKU038,2025-12-01,7.444972016694664,6.0,7.857142857142857,False,LightGBM
2026-01-19,SKU039,2025-12-01,2.9550930162070808,0.0,2.607142857142857,False,LightGBM
2026-01-19,SKU040,2025-12-01,14.687996341196015,8.0,12.464285714285714,False,LightGBM
2026-01-19,SKU041,2025-12-01,11.071698997103656,8.0,9.964285714285714,False,LightGBM
2026-01-19,SKU042,2025-12-01,19.703938799084867,14.0,19.25,False,LightGBM
2026-01-19,SKU043,2025-12-01,20.07654782489158,11.0,19.642857142857142,False,LightGBM
2026-01-19,SKU044,2025-12-01,9.84727319292073,7.0,7.642857142857143,False,LightGBM
2026-01-19,SKU045,2025-12-01,25.254877532553106,18.0,22.25,False,LightGBM
2026-01-19,SKU046,2025-12-01,9.154613544189456,6.0,7.5,False,LightGBM
2026-01-19,SKU047,2025-12-01,13.131861349260127,14.0,13.357142857142858,False,LightGBM
2026-01-19,SKU048,2025-12-01,8.364859586211223,6.0,7.464285714285714,False,LightGBM
2026-01-19,SKU049,2025-12-01,23.685833429084663,17.0,21.785714285714285,False,LightGBM
2026-01-19,SKU050,2025-12-01,5.666208643266979,3.0,5.607142857142857,False,LightGBM
2026-01-20,SKU001,2025-12-01,12.983245716157457,12.0,12.392857142857142,False,LightGBM
2026-01-20,SKU002,2025-12-01,10.230977324431297,12.0,9.357142857142858,False,LightGBM
2026-01-20,SKU003,2025-12-01,5.2413714811934895,4.0,5.214285714285714,False,LightGBM
2026-01-20,SKU004,2025-12-01,4.574589619281795,0.0,3.857142857142857,False,LightGBM
2026-01-20,SKU005,2025-12-01,16.437975401876642,18.0,15.392857142857142,False,LightGBM
2026-01-20,SKU006,2025-12-01,6.765558941028234,3.0,5.535714285714286,False,LightGBM
2026-01-20,SKU007,2025-12-01,23.229855508327745,24.0,21.821428571428573,False,LightGBM
2026-01-20,SKU008,2025-12-01,15.600797879121426,15.0,14.785714285714286,False,LightGBM
2026-01-20,SKU009,2025-12-01,10.352199796554887,11.0,8.785714285714286,False,LightGBM
2026-01-20,SKU010,2025-12-01,16.58264835152784,18.0,14.357142857142858,False,LightGBM
2026-01-20,SKU011,2025-12-01,2.6348247330109724,1.0,2.4285714285714284,False,LightGBM
2026-01-20,SKU012,2025-12-01,24.40200350158529,20.0,22.642857142857142,False,LightGBM
2026-01-20,SKU013,2025-12-01,12.979568534265912,15.0,12.428571428571429,False,LightGBM
2026-01-20,SKU014,2025-12-01,20.078748405136114,17.0,18.857142857142858,False,LightGBM
2026-01-20,SKU015,2025-12-01,4.23969950631786,2.0,3.2857142857142856,False,LightGBM
2026-01-20,SKU016,2025-12-01,13.177547700748432,9.0,11.892857142857142,False,LightGBM
2026-01-20,SKU017,2025-12-01,13.114603274174508,7.0,13.142857142857142,False,LightGBM
2026-01-20,SKU018,2025-12-01,22.657097960348416,18.0,21.464285714285715,False,LightGBM
2026-01-20,SKU019,2025-12-01,15.501129148092401,9.0,14.75,False,LightGBM
2026-01-20,SKU020,2025-12-01,13.084251153833675,15.0,12.428571428571429,False,LightGBM
2026-01-20,SKU021,2025-12-01,8.633579268487694,9.0,6.464285714285714,False,LightGBM
2026-01-20,SKU022,2025-12-01,10.272910310264466,7.0,8.714285714285714,False,LightGBM
2026-01-20,SKU023,2025-12-01,13.582053895169242,22.0,12.75,False,LightGBM
2026-01-20,SKU024,2025-12-01,12.172183845463907,7.0,11.428571428571429,False,LightGBM
2026-01-20,SKU025,2025-12-01,2.6008677266669076,2.0,2.0357142857142856,False,LightGBM
2026-01-20,SKU026,2025-12-01,20.80775504374421,8.0,18.25,False,LightGBM
2026-01-20,SKU027,2025-12-01,24.677810445077924,23.0,22.178571428571427,False,LightGBM
2026-01-20,SKU028,2025-12-01,5.264945135867969,6.0,5.107142857142857,False,LightGBM
2026-01-20,SKU029,2025-12-01,15.588081094778525,10.0,13.535714285714286,False,LightGBM
2026-01-20,SKU030,2025-12-01,4.507642779611238,0.0,4.214285714285714,False,LightGBM
2026-01-20,SKU031,2025-12-01,18.973769492142505,11.0,16.321428571428573,False,LightGBM
2026-01-20,SKU032,2025-12-01,9.052096156266108,2.0,8.392857142857142,False,LightGBM
2026-01-20,SKU033,2025-12-01,17.091559769745597,11.0,17.0,False,LightGBM
2026-01-20,SKU034,2025-12-01,19.0842151877037,18.0,18.214285714285715,False,LightGBM
2026-01-20,SKU035,2025-12-01,19.787384014930982,18.0,17.892857142857142,False,LightGBM
2026-01-20,SKU036,2025-12-01,4.902006178370545,2.0,4.392857142857143,False,LightGBM
2026-01-20,SKU037,2025-12-01,22.65667347542831,16.0,22.535714285714285,False,LightGBM
2026-01-20,SKU038,2025-12-01,7.452400987751213,8.0,7.857142857142857,False,LightGBM
2026-01-20,SKU039,2025-12-01,2.954711834769696,0.0,2.607142857142857,False,LightGBM
2026-01-20,SKU040,2025-12-01,14.907614127949545,11.0,12.464285714285714,False,LightGBM
2026-01-20,SKU041,2025-12-01,11.125120724473195,17.0,9.964285714285714,False,LightGBM
2026-01-20,SKU042,2025-12-01,19.54082908649853,22.0,19.25,False,LightGBM
2026-01-20,SKU043,2025-12-01,20.06966429963349,15.0,19.642857142857142,False,LightGBM
2026-01-20,SKU044,2025-12-01,9.784885423724706,11.0,7.642857142857143,False,LightGBM
2026-01-20,SKU045,2025-12-01,25.37299544304561,26.0,22.25,False,LightGBM
2026-01-20,SKU046,2025-12-01,9.17811805886312,8.0,7.5,False,LightGBM
2026-01-20,SKU047,2025-12-01,13.043774998381124,10.0,13.357142857142858,False,LightGBM
2026-01-20,SKU048,2025-12-01,8.431061173379002,2.0,7.464285714285714,False,LightGBM
2026-01-20,SKU049,2025-12-01,23.359718930967865,18.0,21.785714285714285,False,LightGBM
2026-01-20,SKU050,2025-12-01,5.676521557469954,2.0,5.607142857142857,False,LightGBM
2026-01-21,SKU001,2025-12-01,12.985209227793277,6.0,12.392857142857142,False,LightGBM
2026-01-21,SKU002,2025-12-01,10.251250512141398,5.0,9.357142857142858,False,LightGBM
2026-01-21,SKU003,2025-12-01,5.243334992829308,4.0,5.214285714285714,False,LightGBM
2026-01-21,SKU004,2025-12-01,4.572481753902478,4.0,3.857142857142857,False,LightGBM
2026-01-21,SKU005,2025-12-01,16.390596281525458,15.0,15.392857142857142,False,LightGBM
2026-01-21,SKU006,2025-12-01,6.767522452664053,7.0,5.535714285714286,False,LightGBM
2026-01-21,SKU007,2025-12-01,23.417143219292875,20.0,21.821428571428573,False,LightGBM
2026-01-21,SKU008,2025-12-01,15.592610392358035,15.0,14.785714285714286,False,LightGBM
2026-01-21,SKU009,2025-12-01,10.334280913663346,10.0,8.785714285714286,False,LightGBM
2026-01-21,SKU010,2025-12-01,16.591649152663656,11.0,14.357142857142858,False,LightGBM
2026-01-21,SKU011,2025-12-01,2.636788244646791,2.0,2.4285714285714284,False,LightGBM
2026-01-21,SKU012,2025-12-01,25.4147894128782,23.0,22.642857142857142,False,LightGBM
2026-01-21,SKU013,2025-12-01,13.0171919427844,15.0,12.428571428571429,False,LightGBM
2026-01-21,SKU014,2025-12-01,20.072650181038732,23.0,18.857142857142858,False,LightGBM
2026-01-21,SKU015,2025-12-01,4.237591640938542,4.0,3.2857142857142856,False,LightGBM
2026-01-21,SKU016,2025-12-01,13.208753330693002,10.0,11.892857142857142,False,LightGBM
2026-01-21,SKU017,2025-12-01,13.092613014267831,9.0,13.142857142857142,False,LightGBM
2026-01-21,SKU018,2025-12-01,23.16159176236632,26.0,21.464285714285715,False,LightGBM
2026-01-21,SKU019,2025-12-01,15.867576011559441,9.0,14.75,False,LightGBM
2026-01-21,SKU020,2025-12-01,13.07336956044213,15.0,12.428571428571429,False,LightGBM
2026-01-21,SKU021,2025-12-01,8.635542780123513,9.0,6.464285714285714,False,LightGBM
2026-01-21,SKU022,2025-12-01,10.275714993218108,7.0,8.714285714285714,False,LightGBM
2026-01-21,SKU023,2025-12-01,13.598027039753442,6.0,12.75,False,LightGBM
2026-01-21,SKU024,2025-12-01,12.126168915207513,12.0,11.428571428571429,False,LightGBM
2026-01-21,SKU025,2025-12-01,2.602831238302726,1.0,2.0357142857142856,False,LightGBM
2026-01-21,SKU026,2025-12-01,21.19298850396587,11.0,18.25,False,LightGBM
2026-01-21,SKU027,2025-12-01,25.03906257055911,17.0,22.178571428571427,False,LightGBM
2026-01-21,SKU028,2025-12-01,5.266908647503788,4.0,5.107142857142857,False,LightGBM
2026-01-21,SKU029,2025-12-01,15.604669122449595,15.0,13.535714285714286,False,LightGBM
2026-01-21,SKU030,2025-12-01,4.509606291247057,2.0,4.214285714285714,False,LightGBM
2026-01-21,SKU031,2025-12-01,18.905202634612763,14.0,16.321428571428573,False,LightGBM
2026-01-21,SKU032,2025-12-01,9.054059667901928,4.0,8.392857142857142,False,LightGBM
2026-01-21,SKU033,2025-12-01,16.86158417509064,19.0,17.0,False,LightGBM
2026-01-21,SKU034,2025-12-01,18.991431563898985,14.0,18.214285714285715,False,LightGBM
2026-01-21,SKU035,2025-12-01,20.063883550064233,22.0,17.892857142857142,False,LightGBM
2026-01-21,SKU036,2025-12-01,4.903969690006365,7.0,4.392857142857143,False,LightGBM
2026-01-21,SKU037,2025-12-01,23.04697578393101,20.0,22.535714285714285,False,LightGBM
2026-01-21,SKU038,2025-12-01,7.454364499387032,8.0,7.857142857142857,False,LightGBM
2026-01-21,SKU039,2025-12-01,2.9566753464055147,2.0,2.607142857142857,False,LightGBM
2026-01-21,SKU040,2025-12-01,14.87457928761608,5.0,12.464285714285714,False,LightGBM
2026-01-21,SKU041,2025-12-01,11.127084236109017,9.0,9.964285714285714,False,LightGBM
2026-01-21,SKU042,2025-12-01,19.947153271944018,19.0,19.25,False,LightGBM
2026-01-21,SKU043,2025-12-01,20.38033340500393,12.0,19.642857142857142,False,LightGBM
2026-01-21,SKU044,2025-12-01,9.78823963882441,4.0,7.642857142857143,False,LightGBM
2026-01-21,SKU045,2025-12-01,25.77593698845592,15.0,22.25,False,LightGBM
2026-01-21,SKU046,2025-12-01,9.176010193483805,6.0,7.5,False,LightGBM
2026-01-21,SKU047,2025-12-01,13.05277579951694,8.0,13.357142857142858,False,LightGBM
2026-01-21,SKU048,2025-12-01,8.50050070655375,2.0,7.464285714285714,False,LightGBM
2026-01-21,SKU049,2025-12-01,23.528454403871457,22.0,21.785714285714285,False,LightGBM
2026-01-21,SKU050,2025-12-01,5.678485069105773,5.0,5.607142857142857,False,LightGBM
2026-01-22,SKU001,2025-12-01,13.14343636438372,10.0,12.392857142857142,False,LightGBM
2026-01-22,SKU002,2025-12-01,10.310123218921861,11.0,9.357142857142858,False,LightGBM
2026-01-22,SKU003,2025-12-01,5.25880486836021,1.0,5.214285714285714,False,LightGBM
2026-01-22,SKU004,2025-12-01,4.5944662644416425,3.0,3.857142857142857,False,LightGBM
2026-01-22,SKU005,2025-12-01,16.37441389271942,10.0,15.392857142857142,False,LightGBM
2026-01-22,SKU006,2025-12-01,6.796590238317833,9.0,5.535714285714286,False,LightGBM
2026-01-22,SKU007,2025-12-01,23.527584307677866,20.0,21.821428571428573,False,LightGBM
2026-01-22,SKU008,2025-12-01,15.81739434857898,9.0,14.785714285714286,False,LightGBM
2026-01-22,SKU009,2025-12-01,10.592425414927805,10.0,8.785714285714286,False,LightGBM
2026-01-22,SKU010,2025-12-01,16.550348203890973,12.0,14.357142857142858,False,LightGBM
2026-01-22,SKU011,2025-12-01,2.7029146865167357,1.0,2.4285714285714284,False,LightGBM
2026-01-22,SKU012,2025-12-01,26.25702415226514,19.0,22.642857142857142,False,LightGBM
2026-01-22,SKU013,2025-12-01,12.946407869799721,7.0,12.428571428571429,False,LightGBM
2026-01-22,SKU014,2025-12-01,19.842872998844605,18.0,18.857142857142858,False,LightGBM
2026-01-22,SKU015,2025-12-01,4.295027414743189,8.0,3.2857142857142856,False,LightGBM
2026-01-22,SKU016,2025-12-01,13.293085052547365,8.0,11.892857142857142,False,LightGBM
2026-01-22,SKU017,2025-12-01,13.201141638415866,17.0,13.142857142857142,False,LightGBM
2026-01-22,SKU018,2025-12-01,23.171975966228985,19.0,21.464285714285715,False,LightGBM
2026-01-22,SKU019,2025-12-01,15.929287708767175,12.0,14.75,False,LightGBM
2026-01-22,SKU020,2025-12-01,13.186531811845546,14.0,12.428571428571429,False,LightGBM
2026-01-22,SKU021,2025-12-01,8.644915491727042,2.0,6.464285714285714,False,LightGBM
2026-01-22,SKU022,2025-12-01,10.447709339836486,7.0,8.714285714285714,False,LightGBM
2026-01-22,SKU023,2025-12-01,13.964412592520945,10.0,12.75,False,LightGBM
2026-01-22,SKU024,2025-12-01,12.248030427505007,8.0,11.428571428571429,False,LightGBM
2026-01-22,SKU025,2025-12-01,2.668957680172671,1.0,2.0357142857142856,False,LightGBM
2026-01-22,SKU026,2025-12-01,21.338357544422742,19.0,18.25,False,LightGBM
2026-01-22,SKU027,2025-12-01,25.699437291523374,21.0,22.178571428571427,False,LightGBM
2026-01-22,SKU028,2025-12-01,5.331312520127319,5.0,5.107142857142857,False,LightGBM
2026-01-22,SKU029,2025-12-01,15.746968760250702,14.0,13.535714285714286,False,LightGBM
2026-01-22,SKU030,2025-12-01,4.565972481947342,3.0,4.214285714285714,False,LightGBM
2026-01-22,SKU031,2025-12-01,19.00540882663884,8.0,16.321428571428573,False,LightGBM
2026-01-22,SKU032,2025-12-01,9.085780642552916,10.0,8.392857142857142,False,LightGBM
2026-01-22,SKU033,2025-12-01,16.837523660097816,13.0,17.0,False,LightGBM
2026-01-22,SKU034,2025-12-01,19.38326935930437,15.0,18.214285714285715,False,LightGBM
2026-01-22,SKU035,2025-12-01,20.12426649600413,14.0,17.892857142857142,False,LightGBM
2026-01-22,SKU036,2025-12-01,4.92610641557169,3.0,4.392857142857143,False,LightGBM
2026-01-22,SKU037,2025-12-01,23.1955628939686,15.0,22.535714285714285,False,LightGBM
2026-01-22,SKU038,2025-12-01,7.560109100114363,8.0,7.857142857142857,False,LightGBM
2026-01-22,SKU039,2025-12-01,3.003788028364451,3.0,2.607142857142857,False,LightGBM
2026-01-22,SKU040,2025-12-01,15.177171130771422,12.0,12.464285714285714,False,LightGBM
2026-01-22,SKU041,2025-12-01,11.140348352906422,7.0,9.964285714285714,False,LightGBM
2026-01-22,SKU042,2025-12-01,19.47677514547836,18.0,19.25,False,LightGBM
2026-01-22,SKU043,2025-12-01,20.488056529126652,12.0,19.642857142857142,False,LightGBM
2026-01-22,SKU044,2025-12-01,10.024363244174834,7.0,7.642857142857143,False,LightGBM
2026-01-22,SKU045,2025-12-01,25.788439279627408,17.0,22.25,False,LightGBM
2026-01-22,SKU046,2025-12-01,9.162769496299061,5.0,7.5,False,LightGBM
2026-01-22,SKU047,2025-12-01,13.471603622132044,12.0,13.357142857142858,False,LightGBM
2026-01-22,SKU048,2025-12-01,8.596178162877198,2.0,7.464285714285714,False,LightGBM
2026-01-22,SKU049,2025-12-01,24.22618700199025,18.0,21.785714285714285,False,LightGBM
2026-01-22,SKU050,2025-12-01,5.749167059019477,5.0,5.607142857142857,False,LightGBM
2026-01-23,SKU001,2025-12-01,13.264193890117618,10.0,12.392857142857142,False,LightGBM
2026-01-23,SKU002,2025-12-01,10.583942708552213,7.0,9.357142857142858,False,LightGBM
2026-01-23,SKU003,2025-12-01,5.32776030840279,1.0,5.214285714285714,False,LightGBM
2026-01-23,SKU004,2025-12-01,4.6292743343576,3.0,3.857142857142857,False,LightGBM
2026-01-23,SKU005,2025-12-01,16.639277774805777,9.0,15.392857142857142,False,LightGBM
2026-01-23,SKU006,2025-12-01,6.963367458383628,8.0,5.535714285714286,False,LightGBM
2026-01-23,SKU007,2025-12-01,23.67446634003694,27.0,21.821428571428573,False,LightGBM
2026-01-23,SKU008,2025-12-01,16.191667049315765,19.0,14.785714285714286,False,LightGBM
2026-01-23,SKU009,2025-12-01,10.617635735700775,7.0,8.785714285714286,False,LightGBM
2026-01-23,SKU010,2025-12-01,16.658201721856255,14.0,14.357142857142858,False,LightGBM
2026-01-23,SKU011,2025-12-01,2.7467117031886903,2.0,2.4285714285714284,False,LightGBM
2026-01-23,SKU012,2025-12-01,27.057845871851118,25.0,22.642857142857142,False,LightGBM
2026-01-23,SKU013,2025-12-01,13.133314230486693,6.0,12.428571428571429,False,LightGBM
2026-01-23,SKU014,2025-12-01,20.069873336771668,21.0,18.857142857142858,False,LightGBM
2026-01-23,SKU015,2025-12-01,4.352269567853763,2.0,3.2857142857142856,False,LightGBM
2026-01-23,SKU016,2025-12-01,13.377362760066786,11.0,11.892857142857142,False,LightGBM
2026-01-23,SKU017,2025-12-01,13.302781335319716,11.0,13.142857142857142,False,LightGBM
2026-01-23,SKU018,2025-12-01,23.620681895144813,26.0,21.464285714285715,False,LightGBM
2026-01-23,SKU019,2025-12-01,16.184818481034746,9.0,14.75,False,LightGBM
2026-01-23,SKU020,2025-12-01,13.379984516658649,5.0,12.428571428571429,False,LightGBM
2026-01-23,SKU021,2025-12-01,8.668604396020159,4.0,6.464285714285714,False,LightGBM
2026-01-23,SKU022,2025-12-01,10.687762925324769,7.0,8.714285714285714,False,LightGBM
2026-01-23,SKU023,2025-12-01,14.10290741455354,18.0,12.75,False,LightGBM
2026-01-23,SKU024,2025-12-01,12.405345604248284,10.0,11.428571428571429,False,LightGBM
2026-01-23,SKU025,2025-12-01,2.7435883910739256,1.0,2.0357142857142856,False,LightGBM
2026-01-23,SKU026,2025-12-01,21.509862673487675,23.0,18.25,False,LightGBM
2026-01-23,SKU027,2025-12-01,26.156627377820218,22.0,22.178571428571427,False,LightGBM
2026-01-23,SKU028,2025-12-01,5.3702382516832845,4.0,5.107142857142857,False,LightGBM
2026-01-23,SKU029,2025-12-01,16.01309792884587,10.0,13.535714285714286,False,LightGBM
2026-01-23,SKU030,2025-12-01,4.609570238223941,5.0,4.214285714285714,False,LightGBM
2026-01-23,SKU031,2025-12-01,19.182890489334014,16.0,16.321428571428573,False,LightGBM
2026-01-23,SKU032,2025-12-01,9.123040280326435,8.0,8.392857142857142,False,LightGBM
2026-01-23,SKU033,2025-12-01,16.973061700883786,10.0,17.0,False,LightGBM
2026-01-23,SKU034,2025-12-01,19.66342449170447,12.0,18.214285714285715,False,LightGBM
2026-01-23,SKU035,2025-12-01,20.038536874881625,22.0,17.892857142857142,False,LightGBM
2026-01-23,SKU036,2025-12-01,4.962804236491248,3.0,4.392857142857143,False,LightGBM
2026-01-23,SKU037,2025-12-01,23.389574699895796,19.0,22.535714285714285,False,LightGBM
2026-01-23,SKU038,2025-12-01,7.5955061928247325,6.0,7.857142857142857,False,LightGBM
2026-01-23,SKU039,2025-12-01,3.0348494916604114,2.0,2.607142857142857,False,LightGBM
2026-01-23,SKU040,2025-12-01,15.119074929532358,11.0,12.464285714285714,False,LightGBM
2026-01-23,SKU041,2025-12-01,11.257324645258398,13.0,9.964285714285714,False,LightGBM
2026-01-23,SKU042,2025-12-01,19.685236378111533,22.0,19.25,False,LightGBM
2026-01-23,SKU043,2025-12-01,20.79007292291298,20.0,19.642857142857142,False,LightGBM
2026-01-23,SKU044,2025-12-01,10.082805277881569,7.0,7.642857142857143,False,LightGBM
2026-01-23,SKU045,2025-12-01,26.3515916138096,24.0,22.25,False,LightGBM
2026-01-23,SKU046,2025-12-01,9.47154582591826,6.0,7.5,False,LightGBM
2026-01-23,SKU047,2025-12-01,13.525941490989974,13.0,13.357142857142858,False,LightGBM
2026-01-23,SKU048,2025-12-01,8.611532814761647,5.0,7.464285714285714,False,LightGBM
2026-01-23,SKU049,2025-12-01,24.55551973958302,21.0,21.785714285714285,False,LightGBM
2026-01-23,SKU050,2025-12-01,5.774746468997138,4.0,5.607142857142857,False,LightGBM
2026-01-24,SKU001,2025-12-01,14.888719350457544,16.0,12.392857142857142,False,LightGBM
2026-01-24,SKU002,2025-12-01,12.005628469135525,14.0,9.357142857142858,False,LightGBM
2026-01-24,SKU003,2025-12-01,5.836575481368781,6.0,5.214285714285714,False,LightGBM
2026-01-24,SKU004,2025-12-01,5.031769901192467,5.0,3.857142857142857,False,LightGBM
2026-01-24,SKU005,2025-12-01,18.2717877007553,14.0,15.392857142857142,False,LightGBM
2026-01-24,SKU006,2025-12-01,7.537412016102469,4.0,5.535714285714286,False,LightGBM
2026-01-24,SKU007,2025-12-01,27.059419620813934,29.0,21.821428571428573,False,LightGBM
2026-01-24,SKU008,2025-12-01,18.1528183792144,13.0,14.785714285714286,False,LightGBM
2026-01-24,SKU009,2025-12-01,11.83601373730908,12.0,8.785714285714286,False,LightGBM
2026-01-24,SKU010,2025-12-01,17.97539430755125,17.0,14.357142857142858,False,LightGBM
2026-01-24,SKU011,2025-12-01,2.9829922045102455,6.0,2.4285714285714284,False,LightGBM
2026-01-24,SKU012,2025-12-01,29.113560557927542,31.0,22.642857142857142,False,LightGBM
2026-01-24,SKU013,2025-12-01,14.628986576318832,14.0,12.428571428571429,False,LightGBM
2026-01-24,SKU014,2025-12-01,21.865424113527325,22.0,18.857142857142858,False,LightGBM
2026-01-24,SKU015,2025-12-01,4.7434356750660776,9.0,3.2857142857142856,False,LightGBM
2026-01-24,SKU016,2025-12-01,14.914403121402046,9.0,11.892857142857142,False,LightGBM
2026-01-24,SKU017,2025-12-01,14.798226774572079,19.0,13.142857142857142,False,LightGBM
2026-01-24,SKU018,2025-12-01,27.762868776583637,19.0,21.464285714285715,False,LightGBM
2026-01-24,SKU019,2025-12-01,18.12625512768116,16.0,14.75,False,LightGBM
2026-01-24,SKU020,2025-12-01,14.7565068502614,19.0,12.428571428571429,False,LightGBM
2026-01-24,SKU021,2025-12-01,9.722583694964682,10.0,6.464285714285714,False,LightGBM
2026-01-24,SKU022,2025-12-01,12.111302852200726,11.0,8.714285714285714,False,LightGBM
2026-01-24,SKU023,2025-12-01,15.43010519052692,15.0,12.75,False,LightGBM
2026-01-24,SKU024,2025-12-01,14.434225313452423,20.0,11.428571428571429,False,LightGBM
2026-01-24,SKU025,2025-12-01,2.990989891999,0.0,2.0357142857142856,False,LightGBM
2026-01-24,SKU026,2025-12-01,25.50720557593174,25.0,18.25,False,LightGBM
2026-01-24,SKU027,2025-12-01,29.107246470916593,38.0,22.178571428571427,False,LightGBM
2026-01-24,SKU028,2025-12-01,5.919793572773857,6.0,5.107142857142857,False,LightGBM
2026-01-24,SKU029,2025-12-01,17.51647884194886,13.0,13.535714285714286,False,LightGBM
2026-01-24,SKU030,2025-12-01,5.011362313393649,8.0,4.214285714285714,False,LightGBM
2026-01-24,SKU031,2025-12-01,21.429099037362228,19.0,16.321428571428573,False,LightGBM
2026-01-24,SKU032,2025-12-01,10.200531589456725,12.0,8.392857142857142,False,LightGBM
2026-01-24,SKU033,2025-12-01,19.163617203761824,29.0,17.0,False,LightGBM
2026-01-24,SKU034,2025-12-01,21.90417879585015,26.0,18.214285714285715,False,LightGBM
2026-01-24,SKU035,2025-12-01,22.531316877513202,25.0,17.892857142857142,False,LightGBM
2026-01-24,SKU036,2025-12-01,5.467650474145279,6.0,4.392857142857143,False,LightGBM
2026-01-24,SKU037,2025-12-01,27.320770621829077,23.0,22.535714285714285,False,LightGBM
2026-01-24,SKU038,2025-12-01,8.282056269131745,9.0,7.857142857142857,False,LightGBM
2026-01-24,SKU039,2025-12-01,3.254248015146538,3.0,2.607142857142857,False,LightGBM
2026-01-24,SKU040,2025-12-01,17.244436117918116,14.0,12.464285714285714,False,LightGBM
2026-01-24,SKU041,2025-12-01,12.606256874560415,13.0,9.964285714285714,False,LightGBM
2026-01-24,SKU042,2025-12-01,21.887257090929225,28.0,19.25,False,LightGBM
2026-01-24,SKU043,2025-12-01,22.98274856844369,23.0,19.642857142857142,False,LightGBM
2026-01-24,SKU044,2025-12-01,11.11507343947925,14.0,7.642857142857143,False,LightGBM
2026-01-24,SKU045,2025-12-01,28.76324608949225,30.0,22.25,False,LightGBM
2026-01-24,SKU046,2025-12-01,10.527054918885325,12.0,7.5,False,LightGBM
2026-01-24,SKU047,2025-12-01,14.956843589934692,10.0,13.357142857142858,False,LightGBM
2026-01-24,SKU048,2025-12-01,9.782453769298007,9.0,7.464285714285714,False,LightGBM
2026-01-24,SKU049,2025-12-01,27.96110686620712,22.0,21.785714285714285,False,LightGBM
2026-01-24,SKU050,2025-12-01,6.423544983537427,6.0,5.607142857142857,False,LightGBM
2026-01-25,SKU001,2025-12-01,15.24138031431528,16.0,12.392857142857142,False,LightGBM
2026-01-25,SKU002,2025-12-01,11.988876497090812,7.0,9.357142857142858,False,LightGBM
2026-01-25,SKU003,2025-12-01,5.8313273185046635,7.0,5.214285714285714,False,LightGBM
2026-01-25,SKU004,2025-12-01,5.0090791102762555,5.0,3.857142857142857,False,LightGBM
2026-01-25,SKU005,2025-12-01,18.274012565004682,26.0,15.392857142857142,False,LightGBM
2026-01-25,SKU006,2025-12-01,7.50605504445292,6.0,5.535714285714286,False,LightGBM
2026-01-25,SKU007,2025-12-01,27.19270147684119,33.0,21.821428571428573,False,LightGBM
2026-01-25,SKU008,2025-12-01,18.206611697053063,27.0,14.785714285714286,False,LightGBM
2026-01-25,SKU009,2025-12-01,11.858838435839445,11.0,8.785714285714286,False,LightGBM
2026-01-25,SKU010,2025-12-01,18.02494610712195,24.0,14.357142857142858,False,LightGBM
2026-01-25,SKU011,2025-12-01,2.973974672783832,2.0,2.4285714285714284,False,LightGBM
2026-01-25,SKU012,2025-12-01,28.886780540836146,25.0,22.642857142857142,False,LightGBM
2026-01-25,SKU013,2025-12-01,14.589009490697341,22.0,12.428571428571429,False,LightGBM
2026-01-25,SKU014,2025-12-01,21.957169422014353,36.0,18.857142857142858,False,LightGBM
2026-01-25,SKU015,2025-12-01,4.727751293305239,5.0,3.2857142857142856,False,LightGBM
2026-01-25,SKU016,2025-12-01,14.993342174462088,14.0,11.892857142857142,False,LightGBM
2026-01-25,SKU017,2025-12-01,14.803820872999538,16.0,13.142857142857142,False,LightGBM
2026-01-25,SKU018,2025-12-01,28.067470156707742,26.0,21.464285714285715,False,LightGBM
2026-01-25,SKU019,2025-12-01,18.043919401077684,16.0,14.75,False,LightGBM
2026-01-25,SKU020,2025-12-01,14.740720886509456,17.0,12.428571428571429,False,LightGBM
2026-01-25,SKU021,2025-12-01,9.829173455112985,5.0,6.464285714285714,False,LightGBM
2026-01-25,SKU022,2025-12-01,12.209283622778866,20.0,8.714285714285714,False,LightGBM
2026-01-25,SKU023,2025-12-01,15.647141684149158,12.0,12.75,False,LightGBM
2026-01-25,SKU024,2025-12-01,14.361705075783437,14.0,11.428571428571429,False,LightGBM
2026-01-25,SKU025,2025-12-01,2.963775187872147,4.0,2.0357142857142856,False,LightGBM
2026-01-25,SKU026,2025-12-01,25.349172557136868,24.0,18.25,False,LightGBM
2026-01-25,SKU027,2025-12-01,30.26035858520052,21.0,22.178571428571427,False,LightGBM
2026-01-25,SKU028,2025-12-01,5.900927689920729,4.0,5.107142857142857,False,LightGBM
2026-01-25,SKU029,2025-12-01,17.489814116474587,18.0,13.535714285714286,False,LightGBM
2026-01-25,SKU030,2025-12-01,4.984147609266795,5.0,4.214285714285714,False,LightGBM
2026-01-25,SKU031,2025-12-01,21.300083368316315,22.0,16.321428571428573,False,LightGBM
2026-01-25,SKU032,2025-12-01,10.494926672046986,9.0,8.392857142857142,False,LightGBM
2026-01-25,SKU033,2025-12-01,19.346775275567953,27.0,17.0,False,LightGBM
2026-01-25,SKU034,2025-12-01,22.071081038522053,27.0,18.214285714285715,False,LightGBM
2026-01-25,SKU035,2025-12-01,22.861888202439005,21.0,17.892857142857142,False,LightGBM
2026-01-25,SKU036,2025-12-01,5.491227721988107,5.0,4.392857142857143,False,LightGBM
2026-01-25,SKU037,2025-12-01,27.367125489999662,32.0,22.535714285714285,False,LightGBM
2026-01-25,SKU038,2025-12-01,8.307322684838327,16.0,7.857142857142857,False,LightGBM
2026-01-25,SKU039,2025-12-01,3.2609106650603215,3.0,2.607142857142857,False,LightGBM
2026-01-25,SKU040,2025-12-01,17.585148751792254,15.0,12.464285714285714,False,LightGBM
2026-01-25,SKU041,2025-12-01,12.56554023005336,16.0,9.964285714285714,False,LightGBM
2026-01-25,SKU042,2025-12-01,22.552437437843206,19.0,19.25,False,LightGBM
2026-01-25,SKU043,2025-12-01,23.098957914609436,20.0,19.642857142857142,False,LightGBM
2026-01-25,SKU044,2025-12-01,11.207183473788524,7.0,7.642857142857143,False,LightGBM
2026-01-25,SKU045,2025-12-01,28.451698526405842,34.0,22.25,False,LightGBM
2026-01-25,SKU046,2025-12-01,10.493324571761278,9.0,7.5,False,LightGBM
2026-01-25,SKU047,2025-12-01,15.11901970896253,23.0,13.357142857142858,False,LightGBM
2026-01-25,SKU048,2025-12-01,9.819762007943211,10.0,7.464285714285714,False,LightGBM
2026-01-25,SKU049,2025-12-01,27.887296875690303,41.0,21.785714285714285,False,LightGBM
2026-01-25,SKU050,2025-12-01,6.42637301143045,5.0,5.607142857142857,False,LightGBM
2026-01-26,SKU001,2025-12-01,13.299538382368091,14.0,12.392857142857142,False,LightGBM
2026-01-26,SKU002,2025-12-01,10.386847925481769,10.0,9.357142857142858,False,LightGBM
2026-01-26,SKU003,2025-12-01,5.181375683347668,6.0,5.214285714285714,False,LightGBM
2026-01-26,SKU004,2025-12-01,4.542845767872809,2.0,3.857142857142857,False,LightGBM
2026-01-26,SKU005,2025-12-01,16.214856491547998,8.0,15.392857142857142,False,LightGBM
2026-01-26,SKU006,2025-12-01,6.860723608128196,3.0,5.535714285714286,False,LightGBM
2026-01-26,SKU007,2025-12-01,22.918332506551096,28.0,21.821428571428573,False,LightGBM
2026-01-26,SKU008,2025-12-01,15.18577366535123,19.0,14.785714285714286,False,LightGBM
2026-01-26,SKU009,2025-12-01,10.528030542810965,5.0,8.785714285714286,False,LightGBM
2026-01-26,SKU010,2025-12-01,16.461003476500014,8.0,14.357142857142858,False,LightGBM
2026-01-26,SKU011,2025-12-01,2.5999857737718215,1.0,2.4285714285714284,False,LightGBM
2026-01-26,SKU012,2025-12-01,24.59496455436901,18.0,22.642857142857142,False,LightGBM
2026-01-26,SKU013,2025-12-01,12.60449630597935,16.0,12.428571428571429,False,LightGBM
2026-01-26,SKU014,2025-12-01,20.002921490560464,14.0,18.857142857142858,False,LightGBM
2026-01-26,SKU015,2025-12-01,4.2432478103650215,1.0,3.2857142857142856,False,LightGBM
2026-01-26,SKU016,2025-12-01,13.125702317765906,10.0,11.892857142857142,False,LightGBM
2026-01-26,SKU017,2025-12-01,13.042916222168019,11.0,13.142857142857142,False,LightGBM
2026-01-26,SKU018,2025-12-01,22.521462950443137,18.0,21.464285714285715,False,LightGBM
2026-01-26,SKU019,2025-12-01,15.681983613771107,17.0,14.75,False,LightGBM
2026-01-26,SKU020,2025-12-01,13.058132760242001,12.0,12.428571428571429,False,LightGBM
2026-01-26,SKU021,2025-12-01,8.6974741733649,8.0,6.464285714285714,False,LightGBM
2026-01-26,SKU022,2025-12-01,10.195588649006778,10.0,8.714285714285714,False,LightGBM
2026-01-26,SKU023,2025-12-01,13.81027376623955,7.0,12.75,False,LightGBM
2026-01-26,SKU024,2025-12-01,12.143624419021323,5.0,11.428571428571429,False,LightGBM
2026-01-26,SKU025,2025-12-01,2.5602072387526658,0.0,2.0357142857142856,False,LightGBM
2026-01-26,SKU026,2025-12-01,20.81008308522643,16.0,18.25,False,LightGBM
2026-01-26,SKU027,2025-12-01,24.89928728738193,20.0,22.178571428571427,False,LightGBM
2026-01-26,SKU028,2025-12-01,5.202000536838059,5.0,5.107142857142857,False,LightGBM
2026-01-26,SKU029,2025-12-01,15.44101390693936,16.0,13.535714285714286,False,LightGBM
2026-01-26,SKU030,2025-12-01,4.483112309548388,3.0,4.214285714285714,False,LightGBM
2026-01-26,SKU031,2025-12-01,18.990595309233573,14.0,16.321428571428573,False,LightGBM
2026-01-26,SKU032,2025-12-01,9.308232338269393,5.0,8.392857142857142,False,LightGBM
2026-01-26,SKU033,2025-12-01,17.455573078969845,12.0,17.0,False,LightGBM
2026-01-26,SKU034,2025-12-01,19.16783120666392,18.0,18.214285714285715,False,LightGBM
2026-01-26,SKU035,2025-12-01,20.318567099082053,9.0,17.892857142857142,False,LightGBM
2026-01-26,SKU036,2025-12-01,4.909649888046132,5.0,4.392857142857143,False,LightGBM
2026-01-26,SKU037,2025-12-01,22.416168347077004,19.0,22.535714285714285,False,LightGBM
2026-01-26,SKU038,2025-12-01,7.444972016694664,6.0,7.857142857142857,False,LightGBM
2026-01-26,SKU039,2025-12-01,2.9550930162070808,0.0,2.607142857142857,False,LightGBM
2026-01-26,SKU040,2025-12-01,15.163160670463954,8.0,12.464285714285714,False,LightGBM
2026-01-26,SKU041,2025-12-01,11.062941753179825,8.0,9.964285714285714,False,LightGBM
2026-01-26,SKU042,2025-12-01,19.472253199808716,14.0,19.25,False,LightGBM
2026-01-26,SKU043,2025-12-01,20.32603245052155,11.0,19.642857142857142,False,LightGBM
2026-01-26,SKU044,2025-12-01,9.93684939840831,7.0,7.642857142857143,False,LightGBM
2026-01-26,SKU045,2025-12-01,25.274733695510456,18.0,22.25,False,LightGBM
2026-01-26,SKU046,2025-12-01,9.363478529589488,6.0,7.5,False,LightGBM
2026-01-26,SKU047,2025-12-01,13.695099795696066,14.0,13.357142857142858,False,LightGBM
2026-01-26,SKU048,2025-12-01,8.443611695481655,6.0,7.464285714285714,False,LightGBM
2026-01-26,SKU049,2025-12-01,23.453907647298536,17.0,21.785714285714285,False,LightGBM
2026-01-26,SKU050,2025-12-01,5.788377183703491,3.0,5.607142857142857,False,LightGBM
2026-01-27,SKU001,2025-12-01,13.318984530707006,12.0,12.392857142857142,False,LightGBM
2026-01-27,SKU002,2025-12-01,10.459130824808105,12.0,9.357142857142858,False,LightGBM
2026-01-27,SKU003,2025-12-01,5.218086821814978,4.0,5.214285714285714,False,LightGBM
2026-01-27,SKU004,2025-12-01,4.574589619281795,0.0,3.857142857142857,False,LightGBM
2026-01-27,SKU005,2025-12-01,16.278693176271453,18.0,15.392857142857142,False,LightGBM
2026-01-27,SKU006,2025-12-01,6.873525928761523,3.0,5.535714285714286,False,LightGBM
2026-01-27,SKU007,2025-12-01,22.922213765421986,24.0,21.821428571428573,False,LightGBM
2026-01-27,SKU008,2025-12-01,15.60625758758977,15.0,14.785714285714286,False,LightGBM
2026-01-27,SKU009,2025-12-01,10.522312983603442,11.0,8.785714285714286,False,LightGBM
2026-01-27,SKU010,2025-12-01,16.52567907724611,18.0,14.357142857142858,False,LightGBM
2026-01-27,SKU011,2025-12-01,2.6348247330109724,1.0,2.4285714285714284,False,LightGBM
2026-01-27,SKU012,2025-12-01,23.73686409150222,20.0,22.642857142857142,False,LightGBM
2026-01-27,SKU013,2025-12-01,12.701462180563798,15.0,12.428571428571429,False,LightGBM
2026-01-27,SKU014,2025-12-01,19.913840175585424,17.0,18.857142857142858,False,LightGBM
2026-01-27,SKU015,2025-12-01,4.23969950631786,2.0,3.2857142857142856,False,LightGBM
2026-01-27,SKU016,2025-12-01,13.145655215832745,9.0,11.892857142857142,False,LightGBM
2026-01-27,SKU017,2025-12-01,13.048320665461901,7.0,13.142857142857142,False,LightGBM
2026-01-27,SKU018,2025-12-01,22.710597050925724,18.0,21.464285714285715,False,LightGBM
2026-01-27,SKU019,2025-12-01,15.83430996282952,9.0,14.75,False,LightGBM
2026-01-27,SKU020,2025-12-01,13.056779312504288,15.0,12.428571428571429,False,LightGBM
2026-01-27,SKU021,2025-12-01,8.70134999314129,9.0,6.464285714285714,False,LightGBM
2026-01-27,SKU022,2025-12-01,10.340441896208436,7.0,8.714285714285714,False,LightGBM
2026-01-27,SKU023,2025-12-01,13.972544053896481,22.0,12.75,False,LightGBM
2026-01-27,SKU024,2025-12-01,12.18653127325817,7.0,11.428571428571429,False,LightGBM
2026-01-27,SKU025,2025-12-01,2.5775830672883977,2.0,2.0357142857142856,False,LightGBM
2026-01-27,SKU026,2025-12-01,20.565299712985617,8.0,18.25,False,LightGBM
2026-01-27,SKU027,2025-12-01,24.678825630077224,23.0,22.178571428571427,False,LightGBM
2026-01-27,SKU028,2025-12-01,5.241660476489459,6.0,5.107142857142857,False,LightGBM
2026-01-27,SKU029,2025-12-01,15.593030583201376,10.0,13.535714285714286,False,LightGBM
2026-01-27,SKU030,2025-12-01,4.48469686469926,0.0,4.214285714285714,False,LightGBM
2026-01-27,SKU031,2025-12-01,19.197481560143515,11.0,16.321428571428573,False,LightGBM
2026-01-27,SKU032,2025-12-01,9.322010938131282,2.0,8.392857142857142,False,LightGBM
2026-01-27,SKU033,2025-12-01,17.386768779219786,11.0,17.0,False,LightGBM
2026-01-27,SKU034,2025-12-01,19.232737833656266,18.0,18.214285714285715,False,LightGBM
2026-01-27,SKU035,2025-12-01,20.299648122752163,18.0,17.892857142857142,False,LightGBM
2026-01-27,SKU036,2025-12-01,4.908673028404969,2.0,4.392857142857143,False,LightGBM
2026-01-27,SKU037,2025-12-01,22.566970684123145,16.0,22.535714285714285,False,LightGBM
2026-01-27,SKU038,2025-12-01,7.452400987751213,8.0,7.857142857142857,False,LightGBM
2026-01-27,SKU039,2025-12-01,2.954711834769696,0.0,2.607142857142857,False,LightGBM
2026-01-27,SKU040,2025-12-01,15.219884122624327,11.0,12.464285714285714,False,LightGBM
2026-01-27,SKU041,2025-12-01,11.080111969100017,17.0,9.964285714285714,False,LightGBM
2026-01-27,SKU042,2025-12-01,19.38595967094913,22.0,19.25,False,LightGBM
2026-01-27,SKU043,2025-12-01,20.354851753494614,15.0,19.642857142857142,False,LightGBM
2026-01-27,SKU044,2025-12-01,9.978984217167055,11.0,7.642857142857143,False,LightGBM
2026-01-27,SKU045,2025-12-01,25.06886718566148,26.0,22.25,False,LightGBM
2026-01-27,SKU046,2025-12-01,9.528778747795172,8.0,7.5,False,LightGBM
2026-01-27,SKU047,2025-12-01,13.607013444817063,10.0,13.357142857142858,False,LightGBM
2026-01-27,SKU048,2025-12-01,8.509813282649434,2.0,7.464285714285714,False,LightGBM
2026-01-27,SKU049,2025-12-01,23.619654329049183,18.0,21.785714285714285,False,LightGBM
2026-01-27,SKU050,2025-12-01,5.88097033568478,2.0,5.607142857142857,False,LightGBM
2026-01-28,SKU001,2025-12-01,13.163463003514535,6.0,12.392857142857142,False,LightGBM
2026-01-28,SKU002,2025-12-01,10.419952418535422,5.0,9.357142857142858,False,LightGBM
2026-01-28,SKU003,2025-12-01,5.220050333450798,4.0,5.214285714285714,False,LightGBM
2026-01-28,SKU004,2025-12-01,4.572481753902478,4.0,3.857142857142857,False,LightGBM
2026-01-28,SKU005,2025-12-01,16.26395699308172,15.0,15.392857142857142,False,LightGBM
2026-01-28,SKU006,2025-12-01,6.875489440397342,7.0,5.535714285714286,False,LightGBM
2026-01-28,SKU007,2025-12-01,23.109501476387116,20.0,21.821428571428573,False,LightGBM
2026-01-28,SKU008,2025-12-01,15.736965712703178,15.0,14.785714285714286,False,LightGBM
2026-01-28,SKU009,2025-12-01,10.490171866830755,10.0,8.785714285714286,False,LightGBM
2026-01-28,SKU010,2025-12-01,16.522051560571512,11.0,14.357142857142858,False,LightGBM
2026-01-28,SKU011,2025-12-01,2.636788244646791,2.0,2.4285714285714284,False,LightGBM
2026-01-28,SKU012,2025-12-01,25.82259330537522,23.0,22.642857142857142,False,LightGBM
2026-01-28,SKU013,2025-12-01,12.662722691526268,15.0,12.428571428571429,False,LightGBM
2026-01-28,SKU014,2025-12-01,19.804719259489424,23.0,18.857142857142858,False,LightGBM
2026-01-28,SKU015,2025-12-01,4.237591640938542,4.0,3.2857142857142856,False,LightGBM
2026-01-28,SKU016,2025-12-01,13.44757537144925,10.0,11.892857142857142,False,LightGBM
2026-01-28,SKU017,2025-12-01,12.941029352151785,9.0,13.142857142857142,False,LightGBM
2026-01-28,SKU018,2025-12-01,23.152809628734573,26.0,21.464285714285715,False,LightGBM
2026-01-28,SKU019,2025-12-01,15.833902851959936,9.0,14.75,False,LightGBM
2026-01-28,SKU020,2025-12-01,13.009266095454528,15.0,12.428571428571429,False,LightGBM
2026-01-28,SKU021,2025-12-01,8.70331350477711,9.0,6.464285714285714,False,LightGBM
2026-01-28,SKU022,2025-12-01,10.323231579783746,7.0,8.714285714285714,False,LightGBM
2026-01-28,SKU023,2025-12-01,13.778336497679687,6.0,12.75,False,LightGBM
2026-01-28,SKU024,2025-12-01,12.103884719343561,12.0,11.428571428571429,False,LightGBM
2026-01-28,SKU025,2025-12-01,2.5795465789242162,1.0,2.0357142857142856,False,LightGBM
2026-01-28,SKU026,2025-12-01,20.585644050454594,11.0,18.25,False,LightGBM
2026-01-28,SKU027,2025-12-01,24.915616456224253,17.0,22.178571428571427,False,LightGBM
2026-01-28,SKU028,2025-12-01,5.303530930015599,4.0,5.107142857142857,False,LightGBM
2026-01-28,SKU029,2025-12-01,15.770128482687525,15.0,13.535714285714286,False,LightGBM
2026-01-28,SKU030,2025-12-01,4.486660376335079,2.0,4.214285714285714,False,LightGBM
2026-01-28,SKU031,2025-12-01,19.283981266393333,14.0,16.321428571428573,False,LightGBM
2026-01-28,SKU032,2025-12-01,9.2879334455555,4.0,8.392857142857142,False,LightGBM
2026-01-28,SKU033,2025-12-01,17.344333817917825,19.0,17.0,False,LightGBM
2026-01-28,SKU034,2025-12-01,19.35924909855588,14.0,18.214285714285715,False,LightGBM
2026-01-28,SKU035,2025-12-01,20.228064820916572,22.0,17.892857142857142,False,LightGBM
2026-01-28,SKU036,2025-12-01,4.910636540040789,7.0,4.392857142857143,False,LightGBM
2026-01-28,SKU037,2025-12-01,22.999104177023654,20.0,22.535714285714285,False,LightGBM
2026-01-28,SKU038,2025-12-01,7.454364499387032,8.0,7.857142857142857,False,LightGBM
2026-01-28,SKU039,2025-12-01,2.9566753464055147,2.0,2.607142857142857,False,LightGBM
2026-01-28,SKU040,2025-12-01,15.200062886143291,5.0,12.464285714285714,False,LightGBM
2026-01-28,SKU041,2025-12-01,11.082075480735838,9.0,9.964285714285714,False,LightGBM
2026-01-28,SKU042,2025-12-01,19.339679495534774,19.0,19.25,False,LightGBM
2026-01-28,SKU043,2025-12-01,20.63792428390576,12.0,19.642857142857142,False,LightGBM
2026-01-28,SKU044,2025-12-01,10.030791300680642,4.0,7.642857142857143,False,LightGBM
2026-01-28,SKU045,2025-12-01,27.046306786309355,15.0,22.25,False,LightGBM
2026-01-28,SKU046,2025-12-01,9.526670882415857,6.0,7.5,False,LightGBM
2026-01-28,SKU047,2025-12-01,13.458529207124588,8.0,13.357142857142858,False,LightGBM
2026-01-28,SKU048,2025-12-01,8.513648618298104,2.0,7.464285714285714,False,LightGBM
2026-01-28,SKU049,2025-12-01,24.076121341190554,22.0,21.785714285714285,False,LightGBM
2026-01-28,SKU050,2025-12-01,5.882933847320599,5.0,5.607142857142857,False,LightGBM
2026-01-29,SKU001,2025-12-01,13.321351395638446,10.0,12.392857142857142,False,LightGBM
2026-01-29,SKU002,2025-12-01,10.478825125315884,11.0,9.357142857142858,False,LightGBM
2026-01-29,SKU003,2025-12-01,5.235520208981699,1.0,5.214285714285714,False,LightGBM
2026-01-29,SKU004,2025-12-01,4.873406286268823,3.0,3.857142857142857,False,LightGBM
2026-01-29,SKU005,2025-12-01,16.247774604275683,10.0,15.392857142857142,False,LightGBM
2026-01-29,SKU006,2025-12-01,6.904557226051121,9.0,5.535714285714286,False,LightGBM
2026-01-29,SKU007,2025-12-01,23.48916898780974,20.0,21.821428571428573,False,LightGBM
2026-01-29,SKU008,2025-12-01,15.775936786309577,9.0,14.785714285714286,False,LightGBM
2026-01-29,SKU009,2025-12-01,10.625443500225083,10.0,8.785714285714286,False,LightGBM
2026-01-29,SKU010,2025-12-01,16.262854018506463,12.0,14.357142857142858,False,LightGBM
2026-01-29,SKU011,2025-12-01,2.7029146865167357,1.0,2.4285714285714284,False,LightGBM
2026-01-29,SKU012,2025-12-01,26.048232512728653,19.0,22.642857142857142,False,LightGBM
2026-01-29,SKU013,2025-12-01,12.763337477296684,7.0,12.428571428571429,False,LightGBM
2026-01-29,SKU014,2025-12-01,19.693316563587963,18.0,18.857142857142858,False,LightGBM
2026-01-29,SKU015,2025-12-01,4.295027414743189,8.0,3.2857142857142856,False,LightGBM
2026-01-29,SKU016,2025-12-01,13.487424845509267,8.0,11.892857142857142,False,LightGBM
2026-01-29,SKU017,2025-12-01,13.053745158250697,17.0,13.142857142857142,False,LightGBM
2026-01-29,SKU018,2025-12-01,23.55083049267685,19.0,21.464285714285715,False,LightGBM
2026-01-29,SKU019,2025-12-01,15.775679865664724,12.0,14.75,False,LightGBM
2026-01-29,SKU020,2025-12-01,13.077946099063597,14.0,12.428571428571429,False,LightGBM
2026-01-29,SKU021,2025-12-01,8.743738736496274,2.0,6.464285714285714,False,LightGBM
2026-01-29,SKU022,2025-12-01,10.568925644230067,7.0,8.714285714285714,False,LightGBM
2026-01-29,SKU023,2025-12-01,13.761167416143678,10.0,12.75,False,LightGBM
2026-01-29,SKU024,2025-12-01,12.225746231641056,8.0,11.428571428571429,False,LightGBM
2026-01-29,SKU025,2025-12-01,2.645673020794161,1.0,2.0357142857142856,False,LightGBM
2026-01-29,SKU026,2025-12-01,21.120899860507983,19.0,18.25,False,LightGBM
2026-01-29,SKU027,2025-12-01,25.483836981160668,21.0,22.178571428571427,False,LightGBM
2026-01-29,SKU028,2025-12-01,5.308027860748808,5.0,5.107142857142857,False,LightGBM
2026-01-29,SKU029,2025-12-01,15.875107389093749,14.0,13.535714285714286,False,LightGBM
2026-01-29,SKU030,2025-12-01,4.549354672603256,3.0,4.214285714285714,False,LightGBM
2026-01-29,SKU031,2025-12-01,19.428181707811476,8.0,16.321428571428573,False,LightGBM
2026-01-29,SKU032,2025-12-01,9.319315675739956,10.0,8.392857142857142,False,LightGBM
2026-01-29,SKU033,2025-12-01,17.25752004160152,13.0,17.0,False,LightGBM
2026-01-29,SKU034,2025-12-01,19.42685328367288,15.0,18.214285714285715,False,LightGBM
2026-01-29,SKU035,2025-12-01,20.291071612148446,14.0,17.892857142857142,False,LightGBM
2026-01-29,SKU036,2025-12-01,4.92610641557169,3.0,4.392857142857143,False,LightGBM
2026-01-29,SKU037,2025-12-01,23.177621590890094,15.0,22.535714285714285,False,LightGBM
2026-01-29,SKU038,2025-12-01,7.568635461143098,8.0,7.857142857142857,False,LightGBM
2026-01-29,SKU039,2025-12-01,3.003788028364451,3.0,2.607142857142857,False,LightGBM
2026-01-29,SKU040,2025-12-01,15.237195453943743,12.0,12.464285714285714,False,LightGBM
2026-01-29,SKU041,2025-12-01,11.07325382992796,7.0,9.964285714285714,False,LightGBM
2026-01-29,SKU042,2025-12-01,19.717814491825113,18.0,19.25,False,LightGBM
2026-01-29,SKU043,2025-12-01,20.938154664145966,12.0,19.642857142857142,False,LightGBM
2026-01-29,SKU044,2025-12-01,10.26673407789023,7.0,7.642857142857143,False,LightGBM
2026-01-29,SKU045,2025-12-01,26.543753180100055,17.0,22.25,False,LightGBM
2026-01-29,SKU046,2025-12-01,9.508919149055982,5.0,7.5,False,LightGBM
2026-01-29,SKU047,2025-12-01,13.6743126553046,12.0,13.357142857142858,False,LightGBM
2026-01-29,SKU048,2025-12-01,8.609326074621553,2.0,7.464285714285714,False,LightGBM
2026-01-29,SKU049,2025-12-01,24.218271371315364,18.0,21.785714285714285,False,LightGBM
2026-01-29,SKU050,2025-12-01,5.89337015087745,5.0,5.607142857142857,False,LightGBM
