date,sku,origin,all_promotion_model_forecast,baseline,moving_average,low_confidence,method,model_forecast
2026-01-01,SKU001,2026-01-01,16.236405339528385,10.0,12.607142857142858,False,LightGBM,13.06731281623868
2026-01-01,SKU002,2026-01-01,11.244083217856081,7.0,7.678571428571429,False,LightGBM,8.512482520003783
2026-01-01,SKU003,2026-01-01,6.477222826450241,4.0,4.535714285714286,False,LightGBM,4.996080819915438
2026-01-01,SKU004,2026-01-01,5.99293392409646,3.0,4.714285714285714,False,LightGBM,4.633704706096426
2026-01-01,SKU005,2026-01-01,19.24758063385304,18.0,14.714285714285714,False,LightGBM,15.58157668422221
2026-01-01,SKU006,2026-01-01,8.756522046720873,5.0,5.892857142857143,False,LightGBM,6.128513682959262
2026-01-01,SKU007,2026-01-01,31.333320508133667,21.0,22.142857142857142,False,LightGBM,23.37786633806228
2026-01-01,SKU008,2026-01-01,19.743291527749893,14.0,14.535714285714286,False,LightGBM,15.633867191658446
2026-01-01,SKU009,2026-01-01,12.949241471137489,9.0,10.75,False,LightGBM,10.439760558118545
2026-01-01,SKU010,2026-01-01,21.7558665658623,11.0,15.714285714285714,False,LightGBM,15.833019542862052
2026-01-01,SKU011,2026-01-01,3.2413212789040298,5.0,2.5,False,LightGBM,2.5730301267777858
2026-01-01,SKU012,2026-01-01,32.64594333443453,28.0,23.071428571428573,False,LightGBM,24.709284338701607
2026-01-01,SKU013,2026-01-01,15.97054669114719,7.0,12.571428571428571,False,LightGBM,12.782304275440671
2026-01-01,SKU014,2026-01-01,24.345141897561202,12.0,17.964285714285715,False,LightGBM,18.925877465007208
2026-01-01,SKU015,2026-01-01,4.883338676084891,4.0,3.5357142857142856,False,LightGBM,3.715460121556355
2026-01-01,SKU016,2026-01-01,15.756218672219548,18.0,12.214285714285714,False,LightGBM,13.00771087376291
2026-01-01,SKU017,2026-01-01,15.804308238240733,14.0,13.25,False,LightGBM,13.16896638084125
2026-01-01,SKU018,2026-01-01,29.183330861066462,21.0,22.428571428571427,False,LightGBM,23.19702369603161
2026-01-01,SKU019,2026-01-01,20.093666811002638,13.0,14.535714285714286,False,LightGBM,15.435000048646195
2026-01-01,SKU020,2026-01-01,15.11541463156645,14.0,12.285714285714286,False,LightGBM,12.612266231309956
2026-01-01,SKU021,2026-01-01,10.51857655475837,4.0,7.357142857142857,False,LightGBM,8.165338642885008
2026-01-01,SKU022,2026-01-01,12.928890962532014,11.0,9.571428571428571,False,LightGBM,10.418942299703081
2026-01-01,SKU023,2026-01-01,16.536614822914864,12.0,14.035714285714286,False,LightGBM,14.180180811181604
2026-01-01,SKU024,2026-01-01,15.349956579638818,13.0,11.035714285714286,False,LightGBM,11.48348276207427
2026-01-01,SKU025,2026-01-01,3.5529005809248635,3.0,2.2857142857142856,False,LightGBM,2.675013796174161
2026-01-01,SKU026,2026-01-01,25.702466822644084,15.0,20.142857142857142,False,LightGBM,20.593897755058293
2026-01-01,SKU027,2026-01-01,29.958863842672606,16.0,23.035714285714285,False,LightGBM,23.055062000074166
2026-01-01,SKU028,2026-01-01,5.539579177120353,6.0,4.0,False,LightGBM,4.380802108876248
2026-01-01,SKU029,2026-01-01,18.641909552296926,10.0,14.821428571428571,False,LightGBM,15.128512107128662
2026-01-01,SKU030,2026-01-01,5.655336454265375,1.0,4.25,False,LightGBM,4.343986989343543
2026-01-01,SKU031,2026-01-01,22.31553660068491,13.0,15.678571428571429,False,LightGBM,17.68341905006627
2026-01-01,SKU032,2026-01-01,11.054844526964343,8.0,8.428571428571429,False,LightGBM,8.664007526042996
2026-01-01,SKU033,2026-01-01,22.345562406594706,15.0,15.25,False,LightGBM,15.904505667087129
2026-01-01,SKU034,2026-01-01,24.38713355513162,16.0,17.571428571428573,False,LightGBM,17.862052427012344
2026-01-01,SKU035,2026-01-01,24.11056507654558,23.0,18.75,False,LightGBM,19.646364784981746
2026-01-01,SKU036,2026-01-01,5.740556293171434,2.0,4.392857142857143,False,LightGBM,4.388780298712184
2026-01-01,SKU037,2026-01-01,27.380181791800545,23.0,20.75,False,LightGBM,21.186043980069815
2026-01-01,SKU038,2026-01-01,10.22097919737878,4.0,7.464285714285714,False,LightGBM,7.519461099268861
2026-01-01,SKU039,2026-01-01,3.5059683992641193,6.0,2.4285714285714284,False,LightGBM,2.8554806230549437
2026-01-01,SKU040,2026-01-01,16.351964167525452,5.0,13.0,False,LightGBM,13.81649460998931
2026-01-01,SKU041,2026-01-01,14.03812097965333,12.0,9.857142857142858,False,LightGBM,10.772215798431189
2026-01-01,SKU042,2026-01-01,26.468383777524906,21.0,21.214285714285715,False,LightGBM,21.467446548735147
2026-01-01,SKU043,2026-01-01,26.53860770319475,24.0,19.428571428571427,False,LightGBM,20.701272732743863
2026-01-01,SKU044,2026-01-01,10.964174704154594,10.0,7.964285714285714,False,LightGBM,8.637410805028146
2026-01-01,SKU045,2026-01-01,31.293316492099116,28.0,21.071428571428573,False,LightGBM,24.07106041328493
2026-01-01,SKU046,2026-01-01,11.21290409721569,5.0,8.357142857142858,False,LightGBM,8.705441944044393
2026-01-01,SKU047,2026-01-01,16.796298271522836,9.0,13.892857142857142,False,LightGBM,13.922641404479139
2026-01-01,SKU048,2026-01-01,10.574391014001332,4.0,7.25,False,LightGBM,7.814145866529971
2026-01-01,SKU049,2026-01-01,31.027942932316343,24.0,22.392857142857142,False,LightGBM,24.39950154754386
2026-01-01,SKU050,2026-01-01,8.551903446426817,8.0,5.892857142857143,False,LightGBM,6.042446531707443
2026-01-02,SKU001,2026-01-01,16.206555558897282,13.0,12.607142857142858,False,LightGBM,13.187251327342478
2026-01-02,SKU002,2026-01-01,11.820957956912023,6.0,7.678571428571429,False,LightGBM,8.783453203067609
2026-01-02,SKU003,2026-01-01,6.466966961373591,6.0,4.535714285714286,False,LightGBM,4.990594723536359
2026-01-02,SKU004,2026-01-01,6.187557763988976,2.0,4.714285714285714,False,LightGBM,4.675341740931657
2026-01-02,SKU005,2026-01-01,19.41797018329968,8.0,14.714285714285714,False,LightGBM,15.404869354724731
2026-01-02,SKU006,2026-01-01,8.769759540232164,4.0,5.892857142857143,False,LightGBM,6.147051600807797
2026-01-02,SKU007,2026-01-01,30.46907141078741,13.0,22.142857142857142,False,LightGBM,23.372375235306162
2026-01-02,SKU008,2026-01-01,20.19707103546735,17.0,14.535714285714286,False,LightGBM,15.813185501316788
2026-01-02,SKU009,2026-01-01,13.328377154691813,13.0,10.75,False,LightGBM,10.595139357493478
2026-01-02,SKU010,2026-01-01,22.388402632398524,13.0,15.714285714285714,False,LightGBM,16.138491758318235
2026-01-02,SKU011,2026-01-01,3.2790911045221227,5.0,2.5,False,LightGBM,2.590241039799949
2026-01-02,SKU012,2026-01-01,33.39131167144594,21.0,23.071428571428573,False,LightGBM,24.006457770148334
2026-01-02,SKU013,2026-01-01,16.240786391147253,7.0,12.571428571428571,False,LightGBM,13.024456867083407
2026-01-02,SKU014,2026-01-01,25.057671073342767,16.0,17.964285714285715,False,LightGBM,18.900061885804952
2026-01-02,SKU015,2026-01-01,4.893011335362651,6.0,3.5357142857142856,False,LightGBM,3.759372418812896
2026-01-02,SKU016,2026-01-01,15.818460475120034,14.0,12.214285714285714,False,LightGBM,12.815257349592935
2026-01-02,SKU017,2026-01-01,15.596290378553196,14.0,13.25,False,LightGBM,13.28961262620078
2026-01-02,SKU018,2026-01-01,30.29900752319532,19.0,22.428571428571427,False,LightGBM,23.66638569116816
2026-01-02,SKU019,2026-01-01,20.504591920750865,16.0,14.535714285714286,False,LightGBM,15.384997652898045
2026-01-02,SKU020,2026-01-01,15.355425072629354,18.0,12.285714285714286,False,LightGBM,13.125585964036045
2026-01-02,SKU021,2026-01-01,10.470670407920126,8.0,7.357142857142857,False,LightGBM,8.226011252918141
2026-01-02,SKU022,2026-01-01,13.015201874598944,10.0,9.571428571428571,False,LightGBM,10.323528190314038
2026-01-02,SKU023,2026-01-01,17.09817498244922,15.0,14.035714285714286,False,LightGBM,14.145617436013566
2026-01-02,SKU024,2026-01-01,15.295936743596476,9.0,11.035714285714286,False,LightGBM,11.546114606682966
2026-01-02,SKU025,2026-01-01,3.57489977171452,1.0,2.2857142857142856,False,LightGBM,2.6970129869638177
2026-01-02,SKU026,2026-01-01,26.165291975497098,17.0,20.142857142857142,False,LightGBM,20.90569200669814
2026-01-02,SKU027,2026-01-01,32.689479354239594,19.0,23.035714285714285,False,LightGBM,23.96087021940845
2026-01-02,SKU028,2026-01-01,6.055987334351595,5.0,4.0,False,LightGBM,4.412804582373639
2026-01-02,SKU029,2026-01-01,19.416241430943522,12.0,14.821428571428571,False,LightGBM,15.250858091370544
2026-01-02,SKU030,2026-01-01,5.7309679549061245,5.0,4.25,False,LightGBM,4.37877330748558
2026-01-02,SKU031,2026-01-01,22.642744398780547,14.0,15.678571428571429,False,LightGBM,17.784675211304084
2026-01-02,SKU032,2026-01-01,11.46489414261444,6.0,8.428571428571429,False,LightGBM,8.689029782750328
2026-01-02,SKU033,2026-01-01,22.996494183321342,15.0,15.25,False,LightGBM,16.376679586519977
2026-01-02,SKU034,2026-01-01,25.47368648235199,18.0,17.571428571428573,False,LightGBM,18.178645786102283
2026-01-02,SKU035,2026-01-01,24.874409229425222,20.0,18.75,False,LightGBM,20.059790961015146
2026-01-02,SKU036,2026-01-01,5.749543995693977,6.0,4.392857142857143,False,LightGBM,4.39103080625497
2026-01-02,SKU037,2026-01-01,28.668994508696144,23.0,20.75,False,LightGBM,21.73921052950682
2026-01-02,SKU038,2026-01-01,10.223327763173586,7.0,7.464285714285714,False,LightGBM,7.6172071026647306
2026-01-02,SKU039,2026-01-01,3.526719619183666,2.0,2.4285714285714284,False,LightGBM,2.8762318429744904
2026-01-02,SKU040,2026-01-01,16.398149347353304,7.0,13.0,False,LightGBM,13.697326915249862
2026-01-02,SKU041,2026-01-01,14.062674852225726,10.0,9.857142857142858,False,LightGBM,10.704136736284326
2026-01-02,SKU042,2026-01-01,28.106149514085146,26.0,21.214285714285715,False,LightGBM,22.54874829671444
2026-01-02,SKU043,2026-01-01,27.46279922168234,16.0,19.428571428571427,False,LightGBM,21.29196396660006
2026-01-02,SKU044,2026-01-01,11.217210792521367,10.0,7.964285714285714,False,LightGBM,8.844420411829189
2026-01-02,SKU045,2026-01-01,30.486697111214408,24.0,21.071428571428573,False,LightGBM,23.378289693288206
2026-01-02,SKU046,2026-01-01,11.236345169190741,9.0,8.357142857142858,False,LightGBM,8.701109203955498
2026-01-02,SKU047,2026-01-01,17.066882935109653,16.0,13.892857142857142,False,LightGBM,14.31369289326609
2026-01-02,SKU048,2026-01-01,10.736239781832273,5.0,7.25,False,LightGBM,7.815066578820946
2026-01-02,SKU049,2026-01-01,30.66704245991956,27.0,22.392857142857142,False,LightGBM,24.39628867722897
2026-01-02,SKU050,2026-01-01,8.631621424029518,7.0,5.892857142857143,False,LightGBM,5.906332304464674
2026-01-03,SKU001,2026-01-01,18.923674971293803,8.0,12.607142857142858,False,LightGBM,15.136936633061095
2026-01-03,SKU002,2026-01-01,12.99315726662351,9.0,7.678571428571429,False,LightGBM,9.645235354719269
2026-01-03,SKU003,2026-01-01,7.022116352085281,9.0,4.535714285714286,False,LightGBM,5.541656334355043
2026-01-03,SKU004,2026-01-01,6.566591772568238,3.0,4.714285714285714,False,LightGBM,4.963778740231906
2026-01-03,SKU005,2026-01-01,22.35353211717699,18.0,14.714285714285714,False,LightGBM,17.802015016419585
2026-01-03,SKU006,2026-01-01,9.956981521654537,8.0,5.892857142857143,False,LightGBM,6.768190648164767
2026-01-03,SKU007,2026-01-01,34.09451925406432,23.0,22.142857142857142,False,LightGBM,26.23274177477207
2026-01-03,SKU008,2026-01-01,22.360384452628253,13.0,14.535714285714286,False,LightGBM,17.570580289401693
2026-01-03,SKU009,2026-01-01,15.528827246380937,11.0,10.75,False,LightGBM,11.993486867582423
2026-01-03,SKU010,2026-01-01,23.316139111282972,19.0,15.714285714285714,False,LightGBM,18.003951387780642
2026-01-03,SKU011,2026-01-01,3.5957163579550775,3.0,2.5,False,LightGBM,2.9068662932329077
2026-01-03,SKU012,2026-01-01,35.665980617691446,16.0,23.071428571428573,False,LightGBM,27.473670231927905
2026-01-03,SKU013,2026-01-01,18.790322969329555,17.0,12.571428571428571,False,LightGBM,14.662904505827346
2026-01-03,SKU014,2026-01-01,25.331645870161697,20.0,17.964285714285715,False,LightGBM,19.885571334793443
2026-01-03,SKU015,2026-01-01,5.301518860872301,3.0,3.5357142857142856,False,LightGBM,4.119836487286454
2026-01-03,SKU016,2026-01-01,18.080030454786193,13.0,12.214285714285714,False,LightGBM,14.395659333838733
2026-01-03,SKU017,2026-01-01,17.966786617526868,13.0,13.25,False,LightGBM,14.540830397094174
2026-01-03,SKU018,2026-01-01,32.98368762175798,20.0,22.428571428571427,False,LightGBM,27.00211002981361
2026-01-03,SKU019,2026-01-01,22.78335139296514,11.0,14.535714285714286,False,LightGBM,17.20207426258742
2026-01-03,SKU020,2026-01-01,17.80880640780016,13.0,12.285714285714286,False,LightGBM,14.536835600967049
2026-01-03,SKU021,2026-01-01,11.15836248533681,6.0,7.357142857142857,False,LightGBM,8.91370333033482
2026-01-03,SKU022,2026-01-01,14.709604381855835,17.0,9.571428571428571,False,LightGBM,11.924662977598606
2026-01-03,SKU023,2026-01-01,18.80512378880756,17.0,14.035714285714286,False,LightGBM,16.043862979431964
2026-01-03,SKU024,2026-01-01,17.118772808703742,14.0,11.035714285714286,False,LightGBM,13.04749526405171
2026-01-03,SKU025,2026-01-01,3.8825715566862877,5.0,2.2857142857142856,False,LightGBM,3.025243684531519
2026-01-03,SKU026,2026-01-01,28.258716962666224,16.0,20.142857142857142,False,LightGBM,23.080915314858224
2026-01-03,SKU027,2026-01-01,34.5901937233091,21.0,23.035714285714285,False,LightGBM,27.649380697162766
2026-01-03,SKU028,2026-01-01,6.505315391668549,4.0,4.0,False,LightGBM,4.82968893413725
2026-01-03,SKU029,2026-01-01,21.048948499015392,17.0,14.821428571428571,False,LightGBM,17.509309938300092
2026-01-03,SKU030,2026-01-01,6.516741664447097,6.0,4.25,False,LightGBM,4.985155991785814
2026-01-03,SKU031,2026-01-01,23.683656216981195,20.0,15.678571428571429,False,LightGBM,19.374832694983986
2026-01-03,SKU032,2026-01-01,12.594587778482547,12.0,8.428571428571429,False,LightGBM,9.647871291640076
2026-01-03,SKU033,2026-01-01,24.795284027857786,17.0,15.25,False,LightGBM,18.44248987726377
2026-01-03,SKU034,2026-01-01,26.218699127193144,18.0,17.571428571428573,False,LightGBM,19.419210090552713
2026-01-03,SKU035,2026-01-01,27.00180930882989,16.0,18.75,False,LightGBM,22.727953926298806
2026-01-03,SKU036,2026-01-01,6.5223930722229335,4.0,4.392857142857143,False,LightGBM,5.06728318888072
2026-01-03,SKU037,2026-01-01,29.218114688388585,20.0,20.75,False,LightGBM,22.925524041775834
2026-01-03,SKU038,2026-01-01,11.358837049495367,8.0,7.464285714285714,False,LightGBM,8.50465160977172
2026-01-03,SKU039,2026-01-01,3.865907804080266,1.0,2.4285714285714284,False,LightGBM,3.2154200278710943
2026-01-03,SKU040,2026-01-01,19.426956289939838,8.0,13.0,False,LightGBM,16.183467746911276
2026-01-03,SKU041,2026-01-01,15.9704477072561,14.0,9.857142857142858,False,LightGBM,12.329342959647915
2026-01-03,SKU042,2026-01-01,29.414209070148047,17.0,21.214285714285715,False,LightGBM,25.017291553240874
2026-01-03,SKU043,2026-01-01,29.13469248119923,30.0,19.428571428571427,False,LightGBM,24.463512754178023
2026-01-03,SKU044,2026-01-01,12.31143236399731,8.0,7.964285714285714,False,LightGBM,9.731759171889001
2026-01-03,SKU045,2026-01-01,31.645209214867183,23.0,21.071428571428573,False,LightGBM,25.970150281008696
2026-01-03,SKU046,2026-01-01,12.567951305694292,9.0,8.357142857142858,False,LightGBM,9.675511867666545
2026-01-03,SKU047,2026-01-01,19.47130605865921,15.0,13.892857142857142,False,LightGBM,15.567873614589697
2026-01-03,SKU048,2026-01-01,11.544725597963758,6.0,7.25,False,LightGBM,8.584333982499915
2026-01-03,SKU049,2026-01-01,34.78104909042682,32.0,22.392857142857142,False,LightGBM,28.61108780228114
2026-01-03,SKU050,2026-01-01,10.106110725263855,7.0,5.892857142857143,False,LightGBM,6.628425240545845
2026-01-04,SKU001,2026-01-01,20.037646742498232,9.0,12.607142857142858,False,LightGBM,15.473019421770172
2026-01-04,SKU002,2026-01-01,13.049816927125692,10.0,7.678571428571429,False,LightGBM,9.636603295971982
2026-01-04,SKU003,2026-01-01,7.542559221883441,4.0,4.535714285714286,False,LightGBM,5.410021675429999
2026-01-04,SKU004,2026-01-01,6.67851934991061,7.0,4.714285714285714,False,LightGBM,5.046220835005353
2026-01-04,SKU005,2026-01-01,22.23082972108092,16.0,14.714285714285714,False,LightGBM,17.993575865692744
2026-01-04,SKU006,2026-01-01,10.150554263341931,5.0,5.892857142857143,False,LightGBM,6.809757400629066
2026-01-04,SKU007,2026-01-01,32.293482927091006,29.0,22.142857142857142,False,LightGBM,25.88929239528245
2026-01-04,SKU008,2026-01-01,22.686568458665683,23.0,14.535714285714286,False,LightGBM,17.84627658746209
2026-01-04,SKU009,2026-01-01,15.555811266863156,15.0,10.75,False,LightGBM,12.064019921878247
2026-01-04,SKU010,2026-01-01,24.2913426013475,16.0,15.714285714285714,False,LightGBM,18.233969995890135
2026-01-04,SKU011,2026-01-01,3.6065327407007044,3.0,2.5,False,LightGBM,2.9176826759785346
2026-01-04,SKU012,2026-01-01,37.77358492935315,25.0,23.071428571428573,False,LightGBM,28.030977853809578
2026-01-04,SKU013,2026-01-01,19.26998557574509,12.0,12.571428571428571,False,LightGBM,15.08813442695191
2026-01-04,SKU014,2026-01-01,25.430024737183704,18.0,17.964285714285715,False,LightGBM,20.110867615147402
2026-01-04,SKU015,2026-01-01,5.418411895039472,5.0,3.5357142857142856,False,LightGBM,4.134368713721916
2026-01-04,SKU016,2026-01-01,18.33115966368866,16.0,12.214285714285714,False,LightGBM,14.488189219795231
2026-01-04,SKU017,2026-01-01,18.495721763380647,21.0,13.25,False,LightGBM,14.865202028357313
2026-01-04,SKU018,2026-01-01,34.543198454135144,28.0,22.428571428571427,False,LightGBM,27.780537008418634
2026-01-04,SKU019,2026-01-01,23.162167728320505,18.0,14.535714285714286,False,LightGBM,17.420873029700136
2026-01-04,SKU020,2026-01-01,17.882705197397527,11.0,12.285714285714286,False,LightGBM,14.513614144335682
2026-01-04,SKU021,2026-01-01,11.536227166602123,11.0,7.357142857142857,False,LightGBM,8.974232260903852
2026-01-04,SKU022,2026-01-01,14.655628771289951,11.0,9.571428571428571,False,LightGBM,11.684536160605138
2026-01-04,SKU023,2026-01-01,19.642362621389612,7.0,14.035714285714286,False,LightGBM,16.148345047815404
2026-01-04,SKU024,2026-01-01,17.902207297479062,6.0,11.035714285714286,False,LightGBM,13.308390408109105
2026-01-04,SKU025,2026-01-01,3.947303696128472,2.0,2.2857142857142856,False,LightGBM,3.0847089750830095
2026-01-04,SKU026,2026-01-01,28.23580730643573,26.0,20.142857142857142,False,LightGBM,23.553806196909576
2026-01-04,SKU027,2026-01-01,34.398924862950786,19.0,23.035714285714285,False,LightGBM,27.763089922835206
2026-01-04,SKU028,2026-01-01,6.8005273662695895,1.0,4.0,False,LightGBM,5.284179894508728
2026-01-04,SKU029,2026-01-01,21.6094197331362,14.0,14.821428571428571,False,LightGBM,17.1455930696723
2026-01-04,SKU030,2026-01-01,6.537829522147687,4.0,4.25,False,LightGBM,5.049387503400655
2026-01-04,SKU031,2026-01-01,24.468758829980064,14.0,15.678571428571429,False,LightGBM,19.669746418963133
2026-01-04,SKU032,2026-01-01,12.672715221626998,11.0,8.428571428571429,False,LightGBM,9.653991725840969
2026-01-04,SKU033,2026-01-01,24.693747841682065,17.0,15.25,False,LightGBM,18.544331766591178
2026-01-04,SKU034,2026-01-01,27.065022143519204,24.0,17.571428571428573,False,LightGBM,20.003238311828955
2026-01-04,SKU035,2026-01-01,27.159727682599723,26.0,18.75,False,LightGBM,23.549546134186965
2026-01-04,SKU036,2026-01-01,6.455977905638641,6.0,4.392857142857143,False,LightGBM,5.020589437791899
2026-01-04,SKU037,2026-01-01,29.64963852418119,25.0,20.75,False,LightGBM,23.83937649538889
2026-01-04,SKU038,2026-01-01,11.461444918101341,10.0,7.464285714285714,False,LightGBM,8.515104333268498
2026-01-04,SKU039,2026-01-01,3.9072445667090423,1.0,2.4285714285714284,False,LightGBM,3.2773157030958004
2026-01-04,SKU040,2026-01-01,19.38242761239763,6.0,13.0,False,LightGBM,15.577264133857824
2026-01-04,SKU041,2026-01-01,15.986344554598722,3.0,9.857142857142858,False,LightGBM,12.251977254023968
2026-01-04,SKU042,2026-01-01,28.551386677100137,23.0,21.214285714285715,False,LightGBM,24.02535977713852
2026-01-04,SKU043,2026-01-01,28.46482359130919,17.0,19.428571428571427,False,LightGBM,23.74774927036817
2026-01-04,SKU044,2026-01-01,12.491003055958755,11.0,7.964285714285714,False,LightGBM,9.911891830154472
2026-01-04,SKU045,2026-01-01,32.622064414529255,30.0,21.071428571428573,False,LightGBM,26.09005971417095
2026-01-04,SKU046,2026-01-01,12.857385299063589,9.0,8.357142857142858,False,LightGBM,9.625238953919505
2026-01-04,SKU047,2026-01-01,19.567406618603844,12.0,13.892857142857142,False,LightGBM,15.421780567291899
2026-01-04,SKU048,2026-01-01,11.644343234510611,4.0,7.25,False,LightGBM,8.77324989862134
2026-01-04,SKU049,2026-01-01,32.73904328138173,20.0,22.392857142857142,False,LightGBM,26.978289403258092
2026-01-04,SKU050,2026-01-01,10.196926182380695,11.0,5.892857142857143,False,LightGBM,6.76440284380398
2026-01-05,SKU001,2026-01-01,16.69152140424877,12.0,12.607142857142858,False,LightGBM,12.913884302934942
2026-01-05,SKU002,2026-01-01,11.864575917407715,9.0,7.678571428571429,False,LightGBM,9.015528715484972
2026-01-05,SKU003,2026-01-01,6.73673867067412,7.0,4.535714285714286,False,LightGBM,4.75816036161794
2026-01-05,SKU004,2026-01-01,5.988674967651428,1.0,4.714285714285714,False,LightGBM,4.682278260177371
2026-01-05,SKU005,2026-01-01,21.145276559717217,17.0,14.714285714285714,False,LightGBM,15.807016613746141
2026-01-05,SKU006,2026-01-01,9.815603471655512,6.0,5.892857142857143,False,LightGBM,6.4827983458318466
2026-01-05,SKU007,2026-01-01,32.80294508828757,21.0,22.142857142857142,False,LightGBM,23.09961840288267
2026-01-05,SKU008,2026-01-01,20.699208190551484,13.0,14.535714285714286,False,LightGBM,14.791588880042315
2026-01-05,SKU009,2026-01-01,13.248956824057794,9.0,10.75,False,LightGBM,10.17324067187058
2026-01-05,SKU010,2026-01-01,22.569000806016646,18.0,15.714285714285714,False,LightGBM,16.118829343963686
2026-01-05,SKU011,2026-01-01,3.2208829428561296,1.0,2.5,False,LightGBM,2.532032878133956
2026-01-05,SKU012,2026-01-01,35.11903323781646,19.0,23.071428571428573,False,LightGBM,23.446190244220094
2026-01-05,SKU013,2026-01-01,16.450479342378014,7.0,12.571428571428571,False,LightGBM,12.67024322450787
2026-01-05,SKU014,2026-01-01,25.340076864705587,11.0,17.964285714285715,False,LightGBM,18.786353826932398
2026-01-05,SKU015,2026-01-01,4.8624380610295,2.0,3.5357142857142856,False,LightGBM,3.5783948797119534
2026-01-05,SKU016,2026-01-01,16.372216460839542,10.0,12.214285714285714,False,LightGBM,12.88944413791404
2026-01-05,SKU017,2026-01-01,16.755363094462968,16.0,13.25,False,LightGBM,13.519881798437474
2026-01-05,SKU018,2026-01-01,32.132295447380855,21.0,22.428571428571427,False,LightGBM,22.49609496271833
2026-01-05,SKU019,2026-01-01,22.311860944262378,17.0,14.535714285714286,False,LightGBM,15.11460707340332
2026-01-05,SKU020,2026-01-01,15.751328751637097,15.0,12.285714285714286,False,LightGBM,12.43610945914231
2026-01-05,SKU021,2026-01-01,10.592508026595768,5.0,7.357142857142857,False,LightGBM,7.933592359276877
2026-01-05,SKU022,2026-01-01,13.175078028028398,1.0,9.571428571428571,False,LightGBM,10.229627768709223
2026-01-05,SKU023,2026-01-01,18.556818001294584,12.0,14.035714285714286,False,LightGBM,14.184145725199842
2026-01-05,SKU024,2026-01-01,15.197600673809255,9.0,11.035714285714286,False,LightGBM,11.624053313903417
2026-01-05,SKU025,2026-01-01,3.503416270887466,2.0,2.2857142857142856,False,LightGBM,2.6460883987326933
2026-01-05,SKU026,2026-01-01,26.6655168244566,14.0,20.142857142857142,False,LightGBM,20.358661818049125
2026-01-05,SKU027,2026-01-01,33.143968806345896,21.0,23.035714285714285,False,LightGBM,23.67618551021996
2026-01-05,SKU028,2026-01-01,6.070088879092895,4.0,4.0,False,LightGBM,4.315163951548073
2026-01-05,SKU029,2026-01-01,20.07758456744988,14.0,14.821428571428571,False,LightGBM,14.95284137126364
2026-01-05,SKU030,2026-01-01,5.813788924474973,4.0,4.25,False,LightGBM,4.546372348393507
2026-01-05,SKU031,2026-01-01,23.39181573058035,23.0,15.678571428571429,False,LightGBM,18.4038857884038
2026-01-05,SKU032,2026-01-01,11.517119099877247,7.0,8.428571428571429,False,LightGBM,8.537100754392197
2026-01-05,SKU033,2026-01-01,23.22804786089196,20.0,15.25,False,LightGBM,15.896173126734654
2026-01-05,SKU034,2026-01-01,25.49662955229965,16.0,17.571428571428573,False,LightGBM,17.705569285196706
2026-01-05,SKU035,2026-01-01,25.384145639189537,10.0,18.75,False,LightGBM,19.869474804111675
2026-01-05,SKU036,2026-01-01,5.862515283123503,4.0,4.392857142857143,False,LightGBM,4.450908035669436
2026-01-05,SKU037,2026-01-01,28.5598089216398,19.0,20.75,False,LightGBM,21.093888334836286
2026-01-05,SKU038,2026-01-01,10.495217970057134,7.0,7.464285714285714,False,LightGBM,7.450075710016463
2026-01-05,SKU039,2026-01-01,3.583514581148155,3.0,2.4285714285714284,False,LightGBM,2.8377728288499
2026-01-05,SKU040,2026-01-01,17.05138213327836,10.0,13.0,False,LightGBM,13.734020000349995
2026-01-05,SKU041,2026-01-01,13.888522268857479,9.0,9.857142857142858,False,LightGBM,10.530497149095119
2026-01-05,SKU042,2026-01-01,27.045090291645106,21.0,21.214285714285715,False,LightGBM,21.064808245732934
2026-01-05,SKU043,2026-01-01,26.29447966652299,22.0,19.428571428571427,False,LightGBM,21.14143388512621
2026-01-05,SKU044,2026-01-01,11.612060938804145,9.0,7.964285714285714,False,LightGBM,8.741617956409437
2026-01-05,SKU045,2026-01-01,29.51540414983463,19.0,21.071428571428573,False,LightGBM,22.075346049520576
2026-01-05,SKU046,2026-01-01,11.97000110060675,9.0,8.357142857142858,False,LightGBM,8.636824426579246
2026-01-05,SKU047,2026-01-01,17.194399143348985,20.0,13.892857142857142,False,LightGBM,13.58974846600944
2026-01-05,SKU048,2026-01-01,10.888089419862375,7.0,7.25,False,LightGBM,7.8710962630021255
2026-01-05,SKU049,2026-01-01,32.034000953381586,15.0,22.392857142857142,False,LightGBM,23.91508833785526
2026-01-05,SKU050,2026-01-01,9.308515005489639,10.0,5.892857142857143,False,LightGBM,5.968956001650392
2026-01-06,SKU001,2026-01-01,17.144067819305693,14.0,12.607142857142858,False,LightGBM,12.873024740650083
2026-01-06,SKU002,2026-01-01,12.062965331291425,10.0,7.678571428571429,False,LightGBM,8.994488728210362
2026-01-06,SKU003,2026-01-01,6.993345001160747,4.0,4.535714285714286,False,LightGBM,5.0825572342273775
2026-01-06,SKU004,2026-01-01,6.021116505509422,3.0,4.714285714285714,False,LightGBM,4.621283133689031
2026-01-06,SKU005,2026-01-01,21.349155097129504,16.0,14.714285714285714,False,LightGBM,15.96995788636493
2026-01-06,SKU006,2026-01-01,10.313528098427895,6.0,5.892857142857143,False,LightGBM,6.477755700628789
2026-01-06,SKU007,2026-01-01,33.45174970957245,30.0,22.142857142857142,False,LightGBM,24.069382402268257
2026-01-06,SKU008,2026-01-01,20.837689398549077,12.0,14.535714285714286,False,LightGBM,14.806116597131492
2026-01-06,SKU009,2026-01-01,13.200640539759107,5.0,10.75,False,LightGBM,10.251757909103418
2026-01-06,SKU010,2026-01-01,22.54206191340468,11.0,15.714285714285714,False,LightGBM,16.113087156231444
2026-01-06,SKU011,2026-01-01,3.2350376614684495,0.0,2.5,False,LightGBM,2.5461875967462757
2026-01-06,SKU012,2026-01-01,34.9359092491319,26.0,23.071428571428573,False,LightGBM,23.35568467937738
2026-01-06,SKU013,2026-01-01,17.73325053750231,9.0,12.571428571428571,False,LightGBM,13.03597908045064
2026-01-06,SKU014,2026-01-01,25.43369255539955,18.0,17.964285714285715,False,LightGBM,18.286260922921436
2026-01-06,SKU015,2026-01-01,4.953992467688794,1.0,3.5357142857142856,False,LightGBM,3.628998119917274
2026-01-06,SKU016,2026-01-01,16.314640582064616,15.0,12.214285714285714,False,LightGBM,12.620470677581896
2026-01-06,SKU017,2026-01-01,16.602280494561175,15.0,13.25,False,LightGBM,12.814771116056964
2026-01-06,SKU018,2026-01-01,30.87500865692474,11.0,22.428571428571427,False,LightGBM,22.38220352858818
2026-01-06,SKU019,2026-01-01,23.234511237676244,9.0,14.535714285714286,False,LightGBM,15.210343065963666
2026-01-06,SKU020,2026-01-01,15.843720770459022,11.0,12.285714285714286,False,LightGBM,12.491747483795992
2026-01-06,SKU021,2026-01-01,10.524651279021716,8.0,7.357142857142857,False,LightGBM,8.089960608677323
2026-01-06,SKU022,2026-01-01,12.863390754795457,7.0,9.571428571428571,False,LightGBM,10.33765352887883
2026-01-06,SKU023,2026-01-01,19.0251070879058,13.0,14.035714285714286,False,LightGBM,14.218049095534145
2026-01-06,SKU024,2026-01-01,15.08447595992831,9.0,11.035714285714286,False,LightGBM,11.44789992154002
2026-01-06,SKU025,2026-01-01,3.5537556409579967,4.0,2.2857142857142856,False,LightGBM,2.6758688562072943
2026-01-06,SKU026,2026-01-01,27.65005372475684,21.0,20.142857142857142,False,LightGBM,19.962148954892093
2026-01-06,SKU027,2026-01-01,33.58079059578155,23.0,23.035714285714285,False,LightGBM,23.671457095547517
2026-01-06,SKU028,2026-01-01,6.131649749602701,7.0,4.0,False,LightGBM,4.66962572439432
2026-01-06,SKU029,2026-01-01,20.018264703534175,14.0,14.821428571428571,False,LightGBM,14.988426867407451
2026-01-06,SKU030,2026-01-01,5.901590751602109,3.0,4.25,False,LightGBM,4.549831752873783
2026-01-06,SKU031,2026-01-01,23.53841433406344,12.0,15.678571428571429,False,LightGBM,18.07416563139911
2026-01-06,SKU032,2026-01-01,11.527171445890884,7.0,8.428571428571429,False,LightGBM,8.560000276359643
2026-01-06,SKU033,2026-01-01,23.967466695827163,16.0,15.25,False,LightGBM,15.9670458109889
2026-01-06,SKU034,2026-01-01,26.808449629124762,10.0,17.571428571428573,False,LightGBM,17.842939474475152
2026-01-06,SKU035,2026-01-01,26.502373216146662,16.0,18.75,False,LightGBM,19.94989569717678
2026-01-06,SKU036,2026-01-01,5.864300351520823,2.0,4.392857142857143,False,LightGBM,4.412504474680309
2026-01-06,SKU037,2026-01-01,30.097860204220712,23.0,20.75,False,LightGBM,21.69412814029831
2026-01-06,SKU038,2026-01-01,10.234969206508277,13.0,7.464285714285714,False,LightGBM,7.227472773180423
2026-01-06,SKU039,2026-01-01,3.619384892161974,6.0,2.4285714285714284,False,LightGBM,2.8736431398637188
2026-01-06,SKU040,2026-01-01,17.088493163501322,9.0,13.0,False,LightGBM,13.758037414465306
2026-01-06,SKU041,2026-01-01,13.763096283689132,11.0,9.857142857142858,False,LightGBM,10.329246656300093
2026-01-06,SKU042,2026-01-01,28.66681760300021,19.0,21.214285714285715,False,LightGBM,21.67229114367109
2026-01-06,SKU043,2026-01-01,26.153889240160336,23.0,19.428571428571427,False,LightGBM,21.41546155565108
2026-01-06,SKU044,2026-01-01,11.980721029853457,5.0,7.964285714285714,False,LightGBM,8.955101944695814
2026-01-06,SKU045,2026-01-01,31.588985222980554,20.0,21.071428571428573,False,LightGBM,23.05879074280775
2026-01-06,SKU046,2026-01-01,12.11135519854323,3.0,8.357142857142858,False,LightGBM,8.614345827288886
2026-01-06,SKU047,2026-01-01,17.520535731403175,15.0,13.892857142857142,False,LightGBM,13.402355235077234
2026-01-06,SKU048,2026-01-01,11.055128776687408,7.0,7.25,False,LightGBM,7.906873855595391
2026-01-06,SKU049,2026-01-01,31.923134973089095,16.0,22.392857142857142,False,LightGBM,23.70795075563554
2026-01-06,SKU050,2026-01-01,9.088436561005558,8.0,5.892857142857143,False,LightGBM,5.871525751770145
2026-01-07,SKU001,2026-01-01,16.98770560191643,11.0,12.607142857142858,False,LightGBM,13.044892650740545
2026-01-07,SKU002,2026-01-01,12.069684190200174,8.0,7.678571428571429,False,LightGBM,8.897981965683371
2026-01-07,SKU003,2026-01-01,6.829195066145802,6.0,4.535714285714286,False,LightGBM,4.8277986742700145
2026-01-07,SKU004,2026-01-01,6.137844382519638,2.0,4.714285714285714,False,LightGBM,4.645293507310952
2026-01-07,SKU005,2026-01-01,21.561953197358864,17.0,14.714285714285714,False,LightGBM,16.026702958939776
2026-01-07,SKU006,2026-01-01,10.131508544863527,8.0,5.892857142857143,False,LightGBM,6.126700359884891
2026-01-07,SKU007,2026-01-01,33.182901802404544,17.0,22.142857142857142,False,LightGBM,23.458172666863593
2026-01-07,SKU008,2026-01-01,21.365683231943155,11.0,14.535714285714286,False,LightGBM,15.094442252804763
2026-01-07,SKU009,2026-01-01,13.572747326656248,7.0,10.75,False,LightGBM,10.363206647546189
2026-01-07,SKU010,2026-01-01,23.25776492127114,18.0,15.714285714285714,False,LightGBM,15.87562283894459
2026-01-07,SKU011,2026-01-01,3.2157716167483676,2.0,2.5,False,LightGBM,2.5474804646221236
2026-01-07,SKU012,2026-01-01,36.64972737565517,26.0,23.071428571428573,False,LightGBM,24.038365959144116
2026-01-07,SKU013,2026-01-01,17.967703310339598,11.0,12.571428571428571,False,LightGBM,13.019038883973508
2026-01-07,SKU014,2026-01-01,25.756543663724557,22.0,17.964285714285715,False,LightGBM,19.061819759862654
2026-01-07,SKU015,2026-01-01,5.202030614551477,4.0,3.5357142857142856,False,LightGBM,3.7990943076030734
2026-01-07,SKU016,2026-01-01,16.895336312391024,12.0,12.214285714285714,False,LightGBM,13.062342878149183
2026-01-07,SKU017,2026-01-01,16.504243019431385,6.0,13.25,False,LightGBM,12.570669967698958
2026-01-07,SKU018,2026-01-01,30.670845239587457,26.0,22.428571428571427,False,LightGBM,23.61106406357556
2026-01-07,SKU019,2026-01-01,23.0366256922437,14.0,14.535714285714286,False,LightGBM,16.057091761784076
2026-01-07,SKU020,2026-01-01,16.32034725599944,17.0,12.285714285714286,False,LightGBM,12.771599015011452
2026-01-07,SKU021,2026-01-01,10.807285794223274,6.0,7.357142857142857,False,LightGBM,8.145777507906635
2026-01-07,SKU022,2026-01-01,13.037311091870713,9.0,9.571428571428571,False,LightGBM,10.24981996811354
2026-01-07,SKU023,2026-01-01,18.987451594237136,14.0,14.035714285714286,False,LightGBM,14.259455888968457
2026-01-07,SKU024,2026-01-01,15.430770543100445,9.0,11.035714285714286,False,LightGBM,11.594451309529909
2026-01-07,SKU025,2026-01-01,3.5550485088338446,1.0,2.2857142857142856,False,LightGBM,2.6771617240831422
2026-01-07,SKU026,2026-01-01,28.303755690536544,20.0,20.142857142857142,False,LightGBM,20.453737123756085
2026-01-07,SKU027,2026-01-01,33.759425444704135,23.0,23.035714285714285,False,LightGBM,24.23051504686516
2026-01-07,SKU028,2026-01-01,6.163458583342736,3.0,4.0,False,LightGBM,4.721021195474192
2026-01-07,SKU029,2026-01-01,20.08963770567028,7.0,14.821428571428571,False,LightGBM,14.860027042903596
2026-01-07,SKU030,2026-01-01,6.0673983657835535,7.0,4.25,False,LightGBM,4.5840264300791995
2026-01-07,SKU031,2026-01-01,23.820021495537056,15.0,15.678571428571429,False,LightGBM,18.245970508225792
2026-01-07,SKU032,2026-01-01,11.86635251464151,12.0,8.428571428571429,False,LightGBM,8.693555832732821
2026-01-07,SKU033,2026-01-01,24.6215024669085,6.0,15.25,False,LightGBM,16.389592871276893
2026-01-07,SKU034,2026-01-01,26.640533077603912,16.0,17.571428571428573,False,LightGBM,18.12348402583573
2026-01-07,SKU035,2026-01-01,25.959096549606343,14.0,18.75,False,LightGBM,19.174863412209017
2026-01-07,SKU036,2026-01-01,6.3337423676389495,3.0,4.392857142857143,False,LightGBM,4.457396583893659
2026-01-07,SKU037,2026-01-01,29.45736802276337,17.0,20.75,False,LightGBM,21.230987716118165
2026-01-07,SKU038,2026-01-01,10.31003406322795,11.0,7.464285714285714,False,LightGBM,7.367117042200683
2026-01-07,SKU039,2026-01-01,3.5609308866614087,3.0,2.4285714285714284,False,LightGBM,2.881650327770547
2026-01-07,SKU040,2026-01-01,17.58147601540815,13.0,13.0,False,LightGBM,13.423042148377288
2026-01-07,SKU041,2026-01-01,14.96983723058446,5.0,9.857142857142858,False,LightGBM,10.721495269160336
2026-01-07,SKU042,2026-01-01,29.781023626232155,17.0,21.214285714285715,False,LightGBM,22.237742042855647
2026-01-07,SKU043,2026-01-01,26.78052377108028,30.0,19.428571428571427,False,LightGBM,22.060194133706283
2026-01-07,SKU044,2026-01-01,11.91705291361983,5.0,7.964285714285714,False,LightGBM,9.080911782989626
2026-01-07,SKU045,2026-01-01,32.26806529964091,20.0,21.071428571428573,False,LightGBM,23.193660916911064
2026-01-07,SKU046,2026-01-01,12.08798100637414,5.0,8.357142857142858,False,LightGBM,8.742900200388442
2026-01-07,SKU047,2026-01-01,17.56647029125657,6.0,13.892857142857142,False,LightGBM,13.112817871309952
2026-01-07,SKU048,2026-01-01,10.938414314762836,7.0,7.25,False,LightGBM,7.811003702822398
2026-01-07,SKU049,2026-01-01,32.75703428417987,16.0,22.392857142857142,False,LightGBM,24.24494083819447
2026-01-07,SKU050,2026-01-01,9.47446888101282,9.0,5.892857142857143,False,LightGBM,5.9137889992634385
2026-01-08,SKU001,2026-01-01,17.253936750028082,10.0,12.607142857142858,False,LightGBM,13.017095732475873
2026-01-08,SKU002,2026-01-01,12.608705228975126,7.0,7.678571428571429,False,LightGBM,9.182577690773691
2026-01-08,SKU003,2026-01-01,6.9562878350424855,4.0,4.535714285714286,False,LightGBM,5.089514973376411
2026-01-08,SKU004,2026-01-01,6.484261902571147,3.0,4.714285714285714,False,LightGBM,4.7399784524217115
2026-01-08,SKU005,2026-01-01,21.641360995543376,18.0,14.714285714285714,False,LightGBM,16.487291622892666
2026-01-08,SKU006,2026-01-01,10.198575489918545,5.0,5.892857142857143,False,LightGBM,6.502240991698711
2026-01-08,SKU007,2026-01-01,33.66837259947065,21.0,22.142857142857142,False,LightGBM,23.011264860381438
2026-01-08,SKU008,2026-01-01,21.560285371689954,14.0,14.535714285714286,False,LightGBM,15.803667638022693
2026-01-08,SKU009,2026-01-01,13.580020487377649,9.0,10.75,False,LightGBM,10.335278303061392
2026-01-08,SKU010,2026-01-01,23.217246016984813,11.0,15.714285714285714,False,LightGBM,16.11474817228921
2026-01-08,SKU011,2026-01-01,3.420433841242982,5.0,2.5,False,LightGBM,2.636318896039069
2026-01-08,SKU012,2026-01-01,37.15342409475937,28.0,23.071428571428573,False,LightGBM,24.69617641941482
2026-01-08,SKU013,2026-01-01,18.665151019407624,7.0,12.571428571428571,False,LightGBM,12.92339717487706
2026-01-08,SKU014,2026-01-01,25.92366678263747,12.0,17.964285714285715,False,LightGBM,19.027873494720605
2026-01-08,SKU015,2026-01-01,5.100853417215311,4.0,3.5357142857142856,False,LightGBM,3.819995025523331
2026-01-08,SKU016,2026-01-01,16.998474560169765,18.0,12.214285714285714,False,LightGBM,12.952070451924419
2026-01-08,SKU017,2026-01-01,17.777050810338178,14.0,13.25,False,LightGBM,13.404796655239164
2026-01-08,SKU018,2026-01-01,30.83281271755923,21.0,22.428571428571427,False,LightGBM,23.3979937772745
2026-01-08,SKU019,2026-01-01,23.786473219097015,13.0,14.535714285714286,False,LightGBM,16.12480235060368
2026-01-08,SKU020,2026-01-01,16.200985707170158,14.0,12.285714285714286,False,LightGBM,12.749040253154925
2026-01-08,SKU021,2026-01-01,10.899966710715805,4.0,7.357142857142857,False,LightGBM,8.226174812057764
2026-01-08,SKU022,2026-01-01,13.448605348088726,11.0,9.571428571428571,False,LightGBM,10.516944611324975
2026-01-08,SKU023,2026-01-01,19.75281461937534,12.0,14.035714285714286,False,LightGBM,14.41940748333355
2026-01-08,SKU024,2026-01-01,16.327980805791753,13.0,11.035714285714286,False,LightGBM,11.648669360567443
2026-01-08,SKU025,2026-01-01,3.580445270248488,3.0,2.2857142857142856,False,LightGBM,2.713011171253454
2026-01-08,SKU026,2026-01-01,27.800054582404563,15.0,20.142857142857142,False,LightGBM,20.636144014720735
2026-01-08,SKU027,2026-01-01,32.62797515039225,16.0,23.035714285714285,False,LightGBM,24.759629992295896
2026-01-08,SKU028,2026-01-01,6.221998074212074,6.0,4.0,False,LightGBM,4.771637582049758
2026-01-08,SKU029,2026-01-01,20.373139565130877,10.0,14.821428571428571,False,LightGBM,15.753669992578482
2026-01-08,SKU030,2026-01-01,5.93170226925271,1.0,4.25,False,LightGBM,4.554784708204578
2026-01-08,SKU031,2026-01-01,23.908479121366728,13.0,15.678571428571429,False,LightGBM,18.564020445813085
2026-01-08,SKU032,2026-01-01,11.764177792184427,8.0,8.428571428571429,False,LightGBM,8.867657938421756
2026-01-08,SKU033,2026-01-01,23.81152409356418,15.0,15.25,False,LightGBM,16.27798415799311
2026-01-08,SKU034,2026-01-01,26.791314696364502,16.0,17.571428571428573,False,LightGBM,18.2426644361022
2026-01-08,SKU035,2026-01-01,25.90264146031311,23.0,18.75,False,LightGBM,19.57015612089023
2026-01-08,SKU036,2026-01-01,6.388968942704995,2.0,4.392857142857143,False,LightGBM,4.452085599844853
2026-01-08,SKU037,2026-01-01,30.84632599346973,23.0,20.75,False,LightGBM,22.058109888700475
2026-01-08,SKU038,2026-01-01,10.394028446170148,4.0,7.464285714285714,False,LightGBM,7.3981400118478495
2026-01-08,SKU039,2026-01-01,3.5355233652387454,6.0,2.4285714285714284,False,LightGBM,2.9110899949457427
2026-01-08,SKU040,2026-01-01,17.638266941260422,5.0,13.0,False,LightGBM,13.545923521263243
2026-01-08,SKU041,2026-01-01,15.137073213628668,12.0,9.857142857142858,False,LightGBM,10.633197702169129
2026-01-08,SKU042,2026-01-01,29.299493925430937,21.0,21.214285714285715,False,LightGBM,21.674626984815113
2026-01-08,SKU043,2026-01-01,26.615962911943207,24.0,19.428571428571427,False,LightGBM,21.653024111836825
2026-01-08,SKU044,2026-01-01,12.537500646493653,10.0,7.964285714285714,False,LightGBM,9.391884399830676
2026-01-08,SKU045,2026-01-01,32.97937361474266,28.0,21.071428571428573,False,LightGBM,24.088617640541504
2026-01-08,SKU046,2026-01-01,11.828217887001502,5.0,8.357142857142858,False,LightGBM,8.778176711581752
2026-01-08,SKU047,2026-01-01,18.772508508366084,9.0,13.892857142857142,False,LightGBM,13.700059435129488
2026-01-08,SKU048,2026-01-01,11.13183492314697,4.0,7.25,False,LightGBM,7.963460309977708
2026-01-08,SKU049,2026-01-01,32.3757462331753,24.0,22.392857142857142,False,LightGBM,25.105872352265706
2026-01-08,SKU050,2026-01-01,9.435616960756187,8.0,5.892857142857143,False,LightGBM,5.8954563545753995
2026-01-09,SKU001,2026-01-01,17.875865391203416,13.0,12.607142857142858,False,LightGBM,13.057325566746938
2026-01-09,SKU002,2026-01-01,13.031837745878285,6.0,7.678571428571429,False,LightGBM,9.118114006621484
2026-01-09,SKU003,2026-01-01,7.0511776983319,6.0,4.535714285714286,False,LightGBM,5.086313164520208
2026-01-09,SKU004,2026-01-01,6.351652978852095,2.0,4.714285714285714,False,LightGBM,4.475401160798757
2026-01-09,SKU005,2026-01-01,21.613099938760634,8.0,14.714285714285714,False,LightGBM,16.518332394476058
2026-01-09,SKU006,2026-01-01,10.49586552265426,4.0,5.892857142857143,False,LightGBM,6.574876291351506
2026-01-09,SKU007,2026-01-01,34.42029794540819,13.0,22.142857142857142,False,LightGBM,23.316380569978456
2026-01-09,SKU008,2026-01-01,21.742148049684406,17.0,14.535714285714286,False,LightGBM,15.791646136643614
2026-01-09,SKU009,2026-01-01,13.990314906769276,13.0,10.75,False,LightGBM,10.363337033013817
2026-01-09,SKU010,2026-01-01,24.201545614432646,13.0,15.714285714285714,False,LightGBM,16.687020162454562
2026-01-09,SKU011,2026-01-01,3.340371767413005,5.0,2.5,False,LightGBM,2.672080615286761
2026-01-09,SKU012,2026-01-01,37.33546480417975,21.0,23.071428571428573,False,LightGBM,25.44181038565347
2026-01-09,SKU013,2026-01-01,18.357969923943717,7.0,12.571428571428571,False,LightGBM,13.390160881385585
2026-01-09,SKU014,2026-01-01,26.280827816706783,16.0,17.964285714285715,False,LightGBM,18.84472129115067
2026-01-09,SKU015,2026-01-01,5.120045214684416,6.0,3.5357142857142856,False,LightGBM,3.8222704593856807
2026-01-09,SKU016,2026-01-01,17.579007471872988,14.0,12.214285714285714,False,LightGBM,13.074323420891806
2026-01-09,SKU017,2026-01-01,17.46642693306599,14.0,13.25,False,LightGBM,13.334477731019936
2026-01-09,SKU018,2026-01-01,30.919571220562773,19.0,22.428571428571427,False,LightGBM,23.375634323679904
2026-01-09,SKU019,2026-01-01,23.805348794950348,16.0,14.535714285714286,False,LightGBM,15.850957048965984
2026-01-09,SKU020,2026-01-01,17.125486173168905,18.0,12.285714285714286,False,LightGBM,12.549174615038323
2026-01-09,SKU021,2026-01-01,10.825629846674232,8.0,7.357142857142857,False,LightGBM,8.177151982081828
2026-01-09,SKU022,2026-01-01,13.850678098553423,10.0,9.571428571428571,False,LightGBM,10.795597985452092
2026-01-09,SKU023,2026-01-01,20.89933836889956,15.0,14.035714285714286,False,LightGBM,14.368325927480695
2026-01-09,SKU024,2026-01-01,16.901473569234234,9.0,11.035714285714286,False,LightGBM,11.89317669096147
2026-01-09,SKU025,2026-01-01,3.6230033736340745,1.0,2.2857142857142856,False,LightGBM,2.7350103620431105
2026-01-09,SKU026,2026-01-01,28.783651226646224,17.0,20.142857142857142,False,LightGBM,20.88339824067929
2026-01-09,SKU027,2026-01-01,33.215432425944826,19.0,23.035714285714285,False,LightGBM,24.906886470945015
2026-01-09,SKU028,2026-01-01,6.260518053295154,5.0,4.0,False,LightGBM,4.787809286091291
2026-01-09,SKU029,2026-01-01,20.427619780350376,12.0,14.821428571428571,False,LightGBM,15.750934405375695
2026-01-09,SKU030,2026-01-01,6.094630148768569,5.0,4.25,False,LightGBM,4.622447707238697
2026-01-09,SKU031,2026-01-01,24.252602035600418,14.0,15.678571428571429,False,LightGBM,18.568880205043737
2026-01-09,SKU032,2026-01-01,12.183511390526531,6.0,8.428571428571429,False,LightGBM,8.79655038512342
2026-01-09,SKU033,2026-01-01,24.374649719990792,15.0,15.25,False,LightGBM,16.766849102389028
2026-01-09,SKU034,2026-01-01,26.878036284847934,18.0,17.571428571428573,False,LightGBM,18.278438732908462
2026-01-09,SKU035,2026-01-01,26.512609222907457,20.0,18.75,False,LightGBM,19.782375921631182
2026-01-09,SKU036,2026-01-01,6.390617685991357,6.0,4.392857142857143,False,LightGBM,4.6449290939557715
2026-01-09,SKU037,2026-01-01,31.191703851181686,23.0,20.75,False,LightGBM,22.172766562770523
2026-01-09,SKU038,2026-01-01,10.990141060157681,7.0,7.464285714285714,False,LightGBM,7.487816516119812
2026-01-09,SKU039,2026-01-01,3.5656440035797385,2.0,2.4285714285714284,False,LightGBM,2.920651720690806
2026-01-09,SKU040,2026-01-01,17.64643273242747,7.0,13.0,False,LightGBM,13.668637023122143
2026-01-09,SKU041,2026-01-01,15.261366533836554,10.0,9.857142857142858,False,LightGBM,10.771586053367459
2026-01-09,SKU042,2026-01-01,30.979819113530134,26.0,21.214285714285715,False,LightGBM,21.83074158088127
2026-01-09,SKU043,2026-01-01,26.58013790367013,16.0,19.428571428571427,False,LightGBM,21.791255080778555
2026-01-09,SKU044,2026-01-01,12.317050416219741,10.0,7.964285714285714,False,LightGBM,9.4097716572324
2026-01-09,SKU045,2026-01-01,34.78756600664625,24.0,21.071428571428573,False,LightGBM,24.646483689354334
2026-01-09,SKU046,2026-01-01,12.018782842404425,9.0,8.357142857142858,False,LightGBM,8.849156990347984
2026-01-09,SKU047,2026-01-01,18.91806611835097,16.0,13.892857142857142,False,LightGBM,13.465400748786497
2026-01-09,SKU048,2026-01-01,10.920169053317368,5.0,7.25,False,LightGBM,7.9272941104494805
2026-01-09,SKU049,2026-01-01,33.3158834650053,27.0,22.392857142857142,False,LightGBM,25.063169363821356
2026-01-09,SKU050,2026-01-01,9.686890275399083,7.0,5.892857142857143,False,LightGBM,6.2328703863365
2026-01-10,SKU001,2026-01-01,19.62948194774493,8.0,12.607142857142858,False,LightGBM,15.210675573009148
2026-01-10,SKU002,2026-01-01,13.784078818538676,9.0,7.678571428571429,False,LightGBM,10.15908370984148
2026-01-10,SKU003,2026-01-01,7.771735750311938,9.0,4.535714285714286,False,LightGBM,5.658835618627763
2026-01-10,SKU004,2026-01-01,7.159620696254833,3.0,4.714285714285714,False,LightGBM,5.075006629768759
2026-01-10,SKU005,2026-01-01,22.172959871875076,18.0,14.714285714285714,False,LightGBM,18.08020655232719
2026-01-10,SKU006,2026-01-01,11.122468960289426,8.0,5.892857142857143,False,LightGBM,7.056025057679793
2026-01-10,SKU007,2026-01-01,35.125506151607645,23.0,22.142857142857142,False,LightGBM,26.376633886692453
2026-01-10,SKU008,2026-01-01,23.057233298498865,13.0,14.535714285714286,False,LightGBM,17.54862705592755
2026-01-10,SKU009,2026-01-01,15.549882854464437,11.0,10.75,False,LightGBM,11.843917571806326
2026-01-10,SKU010,2026-01-01,24.34055577118733,19.0,15.714285714285714,False,LightGBM,17.72126440774153
2026-01-10,SKU011,2026-01-01,3.6569970208459597,3.0,2.5,False,LightGBM,2.9887058687197197
2026-01-10,SKU012,2026-01-01,38.91570557440627,16.0,23.071428571428573,False,LightGBM,27.865452166664927
2026-01-10,SKU013,2026-01-01,19.445773433921484,17.0,12.571428571428571,False,LightGBM,14.68364850047016
2026-01-10,SKU014,2026-01-01,27.201009099529116,20.0,17.964285714285715,False,LightGBM,20.378962851891334
2026-01-10,SKU015,2026-01-01,5.782905419376517,3.0,3.5357142857142856,False,LightGBM,4.292597556866602
2026-01-10,SKU016,2026-01-01,18.20829045641197,13.0,12.214285714285714,False,LightGBM,14.435010165793098
2026-01-10,SKU017,2026-01-01,18.887337114661133,13.0,13.25,False,LightGBM,14.89154104717367
2026-01-10,SKU018,2026-01-01,33.02729315890772,20.0,22.428571428571427,False,LightGBM,26.300807234874362
2026-01-10,SKU019,2026-01-01,26.470184921073905,11.0,14.535714285714286,False,LightGBM,18.33275366540396
2026-01-10,SKU020,2026-01-01,17.969092541909117,13.0,12.285714285714286,False,LightGBM,14.427272524202708
2026-01-10,SKU021,2026-01-01,11.91939327983841,6.0,7.357142857142857,False,LightGBM,8.869355447408386
2026-01-10,SKU022,2026-01-01,15.61053233598419,17.0,9.571428571428571,False,LightGBM,11.918652803901537
2026-01-10,SKU023,2026-01-01,21.43354903676435,17.0,14.035714285714286,False,LightGBM,15.795286361522678
2026-01-10,SKU024,2026-01-01,18.05269293825234,14.0,11.035714285714286,False,LightGBM,13.421477436501707
2026-01-10,SKU025,2026-01-01,3.930675158605842,5.0,2.2857142857142856,False,LightGBM,3.063241059610812
2026-01-10,SKU026,2026-01-01,31.882365314129107,16.0,20.142857142857142,False,LightGBM,23.001171098446605
2026-01-10,SKU027,2026-01-01,35.496152334817474,21.0,23.035714285714285,False,LightGBM,27.676543927220294
2026-01-10,SKU028,2026-01-01,7.221160483882523,4.0,4.0,False,LightGBM,5.221845279703008
2026-01-10,SKU029,2026-01-01,21.602319356466634,17.0,14.821428571428571,False,LightGBM,17.312400773155275
2026-01-10,SKU030,2026-01-01,6.427719072829287,6.0,4.25,False,LightGBM,5.01772728973136
2026-01-10,SKU031,2026-01-01,25.582147570540634,20.0,15.678571428571429,False,LightGBM,20.177136207895117
2026-01-10,SKU032,2026-01-01,13.654142339514287,12.0,8.428571428571429,False,LightGBM,9.736035743612403
2026-01-10,SKU033,2026-01-01,25.06681667682028,17.0,15.25,False,LightGBM,18.689170009759337
2026-01-10,SKU034,2026-01-01,27.18221190395983,18.0,17.571428571428573,False,LightGBM,19.60563469187567
2026-01-10,SKU035,2026-01-01,28.168571677458033,16.0,18.75,False,LightGBM,22.21120704079313
2026-01-10,SKU036,2026-01-01,7.381791488097123,4.0,4.392857142857143,False,LightGBM,5.273277796639438
2026-01-10,SKU037,2026-01-01,33.15469901386206,20.0,20.75,False,LightGBM,24.97160389384365
2026-01-10,SKU038,2026-01-01,12.213782344422565,8.0,7.464285714285714,False,LightGBM,8.191046940528675
2026-01-10,SKU039,2026-01-01,3.9048321884763384,1.0,2.4285714285714284,False,LightGBM,3.25983990558741
2026-01-10,SKU040,2026-01-01,19.05012884269562,8.0,13.0,False,LightGBM,15.304548293263316
2026-01-10,SKU041,2026-01-01,16.95423904169643,14.0,9.857142857142858,False,LightGBM,12.20423666853422
2026-01-10,SKU042,2026-01-01,31.99708580761593,17.0,21.214285714285715,False,LightGBM,24.018554126542462
2026-01-10,SKU043,2026-01-01,27.615043360274417,30.0,19.428571428571427,False,LightGBM,23.68856672248715
2026-01-10,SKU044,2026-01-01,14.03506330676079,8.0,7.964285714285714,False,LightGBM,10.81952260341031
2026-01-10,SKU045,2026-01-01,35.758506367444284,23.0,21.071428571428573,False,LightGBM,26.762883068900546
2026-01-10,SKU046,2026-01-01,13.564593188471207,9.0,8.357142857142858,False,LightGBM,9.798924257856424
2026-01-10,SKU047,2026-01-01,19.92502284707744,15.0,13.892857142857142,False,LightGBM,15.06723685440651
2026-01-10,SKU048,2026-01-01,12.440235784224512,6.0,7.25,False,LightGBM,8.637553807492791
2026-01-10,SKU049,2026-01-01,35.23449473665981,32.0,22.392857142857142,False,LightGBM,27.77416164551757
2026-01-10,SKU050,2026-01-01,10.439012075007026,7.0,5.892857142857143,False,LightGBM,6.774436818575558
2026-01-11,SKU001,2026-01-01,19.11426527895071,9.0,12.607142857142858,False,LightGBM,15.145528591100051
2026-01-11,SKU002,2026-01-01,14.234926202691403,10.0,7.678571428571429,False,LightGBM,10.29296709963612
2026-01-11,SKU003,2026-01-01,7.958434061650815,4.0,4.535714285714286,False,LightGBM,5.7160217242324025
2026-01-11,SKU004,2026-01-01,7.180368303021105,7.0,4.714285714285714,False,LightGBM,5.048256733719941
2026-01-11,SKU005,2026-01-01,22.538076013717603,16.0,14.714285714285714,False,LightGBM,17.97997564209702
2026-01-11,SKU006,2026-01-01,11.33476955310477,5.0,5.892857142857143,False,LightGBM,7.131000896754388
2026-01-11,SKU007,2026-01-01,37.12410800595569,29.0,22.142857142857142,False,LightGBM,26.35087751982029
2026-01-11,SKU008,2026-01-01,24.004916566381823,23.0,14.535714285714286,False,LightGBM,18.03959512148836
2026-01-11,SKU009,2026-01-01,15.366476573722363,15.0,10.75,False,LightGBM,11.857016316035114
2026-01-11,SKU010,2026-01-01,24.576234081855663,16.0,15.714285714285714,False,LightGBM,17.73538449510814
2026-01-11,SKU011,2026-01-01,3.662136437241721,3.0,2.5,False,LightGBM,3.009137348820717
2026-01-11,SKU012,2026-01-01,38.676060417336366,25.0,23.071428571428573,False,LightGBM,27.93448079758885
2026-01-11,SKU013,2026-01-01,19.478087362344006,12.0,12.571428571428571,False,LightGBM,14.957633418683116
2026-01-11,SKU014,2026-01-01,27.562469158788332,18.0,17.964285714285715,False,LightGBM,20.65186162692841
2026-01-11,SKU015,2026-01-01,5.606082797248761,5.0,3.5357142857142856,False,LightGBM,4.265358034100588
2026-01-11,SKU016,2026-01-01,19.156627838159693,16.0,12.214285714285714,False,LightGBM,14.65622622741241
2026-01-11,SKU017,2026-01-01,19.311399149044394,21.0,13.25,False,LightGBM,14.568927581587042
2026-01-11,SKU018,2026-01-01,34.77202658779218,28.0,22.428571428571427,False,LightGBM,27.233933896430276
2026-01-11,SKU019,2026-01-01,25.504171976596602,18.0,14.535714285714286,False,LightGBM,17.988201333318855
2026-01-11,SKU020,2026-01-01,18.151928767874324,11.0,12.285714285714286,False,LightGBM,14.460500205266984
2026-01-11,SKU021,2026-01-01,11.974652346302177,11.0,7.357142857142857,False,LightGBM,8.830194828188734
2026-01-11,SKU022,2026-01-01,16.096414088072056,11.0,9.571428571428571,False,LightGBM,12.106195258267055
2026-01-11,SKU023,2026-01-01,22.765467352704427,7.0,14.035714285714286,False,LightGBM,16.262259018784487
2026-01-11,SKU024,2026-01-01,19.289956398378067,6.0,11.035714285714286,False,LightGBM,13.922870924026206
2026-01-11,SKU025,2026-01-01,3.9570784909430614,2.0,2.2857142857142856,False,LightGBM,3.069085479352102
2026-01-11,SKU026,2026-01-01,32.35751784936909,26.0,20.142857142857142,False,LightGBM,23.365698496096755
2026-01-11,SKU027,2026-01-01,36.62486957106069,19.0,23.035714285714285,False,LightGBM,28.182730302205904
2026-01-11,SKU028,2026-01-01,7.413240522545328,1.0,4.0,False,LightGBM,5.270099528664638
2026-01-11,SKU029,2026-01-01,20.80090393077806,14.0,14.821428571428571,False,LightGBM,17.353578200376653
2026-01-11,SKU030,2026-01-01,6.921494873682787,4.0,4.25,False,LightGBM,5.038230232767879
2026-01-11,SKU031,2026-01-01,26.374205297205968,14.0,15.678571428571429,False,LightGBM,20.366229659851953
2026-01-11,SKU032,2026-01-01,13.591894605239533,11.0,8.428571428571429,False,LightGBM,9.767197364287131
2026-01-11,SKU033,2026-01-01,26.68630160603063,17.0,15.25,False,LightGBM,18.758165010973336
2026-01-11,SKU034,2026-01-01,28.349444298499755,24.0,17.571428571428573,False,LightGBM,19.681044558590273
2026-01-11,SKU035,2026-01-01,29.72654550945609,26.0,18.75,False,LightGBM,22.497396015847922
2026-01-11,SKU036,2026-01-01,7.220594532049463,6.0,4.392857142857143,False,LightGBM,5.152861141111447
2026-01-11,SKU037,2026-01-01,33.3996687317747,25.0,20.75,False,LightGBM,25.126674525782654
2026-01-11,SKU038,2026-01-01,12.027761324168093,10.0,7.464285714285714,False,LightGBM,8.180796941707952
2026-01-11,SKU039,2026-01-01,3.923600853860577,1.0,2.4285714285714284,False,LightGBM,3.2786085709716484
2026-01-11,SKU040,2026-01-01,19.51189066982937,6.0,13.0,False,LightGBM,15.371045338288868
2026-01-11,SKU041,2026-01-01,16.929631051281135,3.0,9.857142857142858,False,LightGBM,12.249026533458833
2026-01-11,SKU042,2026-01-01,32.46619319817178,23.0,21.214285714285715,False,LightGBM,24.484561120619485
2026-01-11,SKU043,2026-01-01,28.834758475590267,17.0,19.428571428571427,False,LightGBM,23.502301898150918
2026-01-11,SKU044,2026-01-01,14.010948522562142,11.0,7.964285714285714,False,LightGBM,10.73921516885405
2026-01-11,SKU045,2026-01-01,36.264540288488654,30.0,21.071428571428573,False,LightGBM,26.661317342514646
2026-01-11,SKU046,2026-01-01,13.659535528782596,9.0,8.357142857142858,False,LightGBM,9.829028130054116
2026-01-11,SKU047,2026-01-01,21.115153572027562,12.0,13.892857142857142,False,LightGBM,15.289918730771873
2026-01-11,SKU048,2026-01-01,12.50155994341564,4.0,7.25,False,LightGBM,8.754890980342191
2026-01-11,SKU049,2026-01-01,35.55498274359276,20.0,22.392857142857142,False,LightGBM,28.08578596958158
2026-01-11,SKU050,2026-01-01,10.723433020415662,11.0,5.892857142857143,False,LightGBM,6.882539791366469
2026-01-12,SKU001,2026-01-01,18.038320627075166,12.0,12.607142857142858,False,LightGBM,12.858312040501874
2026-01-12,SKU002,2026-01-01,13.012597979427131,9.0,7.678571428571429,False,LightGBM,9.003582749772933
2026-01-12,SKU003,2026-01-01,6.937698451707271,7.0,4.535714285714286,False,LightGBM,4.707365402304349
2026-01-12,SKU004,2026-01-01,6.356306410685409,1.0,4.714285714285714,False,LightGBM,4.458828276263122
2026-01-12,SKU005,2026-01-01,22.45304787385115,17.0,14.714285714285714,False,LightGBM,16.126422391930532
2026-01-12,SKU006,2026-01-01,10.42779417820095,6.0,5.892857142857143,False,LightGBM,6.4218646615480015
2026-01-12,SKU007,2026-01-01,34.477310000367474,21.0,22.142857142857142,False,LightGBM,22.4521196477151
2026-01-12,SKU008,2026-01-01,22.260780891518458,13.0,14.535714285714286,False,LightGBM,15.146190761895113
2026-01-12,SKU009,2026-01-01,13.760646556985217,9.0,10.75,False,LightGBM,10.123728608801182
2026-01-12,SKU010,2026-01-01,23.43265055617757,18.0,15.714285714285714,False,LightGBM,15.947870055821475
2026-01-12,SKU011,2026-01-01,3.366891870593113,1.0,2.5,False,LightGBM,2.678041805870939
2026-01-12,SKU012,2026-01-01,37.38560891152479,19.0,23.071428571428573,False,LightGBM,23.93015278201795
2026-01-12,SKU013,2026-01-01,17.542756342378027,7.0,12.571428571428571,False,LightGBM,12.726366549238106
2026-01-12,SKU014,2026-01-01,26.402117605597194,11.0,17.964285714285715,False,LightGBM,18.730442983722252
2026-01-12,SKU015,2026-01-01,5.023440649171316,2.0,3.5357142857142856,False,LightGBM,3.748730656291554
2026-01-12,SKU016,2026-01-01,19.018386556600085,10.0,12.214285714285714,False,LightGBM,13.444996371057078
2026-01-12,SKU017,2026-01-01,18.760542764409028,16.0,13.25,False,LightGBM,13.38540520439948
2026-01-12,SKU018,2026-01-01,30.877381618925664,21.0,22.428571428571427,False,LightGBM,21.64823707351235
2026-01-12,SKU019,2026-01-01,24.019512962564107,17.0,14.535714285714286,False,LightGBM,15.826542278462368
2026-01-12,SKU020,2026-01-01,17.690466298390454,15.0,12.285714285714286,False,LightGBM,12.826110040649464
2026-01-12,SKU021,2026-01-01,10.7044878728191,5.0,7.357142857142857,False,LightGBM,8.075883831995585
2026-01-12,SKU022,2026-01-01,13.8233456363325,1.0,9.571428571428571,False,LightGBM,10.299957794810346
2026-01-12,SKU023,2026-01-01,20.937313836930603,12.0,14.035714285714286,False,LightGBM,14.270660095447345
2026-01-12,SKU024,2026-01-01,16.793515170572544,9.0,11.035714285714286,False,LightGBM,11.570933148080108
2026-01-12,SKU025,2026-01-01,3.5353742781995052,2.0,2.2857142857142856,False,LightGBM,2.6473812666085412
2026-01-12,SKU026,2026-01-01,30.917673899781978,14.0,20.142857142857142,False,LightGBM,20.93134048812956
2026-01-12,SKU027,2026-01-01,33.6970011518855,21.0,23.035714285714285,False,LightGBM,23.45122960159705
2026-01-12,SKU028,2026-01-01,6.696210611570788,4.0,4.0,False,LightGBM,4.711736805113622
2026-01-12,SKU029,2026-01-01,20.10107029752991,14.0,14.821428571428571,False,LightGBM,15.379898107212062
2026-01-12,SKU030,2026-01-01,6.259994209865178,4.0,4.25,False,LightGBM,4.510354636694547
2026-01-12,SKU031,2026-01-01,25.334985175073268,23.0,15.678571428571429,False,LightGBM,18.297301059820466
2026-01-12,SKU032,2026-01-01,12.236187163341915,7.0,8.428571428571429,False,LightGBM,8.82797978487838
2026-01-12,SKU033,2026-01-01,24.985344208457356,20.0,15.25,False,LightGBM,16.19172222613785
2026-01-12,SKU034,2026-01-01,26.828949519208837,16.0,17.571428571428573,False,LightGBM,18.337449985646
2026-01-12,SKU035,2026-01-01,26.615682888993284,10.0,18.75,False,LightGBM,19.80413544112084
2026-01-12,SKU036,2026-01-01,6.508812875519113,4.0,4.392857142857143,False,LightGBM,4.607994028721144
2026-01-12,SKU037,2026-01-01,31.593603056845996,19.0,20.75,False,LightGBM,21.58056399384622
2026-01-12,SKU038,2026-01-01,10.756476776142337,7.0,7.464285714285714,False,LightGBM,7.282955404795645
2026-01-12,SKU039,2026-01-01,3.4634990670187507,3.0,2.4285714285714284,False,LightGBM,2.839065696725748
2026-01-12,SKU040,2026-01-01,18.087210677059808,10.0,13.0,False,LightGBM,13.111488009564905
2026-01-12,SKU041,2026-01-01,15.64923860514268,9.0,9.857142857142858,False,LightGBM,10.572989197494799
2026-01-12,SKU042,2026-01-01,30.58557117510143,21.0,21.214285714285715,False,LightGBM,21.466836593272834
2026-01-12,SKU043,2026-01-01,28.045640341102555,22.0,19.428571428571427,False,LightGBM,21.370172618723142
2026-01-12,SKU044,2026-01-01,12.562336682321675,9.0,7.964285714285714,False,LightGBM,9.474204952898956
2026-01-12,SKU045,2026-01-01,33.924232116895055,19.0,21.071428571428573,False,LightGBM,22.75703284277619
2026-01-12,SKU046,2026-01-01,12.400617764560398,9.0,8.357142857142858,False,LightGBM,8.704335736272094
2026-01-12,SKU047,2026-01-01,20.66440629668342,20.0,13.892857142857142,False,LightGBM,13.308402936331602
2026-01-12,SKU048,2026-01-01,11.409183759138502,7.0,7.25,False,LightGBM,7.749274888004586
2026-01-12,SKU049,2026-01-01,33.131889308316886,15.0,22.392857142857142,False,LightGBM,22.2666154165264
2026-01-12,SKU050,2026-01-01,9.49303354093486,10.0,5.892857142857143,False,LightGBM,6.084304635636259
2026-01-13,SKU001,2026-01-01,18.43477539429638,14.0,12.607142857142858,False,LightGBM,12.808756501364305
2026-01-13,SKU002,2026-01-01,12.95762996482197,10.0,7.678571428571429,False,LightGBM,8.97600202326394
2026-01-13,SKU003,2026-01-01,7.290909611402712,4.0,4.535714285714286,False,LightGBM,5.042980287368848
2026-01-13,SKU004,2026-01-01,6.561988822713111,3.0,4.714285714285714,False,LightGBM,4.451927036489005
2026-01-13,SKU005,2026-01-01,22.386909733809382,16.0,14.714285714285714,False,LightGBM,15.873792743282893
2026-01-13,SKU006,2026-01-01,10.484743559864857,6.0,5.892857142857143,False,LightGBM,6.424626152525623
2026-01-13,SKU007,2026-01-01,35.055747608538255,30.0,22.142857142857142,False,LightGBM,22.631542435012186
2026-01-13,SKU008,2026-01-01,22.649872474086937,12.0,14.535714285714286,False,LightGBM,14.897582010859024
2026-01-13,SKU009,2026-01-01,13.542216147040223,5.0,10.75,False,LightGBM,10.112149551998685
2026-01-13,SKU010,2026-01-01,24.71091205285574,11.0,15.714285714285714,False,LightGBM,16.227311181571892
2026-01-13,SKU011,2026-01-01,3.31015575329982,0.0,2.5,False,LightGBM,2.691291686052259
2026-01-13,SKU012,2026-01-01,36.37621882030947,26.0,23.071428571428573,False,LightGBM,23.263112517407723
2026-01-13,SKU013,2026-01-01,17.557037449605716,9.0,12.571428571428571,False,LightGBM,12.449780408497569
2026-01-13,SKU014,2026-01-01,26.67895757688706,18.0,17.964285714285715,False,LightGBM,18.9162360697114
2026-01-13,SKU015,2026-01-01,5.568787294140295,1.0,3.5357142857142856,False,LightGBM,3.799333896496875
2026-01-13,SKU016,2026-01-01,19.22298514185883,15.0,12.214285714285714,False,LightGBM,12.972808084273986
2026-01-13,SKU017,2026-01-01,19.38019256192527,15.0,13.25,False,LightGBM,12.989318510862573
2026-01-13,SKU018,2026-01-01,31.529147192896,11.0,22.428571428571427,False,LightGBM,22.350210777031062
2026-01-13,SKU019,2026-01-01,24.90059416213771,9.0,14.535714285714286,False,LightGBM,15.72578414417002
2026-01-13,SKU020,2026-01-01,18.496000060335984,11.0,12.285714285714286,False,LightGBM,12.976658342858016
2026-01-13,SKU021,2026-01-01,11.155908234381947,8.0,7.357142857142857,False,LightGBM,8.154661670750563
2026-01-13,SKU022,2026-01-01,13.436730724721462,7.0,9.571428571428571,False,LightGBM,10.11333113999641
2026-01-13,SKU023,2026-01-01,20.185518683987013,13.0,14.035714285714286,False,LightGBM,14.168925505981976
2026-01-13,SKU024,2026-01-01,16.83372871689711,9.0,11.035714285714286,False,LightGBM,11.450469345385235
2026-01-13,SKU025,2026-01-01,3.5137349147650148,4.0,2.2857142857142856,False,LightGBM,2.6463008157699806
2026-01-13,SKU026,2026-01-01,31.23637955520818,21.0,20.142857142857142,False,LightGBM,20.872824385628398
2026-01-13,SKU027,2026-01-01,33.75664276206481,23.0,23.035714285714285,False,LightGBM,23.621757594392392
2026-01-13,SKU028,2026-01-01,6.56626809912791,7.0,4.0,False,LightGBM,4.6604036196467264
2026-01-13,SKU029,2026-01-01,19.883218885934703,14.0,14.821428571428571,False,LightGBM,15.158590040076707
2026-01-13,SKU030,2026-01-01,6.267622869196879,3.0,4.25,False,LightGBM,4.517983296026248
2026-01-13,SKU031,2026-01-01,24.803727902679327,12.0,15.678571428571429,False,LightGBM,18.65826538783647
2026-01-13,SKU032,2026-01-01,12.338561939825475,7.0,8.428571428571429,False,LightGBM,8.670584466229155
2026-01-13,SKU033,2026-01-01,25.381747967794745,16.0,15.25,False,LightGBM,16.111970549480134
2026-01-13,SKU034,2026-01-01,27.32219558141965,10.0,17.571428571428573,False,LightGBM,18.4778728484094
2026-01-13,SKU035,2026-01-01,25.78679125100994,16.0,18.75,False,LightGBM,19.388172047104902
2026-01-13,SKU036,2026-01-01,6.613956464952744,2.0,4.392857142857143,False,LightGBM,4.590551997944002
2026-01-13,SKU037,2026-01-01,32.82371877611809,23.0,20.75,False,LightGBM,21.91255433586564
2026-01-13,SKU038,2026-01-01,11.303547765071652,13.0,7.464285714285714,False,LightGBM,7.412346123140579
2026-01-13,SKU039,2026-01-01,3.449575834204148,6.0,2.4285714285714284,False,LightGBM,2.825142463911145
2026-01-13,SKU040,2026-01-01,18.235350915782227,9.0,13.0,False,LightGBM,13.177761021763196
2026-01-13,SKU041,2026-01-01,15.519708740063589,11.0,9.857142857142858,False,LightGBM,10.355246161496865
2026-01-13,SKU042,2026-01-01,29.63662364333853,19.0,21.214285714285715,False,LightGBM,21.706959264927647
2026-01-13,SKU043,2026-01-01,27.29773743327783,23.0,19.428571428571427,False,LightGBM,21.421678008297043
2026-01-13,SKU044,2026-01-01,12.349304147367171,5.0,7.964285714285714,False,LightGBM,9.44218048701033
2026-01-13,SKU045,2026-01-01,34.76153648572392,20.0,21.071428571428573,False,LightGBM,23.441542858053698
2026-01-13,SKU046,2026-01-01,12.331089297691694,3.0,8.357142857142858,False,LightGBM,8.689891983181688
2026-01-13,SKU047,2026-01-01,20.551393226612777,15.0,13.892857142857142,False,LightGBM,12.984349715819826
2026-01-13,SKU048,2026-01-01,11.470767067313249,7.0,7.25,False,LightGBM,7.9060182542638495
2026-01-13,SKU049,2026-01-01,33.294062822179974,16.0,22.392857142857142,False,LightGBM,22.904956826028332
2026-01-13,SKU050,2026-01-01,9.54851138425087,8.0,5.892857142857143,False,LightGBM,6.091522496184158
2026-01-14,SKU001,2026-01-01,19.055212677812023,11.0,12.607142857142858,False,LightGBM,12.937257607384215
2026-01-14,SKU002,2026-01-01,13.074658838058346,8.0,7.678571428571429,False,LightGBM,8.929272162306747
2026-01-14,SKU003,2026-01-01,7.6710577818466765,6.0,4.535714285714286,False,LightGBM,5.021302933597477
2026-01-14,SKU004,2026-01-01,6.60215607951347,2.0,4.714285714285714,False,LightGBM,4.471535380693434
2026-01-14,SKU005,2026-01-01,22.515992737436594,17.0,14.714285714285714,False,LightGBM,16.081869362967904
2026-01-14,SKU006,2026-01-01,10.253380916546323,8.0,5.892857142857143,False,LightGBM,6.363822879639444
2026-01-14,SKU007,2026-01-01,34.515027200701944,17.0,22.142857142857142,False,LightGBM,22.595398537688393
2026-01-14,SKU008,2026-01-01,22.55958496551256,11.0,14.535714285714286,False,LightGBM,14.972161157886562
2026-01-14,SKU009,2026-01-01,13.09437570108946,7.0,10.75,False,LightGBM,10.215810541835884
2026-01-14,SKU010,2026-01-01,24.18544022687809,18.0,15.714285714285714,False,LightGBM,15.963300069205069
2026-01-14,SKU011,2026-01-01,3.3817660506759526,2.0,2.5,False,LightGBM,2.708208049659015
2026-01-14,SKU012,2026-01-01,37.35843109983884,26.0,23.071428571428573,False,LightGBM,24.702063051529848
2026-01-14,SKU013,2026-01-01,18.130719581128375,11.0,12.571428571428571,False,LightGBM,12.445950431863807
2026-01-14,SKU014,2026-01-01,26.400152204543126,22.0,17.964285714285715,False,LightGBM,19.421136977080046
2026-01-14,SKU015,2026-01-01,5.565745991660763,4.0,3.5357142857142856,False,LightGBM,3.806662168366023
2026-01-14,SKU016,2026-01-01,20.174424062935277,12.0,12.214285714285714,False,LightGBM,13.16310173554118
2026-01-14,SKU017,2026-01-01,20.19001711147422,6.0,13.25,False,LightGBM,12.902888211957753
2026-01-14,SKU018,2026-01-01,31.760793193968812,26.0,22.428571428571427,False,LightGBM,22.74196354535262
2026-01-14,SKU019,2026-01-01,25.251432899683085,14.0,14.535714285714286,False,LightGBM,15.825331176851533
2026-01-14,SKU020,2026-01-01,18.38679558575247,17.0,12.285714285714286,False,LightGBM,12.516183555103895
2026-01-14,SKU021,2026-01-01,11.114955675606911,6.0,7.357142857142857,False,LightGBM,8.12794278287158
2026-01-14,SKU022,2026-01-01,13.420655796055673,9.0,9.571428571428571,False,LightGBM,10.216857782955405
2026-01-14,SKU023,2026-01-01,20.742772020450264,14.0,14.035714285714286,False,LightGBM,14.122796859297068
2026-01-14,SKU024,2026-01-01,16.892677180238174,9.0,11.035714285714286,False,LightGBM,11.484938539882908
2026-01-14,SKU025,2026-01-01,3.5342938273609446,1.0,2.2857142857142856,False,LightGBM,2.6463008157699806
2026-01-14,SKU026,2026-01-01,31.115154274065322,20.0,20.142857142857142,False,LightGBM,20.917910346431817
2026-01-14,SKU027,2026-01-01,34.41519909530076,23.0,23.035714285714285,False,LightGBM,23.981111354363563
2026-01-14,SKU028,2026-01-01,6.759964569315105,3.0,4.0,False,LightGBM,4.740937220615666
2026-01-14,SKU029,2026-01-01,20.491179346494192,7.0,14.821428571428571,False,LightGBM,15.358981217544201
2026-01-14,SKU030,2026-01-01,6.215057930666341,7.0,4.25,False,LightGBM,4.46541835749571
2026-01-14,SKU031,2026-01-01,24.939712762475448,15.0,15.678571428571429,False,LightGBM,18.601308479496623
2026-01-14,SKU032,2026-01-01,12.319609217588926,12.0,8.428571428571429,False,LightGBM,8.576760761721927
2026-01-14,SKU033,2026-01-01,26.879379198027767,6.0,15.25,False,LightGBM,16.45489806140525
2026-01-14,SKU034,2026-01-01,27.00975409814682,16.0,17.571428571428573,False,LightGBM,18.2712929962099
2026-01-14,SKU035,2026-01-01,27.13258462305976,14.0,18.75,False,LightGBM,19.698054056640203
2026-01-14,SKU036,2026-01-01,6.760552842635178,3.0,4.392857142857143,False,LightGBM,4.633225502449295
2026-01-14,SKU037,2026-01-01,32.696102102506764,17.0,20.75,False,LightGBM,21.73621949205403
2026-01-14,SKU038,2026-01-01,11.322666256639263,11.0,7.464285714285714,False,LightGBM,7.574856884129827
2026-01-14,SKU039,2026-01-01,3.483864110206077,3.0,2.4285714285714284,False,LightGBM,2.825142463911145
2026-01-14,SKU040,2026-01-01,18.664302098827484,13.0,13.0,False,LightGBM,13.366571493761167
2026-01-14,SKU041,2026-01-01,15.674792945592522,5.0,9.857142857142858,False,LightGBM,10.40163975377727
2026-01-14,SKU042,2026-01-01,30.179210180825464,17.0,21.214285714285715,False,LightGBM,20.92790718005647
2026-01-14,SKU043,2026-01-01,28.30865761392633,30.0,19.428571428571427,False,LightGBM,21.320116651403875
2026-01-14,SKU044,2026-01-01,12.578126720364706,5.0,7.964285714285714,False,LightGBM,9.101249343509755
2026-01-14,SKU045,2026-01-01,35.13220949124223,20.0,21.071428571428573,False,LightGBM,23.96954347639924
2026-01-14,SKU046,2026-01-01,12.427309593125598,5.0,8.357142857142858,False,LightGBM,8.67333627383226
2026-01-14,SKU047,2026-01-01,21.46031533130323,6.0,13.892857142857142,False,LightGBM,13.558516895701317
2026-01-14,SKU048,2026-01-01,11.570644982971704,7.0,7.25,False,LightGBM,7.913119040336374
2026-01-14,SKU049,2026-01-01,33.73252287667169,16.0,22.392857142857142,False,LightGBM,24.091887703850446
2026-01-14,SKU050,2026-01-01,9.737520514946116,9.0,5.892857142857143,False,LightGBM,6.362191269682913
2026-01-15,SKU001,2026-01-01,19.146818793553567,10.0,12.607142857142858,False,LightGBM,12.894772726856129
2026-01-15,SKU002,2026-01-01,13.006488411726911,7.0,7.678571428571429,False,LightGBM,9.175195625688957
2026-01-15,SKU003,2026-01-01,7.768230339657544,4.0,4.535714285714286,False,LightGBM,5.069691480394741
2026-01-15,SKU004,2026-01-01,6.397538768055129,3.0,4.714285714285714,False,LightGBM,4.444961811565181
2026-01-15,SKU005,2026-01-01,22.70152427380977,18.0,14.714285714285714,False,LightGBM,16.2472130169293
2026-01-15,SKU006,2026-01-01,10.304520637121497,5.0,5.892857142857143,False,LightGBM,6.390002767634789
2026-01-15,SKU007,2026-01-01,35.420429554726,21.0,22.142857142857142,False,LightGBM,23.008656664798146
2026-01-15,SKU008,2026-01-01,22.342283594637152,14.0,14.535714285714286,False,LightGBM,15.403640530712865
2026-01-15,SKU009,2026-01-01,13.662312387007397,9.0,10.75,False,LightGBM,10.245414210733916
2026-01-15,SKU010,2026-01-01,24.299349155028963,11.0,15.714285714285714,False,LightGBM,15.978525365494438
2026-01-15,SKU011,2026-01-01,3.392242013434455,5.0,2.5,False,LightGBM,2.723950861308211
2026-01-15,SKU012,2026-01-01,37.560344522750974,28.0,23.071428571428573,False,LightGBM,24.803271392693986
2026-01-15,SKU013,2026-01-01,19.32193682371752,7.0,12.571428571428571,False,LightGBM,12.875026816568951
2026-01-15,SKU014,2026-01-01,28.53998103485794,12.0,17.964285714285715,False,LightGBM,19.044901049004096
2026-01-15,SKU015,2026-01-01,5.640810207515931,4.0,3.5357142857142856,False,LightGBM,3.881726384221191
2026-01-15,SKU016,2026-01-01,20.60002373710118,18.0,12.214285714285714,False,LightGBM,13.200168878520966
2026-01-15,SKU017,2026-01-01,20.78405033613787,14.0,13.25,False,LightGBM,13.036334089109785
2026-01-15,SKU018,2026-01-01,31.742650317538818,21.0,22.428571428571427,False,LightGBM,22.98918966747173
2026-01-15,SKU019,2026-01-01,24.77239540281528,13.0,14.535714285714286,False,LightGBM,15.892492473264697
2026-01-15,SKU020,2026-01-01,19.936541970550756,14.0,12.285714285714286,False,LightGBM,13.291029202925078
2026-01-15,SKU021,2026-01-01,11.084925952937029,4.0,7.357142857142857,False,LightGBM,8.223638351608342
2026-01-15,SKU022,2026-01-01,13.679534575549653,11.0,9.571428571428571,False,LightGBM,10.31747850270284
2026-01-15,SKU023,2026-01-01,19.885378466733943,12.0,14.035714285714286,False,LightGBM,14.30346561977081
2026-01-15,SKU024,2026-01-01,17.26671629404173,13.0,11.035714285714286,False,LightGBM,11.507510820842052
2026-01-15,SKU025,2026-01-01,3.5495843619353264,3.0,2.2857142857142856,False,LightGBM,2.6821502629402922
2026-01-15,SKU026,2026-01-01,31.07007307629673,15.0,20.142857142857142,False,LightGBM,21.167035176198965
2026-01-15,SKU027,2026-01-01,34.69643301204255,16.0,23.035714285714285,False,LightGBM,24.753130564004003
2026-01-15,SKU028,2026-01-01,6.790527944193646,6.0,4.0,False,LightGBM,4.779304731674886
2026-01-15,SKU029,2026-01-01,19.81070807031619,10.0,14.821428571428571,False,LightGBM,15.466047918151737
2026-01-15,SKU030,2026-01-01,6.36457826323691,1.0,4.25,False,LightGBM,4.536935447186432
2026-01-15,SKU031,2026-01-01,25.11401832311459,13.0,15.678571428571429,False,LightGBM,18.257420079631313
2026-01-15,SKU032,2026-01-01,12.525187959917048,8.0,8.428571428571429,False,LightGBM,8.909813872784207
2026-01-15,SKU033,2026-01-01,25.60608822861688,15.0,15.25,False,LightGBM,16.436585931813706
2026-01-15,SKU034,2026-01-01,28.455828354053093,16.0,17.571428571428573,False,LightGBM,18.610610187000347
2026-01-15,SKU035,2026-01-01,27.37844461046015,23.0,18.75,False,LightGBM,19.562523297358744
2026-01-15,SKU036,2026-01-01,6.767784384495162,2.0,4.392857142857143,False,LightGBM,4.646424872419544
2026-01-15,SKU037,2026-01-01,32.827675780516934,23.0,20.75,False,LightGBM,21.923153982795974
2026-01-15,SKU038,2026-01-01,11.66644218729433,4.0,7.464285714285714,False,LightGBM,7.649828920402025
2026-01-15,SKU039,2026-01-01,4.01794424417473,6.0,2.4285714285714284,False,LightGBM,2.8545821310863406
2026-01-15,SKU040,2026-01-01,19.298512303348538,5.0,13.0,False,LightGBM,13.469644501374116
2026-01-15,SKU041,2026-01-01,15.786518829216647,12.0,9.857142857142858,False,LightGBM,10.67468501755043
2026-01-15,SKU042,2026-01-01,30.346160049633,21.0,21.214285714285715,False,LightGBM,21.699725655832502
2026-01-15,SKU043,2026-01-01,29.247038970613577,24.0,19.428571428571427,False,LightGBM,21.940355110580217
2026-01-15,SKU044,2026-01-01,12.728708397196348,10.0,7.964285714285714,False,LightGBM,9.347303709053678
2026-01-15,SKU045,2026-01-01,35.81376272238609,28.0,21.071428571428573,False,LightGBM,24.507008592430154
2026-01-15,SKU046,2026-01-01,12.222437829409502,5.0,8.357142857142858,False,LightGBM,8.651449184308598
2026-01-15,SKU047,2026-01-01,20.80286647218576,9.0,13.892857142857142,False,LightGBM,13.356242636077905
2026-01-15,SKU048,2026-01-01,11.81623532513408,4.0,7.25,False,LightGBM,7.987010981488404
2026-01-15,SKU049,2026-01-01,33.88764820712018,24.0,22.392857142857142,False,LightGBM,25.04732203989665
2026-01-15,SKU050,2026-01-01,9.695633430444229,8.0,5.892857142857143,False,LightGBM,6.417041979846379
2026-01-16,SKU001,2026-01-01,19.941170061560584,13.0,12.607142857142858,False,LightGBM,13.130328842597788
2026-01-16,SKU002,2026-01-01,13.149780545415123,6.0,7.678571428571429,False,LightGBM,9.179542785919072
2026-01-16,SKU003,2026-01-01,7.915469924278432,6.0,4.535714285714286,False,LightGBM,5.223927322424171
2026-01-16,SKU004,2026-01-01,6.522881735218764,2.0,4.714285714285714,False,LightGBM,4.454480985651148
2026-01-16,SKU005,2026-01-01,22.99176980998661,8.0,14.714285714285714,False,LightGBM,16.520654709052746
2026-01-16,SKU006,2026-01-01,10.554255136814806,4.0,5.892857142857143,False,LightGBM,6.741506935225844
2026-01-16,SKU007,2026-01-01,35.85192418264854,13.0,22.142857142857142,False,LightGBM,23.02609425692517
2026-01-16,SKU008,2026-01-01,23.15209622611329,17.0,14.535714285714286,False,LightGBM,15.650277816480617
2026-01-16,SKU009,2026-01-01,14.098081416495344,13.0,10.75,False,LightGBM,10.393944699854979
2026-01-16,SKU010,2026-01-01,25.99032781552273,13.0,15.714285714285714,False,LightGBM,16.595479442571186
2026-01-16,SKU011,2026-01-01,3.409452926456618,5.0,2.5,False,LightGBM,2.741161774330374
2026-01-16,SKU012,2026-01-01,38.06929046267139,21.0,23.071428571428573,False,LightGBM,24.801430293410643
2026-01-16,SKU013,2026-01-01,19.492632971118553,7.0,12.571428571428571,False,LightGBM,12.936733249231617
2026-01-16,SKU014,2026-01-01,29.807513114584243,16.0,17.964285714285715,False,LightGBM,19.384108321123666
2026-01-16,SKU015,2026-01-01,5.667806141165715,6.0,3.5357142857142856,False,LightGBM,3.908722317870976
2026-01-16,SKU016,2026-01-01,20.787960078744334,14.0,12.214285714285714,False,LightGBM,13.415800805043256
2026-01-16,SKU017,2026-01-01,21.394301326976304,14.0,13.25,False,LightGBM,13.236790919628172
2026-01-16,SKU018,2026-01-01,31.796631501019252,19.0,22.428571428571427,False,LightGBM,23.18533886854073
2026-01-16,SKU019,2026-01-01,25.785008597083248,16.0,14.535714285714286,False,LightGBM,15.947456250718428
2026-01-16,SKU020,2026-01-01,20.273983065107718,18.0,12.285714285714286,False,LightGBM,13.387743968253908
2026-01-16,SKU021,2026-01-01,11.63056776016873,8.0,7.357142857142857,False,LightGBM,8.274358444428916
2026-01-16,SKU022,2026-01-01,14.366461952792267,10.0,9.571428571428571,False,LightGBM,10.461777798882782
2026-01-16,SKU023,2026-01-01,20.676512139424432,15.0,14.035714285714286,False,LightGBM,14.52354365971915
2026-01-16,SKU024,2026-01-01,17.065650459235627,9.0,11.035714285714286,False,LightGBM,11.553845466085077
2026-01-16,SKU025,2026-01-01,3.571583552724983,1.0,2.2857142857142856,False,LightGBM,2.704149453729949
2026-01-16,SKU026,2026-01-01,31.499258247711538,17.0,20.142857142857142,False,LightGBM,20.390520351580104
2026-01-16,SKU027,2026-01-01,34.541942839456816,19.0,23.035714285714285,False,LightGBM,24.949906191644363
2026-01-16,SKU028,2026-01-01,6.884816296361965,5.0,4.0,False,LightGBM,4.758957962546641
2026-01-16,SKU029,2026-01-01,19.935923124574767,12.0,14.821428571428571,False,LightGBM,15.45025327173523
2026-01-16,SKU030,2026-01-01,6.485173802561665,5.0,4.25,False,LightGBM,4.559472889812122
2026-01-16,SKU031,2026-01-01,25.159934044525617,14.0,15.678571428571429,False,LightGBM,18.618083938662874
2026-01-16,SKU032,2026-01-01,12.520326053921865,6.0,8.428571428571429,False,LightGBM,8.922945974351636
2026-01-16,SKU033,2026-01-01,27.1536174454041,15.0,15.25,False,LightGBM,17.045782934653232
2026-01-16,SKU034,2026-01-01,28.98174470387571,18.0,17.571428571428573,False,LightGBM,18.6371003766423
2026-01-16,SKU035,2026-01-01,28.81331919243975,20.0,18.75,False,LightGBM,20.5159540121278
2026-01-16,SKU036,2026-01-01,6.6137506271861195,6.0,4.392857142857143,False,LightGBM,4.598610406212195
2026-01-16,SKU037,2026-01-01,32.97630945496314,23.0,20.75,False,LightGBM,21.826781012058994
2026-01-16,SKU038,2026-01-01,11.623859847011508,7.0,7.464285714285714,False,LightGBM,7.405620741641364
2026-01-16,SKU039,2026-01-01,4.264268669521999,2.0,2.4285714285714284,False,LightGBM,3.0088599166925394
2026-01-16,SKU040,2026-01-01,19.32354121525437,7.0,13.0,False,LightGBM,13.563355705801511
2026-01-16,SKU041,2026-01-01,16.224056297612762,10.0,9.857142857142858,False,LightGBM,10.700329236276
2026-01-16,SKU042,2026-01-01,31.016494990888884,26.0,21.214285714285715,False,LightGBM,21.793009853881387
2026-01-16,SKU043,2026-01-01,29.693404479189045,16.0,19.428571428571427,False,LightGBM,22.47457355312542
2026-01-16,SKU044,2026-01-01,12.990288248641834,10.0,7.964285714285714,False,LightGBM,9.58952018718653
2026-01-16,SKU045,2026-01-01,37.17881610740946,24.0,21.071428571428573,False,LightGBM,25.290653599559693
2026-01-16,SKU046,2026-01-01,12.76070482693916,9.0,8.357142857142858,False,LightGBM,8.821499845111989
2026-01-16,SKU047,2026-01-01,21.24115631966345,16.0,13.892857142857142,False,LightGBM,13.715965174721372
2026-01-16,SKU048,2026-01-01,12.066546134416706,5.0,7.25,False,LightGBM,8.009863405680832
2026-01-16,SKU049,2026-01-01,35.16057550821368,27.0,22.392857142857142,False,LightGBM,24.76391133262824
2026-01-16,SKU050,2026-01-01,10.065609041648425,7.0,5.892857142857143,False,LightGBM,6.45701634103212
2026-01-17,SKU001,2026-01-01,21.536087623307445,8.0,12.607142857142858,False,LightGBM,14.92524831301899
2026-01-17,SKU002,2026-01-01,14.381622882048283,9.0,7.678571428571429,False,LightGBM,10.18076608763443
2026-01-17,SKU003,2026-01-01,9.137243789742328,9.0,4.535714285714286,False,LightGBM,5.805941628995714
2026-01-17,SKU004,2026-01-01,6.988328449768564,3.0,4.714285714285714,False,LightGBM,4.959554520969901
2026-01-17,SKU005,2026-01-01,24.238358196569123,18.0,14.714285714285714,False,LightGBM,18.176442410953157
2026-01-17,SKU006,2026-01-01,11.679202102663792,8.0,5.892857142857143,False,LightGBM,7.308476180859111
2026-01-17,SKU007,2026-01-01,37.3696031581322,23.0,22.142857142857142,False,LightGBM,26.45845352833792
2026-01-17,SKU008,2026-01-01,25.23885868298955,13.0,14.535714285714286,False,LightGBM,17.964147557356945
2026-01-17,SKU009,2026-01-01,16.318800238886826,11.0,10.75,False,LightGBM,11.822081054526556
2026-01-17,SKU010,2026-01-01,26.339638301742657,19.0,15.714285714285714,False,LightGBM,17.45610318334569
2026-01-17,SKU011,2026-01-01,3.726078179889573,3.0,2.5,False,LightGBM,3.0577870277633328
2026-01-17,SKU012,2026-01-01,38.338257775351,16.0,23.071428571428573,False,LightGBM,28.13750175785875
2026-01-17,SKU013,2026-01-01,21.27323889790841,17.0,12.571428571428571,False,LightGBM,14.559899611164987
2026-01-17,SKU014,2026-01-01,31.163358794864376,20.0,17.964285714285715,False,LightGBM,21.00763698382683
2026-01-17,SKU015,2026-01-01,6.448743283431634,3.0,3.5357142857142856,False,LightGBM,4.369620979269695
2026-01-17,SKU016,2026-01-01,21.232333424990614,13.0,12.214285714285714,False,LightGBM,14.955562754477741
2026-01-17,SKU017,2026-01-01,21.585659406887704,13.0,13.25,False,LightGBM,14.93464223188806
2026-01-17,SKU018,2026-01-01,32.960675391418334,20.0,22.428571428571427,False,LightGBM,26.675118760045116
2026-01-17,SKU019,2026-01-01,27.153646679177232,11.0,14.535714285714286,False,LightGBM,17.920032335389227
2026-01-17,SKU020,2026-01-01,20.828119932446068,13.0,12.285714285714286,False,LightGBM,14.729015050165039
2026-01-17,SKU021,2026-01-01,12.849296369382635,6.0,7.357142857142857,False,LightGBM,8.91902860187745
2026-01-17,SKU022,2026-01-01,16.304371587999498,17.0,9.571428571428571,False,LightGBM,11.804970624110673
2026-01-17,SKU023,2026-01-01,21.18846860210265,17.0,14.035714285714286,False,LightGBM,16.34641313595157
2026-01-17,SKU024,2026-01-01,18.84067695172749,14.0,11.035714285714286,False,LightGBM,13.369273353518869
2026-01-17,SKU025,2026-01-01,3.8998142502926805,5.0,2.2857142857142856,False,LightGBM,3.0323801512976503
2026-01-17,SKU026,2026-01-01,35.08910835453705,16.0,20.142857142857142,False,LightGBM,23.86926926166885
2026-01-17,SKU027,2026-01-01,38.129472751901154,21.0,23.035714285714285,False,LightGBM,28.27369153667105
2026-01-17,SKU028,2026-01-01,7.481187424250524,4.0,4.0,False,LightGBM,5.338895081559385
2026-01-17,SKU029,2026-01-01,21.189458030937452,17.0,14.821428571428571,False,LightGBM,17.112731840580143
2026-01-17,SKU030,2026-01-01,7.1586803934726015,6.0,4.25,False,LightGBM,5.056537348280869
2026-01-17,SKU031,2026-01-01,26.81619484676167,20.0,15.678571428571429,False,LightGBM,20.036927427481796
2026-01-17,SKU032,2026-01-01,13.545219943392485,12.0,8.428571428571429,False,LightGBM,9.934535796784118
2026-01-17,SKU033,2026-01-01,28.187335314480357,17.0,15.25,False,LightGBM,18.50409464686002
2026-01-17,SKU034,2026-01-01,30.684382922090027,18.0,17.571428571428573,False,LightGBM,20.092312967950836
2026-01-17,SKU035,2026-01-01,31.330735687106753,16.0,18.75,False,LightGBM,21.9641762670512
2026-01-17,SKU036,2026-01-01,7.310773510333492,4.0,4.392857142857143,False,LightGBM,5.119191156917378
2026-01-17,SKU037,2026-01-01,33.7234781792845,20.0,20.75,False,LightGBM,25.041529841089137
2026-01-17,SKU038,2026-01-01,12.898456722931721,8.0,7.464285714285714,False,LightGBM,8.224698914560282
2026-01-17,SKU039,2026-01-01,4.860665371063831,1.0,2.4285714285714284,False,LightGBM,3.3931206503794678
2026-01-17,SKU040,2026-01-01,21.38922055856883,8.0,13.0,False,LightGBM,15.304618914652742
2026-01-17,SKU041,2026-01-01,18.067374972262943,14.0,9.857142857142858,False,LightGBM,12.040568404497035
2026-01-17,SKU042,2026-01-01,32.43975093096482,17.0,21.214285714285715,False,LightGBM,25.148001296300617
2026-01-17,SKU043,2026-01-01,30.813820937450373,30.0,19.428571428571427,False,LightGBM,25.072827474907765
2026-01-17,SKU044,2026-01-01,14.410380594848906,8.0,7.964285714285714,False,LightGBM,10.61817654374315
2026-01-17,SKU045,2026-01-01,37.810227066547284,23.0,21.071428571428573,False,LightGBM,28.03754155007885
2026-01-17,SKU046,2026-01-01,14.05628571664426,9.0,8.357142857142858,False,LightGBM,9.746383798323382
2026-01-17,SKU047,2026-01-01,21.90138033485442,15.0,13.892857142857142,False,LightGBM,15.042267279991764
2026-01-17,SKU048,2026-01-01,13.480323163456081,6.0,7.25,False,LightGBM,8.783474851755507
2026-01-17,SKU049,2026-01-01,37.24674247335645,32.0,22.392857142857142,False,LightGBM,29.112743365665565
2026-01-17,SKU050,2026-01-01,11.780627330391198,7.0,5.892857142857143,False,LightGBM,7.182995251213982
2026-01-18,SKU001,2026-01-01,21.981351680774445,9.0,12.607142857142858,False,LightGBM,15.046936665637011
2026-01-18,SKU002,2026-01-01,15.499246649745931,10.0,7.678571428571429,False,LightGBM,10.629363924076683
2026-01-18,SKU003,2026-01-01,9.140526373881984,4.0,4.535714285714286,False,LightGBM,5.902191593996597
2026-01-18,SKU004,2026-01-01,7.179030806863318,7.0,4.714285714285714,False,LightGBM,4.947500136661204
2026-01-18,SKU005,2026-01-01,24.55774383291464,16.0,14.714285714285714,False,LightGBM,18.193210906423474
2026-01-18,SKU006,2026-01-01,12.345875817439962,5.0,5.892857142857143,False,LightGBM,7.31033782763813
2026-01-18,SKU007,2026-01-01,36.30081147580544,29.0,22.142857142857142,False,LightGBM,26.664521964532995
2026-01-18,SKU008,2026-01-01,25.514197057709477,23.0,14.535714285714286,False,LightGBM,18.107901420833986
2026-01-18,SKU009,2026-01-01,16.331095837908656,15.0,10.75,False,LightGBM,11.902937405718138
2026-01-18,SKU010,2026-01-01,27.20089246588997,16.0,15.714285714285714,False,LightGBM,17.444965972090213
2026-01-18,SKU011,2026-01-01,3.7295932963838143,3.0,2.5,False,LightGBM,3.0613021442575743
2026-01-18,SKU012,2026-01-01,38.09938350197173,25.0,23.071428571428573,False,LightGBM,28.010226116728443
2026-01-18,SKU013,2026-01-01,22.144267013762132,12.0,12.571428571428571,False,LightGBM,14.749858988811802
2026-01-18,SKU014,2026-01-01,31.891600278658256,18.0,17.964285714285715,False,LightGBM,21.654988639750112
2026-01-18,SKU015,2026-01-01,6.266935712072155,5.0,3.5357142857142856,False,LightGBM,4.307137529192665
2026-01-18,SKU016,2026-01-01,21.614026138393285,16.0,12.214285714285714,False,LightGBM,15.109179071399083
2026-01-18,SKU017,2026-01-01,21.3026853616062,21.0,13.25,False,LightGBM,14.867745941648757
2026-01-18,SKU018,2026-01-01,33.92980390799737,28.0,22.428571428571427,False,LightGBM,26.931387258553816
2026-01-18,SKU019,2026-01-01,28.030793049761726,18.0,14.535714285714286,False,LightGBM,17.922134430402426
2026-01-18,SKU020,2026-01-01,20.953814330923997,11.0,12.285714285714286,False,LightGBM,14.685618180876633
2026-01-18,SKU021,2026-01-01,13.276156874797351,11.0,7.357142857142857,False,LightGBM,9.062934633227643
2026-01-18,SKU022,2026-01-01,16.694854542201007,11.0,9.571428571428571,False,LightGBM,11.85796915103188
2026-01-18,SKU023,2026-01-01,21.74496276235481,7.0,14.035714285714286,False,LightGBM,16.211384694377504
2026-01-18,SKU024,2026-01-01,19.492912225565263,6.0,11.035714285714286,False,LightGBM,13.563873892014657
2026-01-18,SKU025,2026-01-01,3.9056586700339704,2.0,2.2857142857142856,False,LightGBM,3.0382245710389397
2026-01-18,SKU026,2026-01-01,35.54678301768724,26.0,20.142857142857142,False,LightGBM,23.118881417662436
2026-01-18,SKU027,2026-01-01,36.76576192501038,19.0,23.035714285714285,False,LightGBM,28.478315115995713
2026-01-18,SKU028,2026-01-01,8.206811719801733,1.0,4.0,False,LightGBM,5.424778772842991
2026-01-18,SKU029,2026-01-01,20.997651432394033,14.0,14.821428571428571,False,LightGBM,17.36945115725579
2026-01-18,SKU030,2026-01-01,7.14602715383798,4.0,4.25,False,LightGBM,5.093060187660562
2026-01-18,SKU031,2026-01-01,27.484197060602714,14.0,15.678571428571429,False,LightGBM,20.565314822219737
2026-01-18,SKU032,2026-01-01,13.520419936685034,11.0,8.428571428571429,False,LightGBM,9.638754186370505
2026-01-18,SKU033,2026-01-01,29.14363794734165,17.0,15.25,False,LightGBM,18.93912768464874
2026-01-18,SKU034,2026-01-01,31.62833135517263,24.0,17.571428571428573,False,LightGBM,20.536466380417654
2026-01-18,SKU035,2026-01-01,33.14467949643437,26.0,18.75,False,LightGBM,22.45337212696109
2026-01-18,SKU036,2026-01-01,7.296760069480009,6.0,4.392857142857143,False,LightGBM,5.102200441070188
2026-01-18,SKU037,2026-01-01,33.87668908141243,25.0,20.75,False,LightGBM,25.723611305158595
2026-01-18,SKU038,2026-01-01,13.195753116133295,10.0,7.464285714285714,False,LightGBM,8.359631407894607
2026-01-18,SKU039,2026-01-01,4.972029504317596,1.0,2.4285714285714284,False,LightGBM,3.4104046947367626
2026-01-18,SKU040,2026-01-01,21.88404659352938,6.0,13.0,False,LightGBM,15.516159926180851
2026-01-18,SKU041,2026-01-01,17.607266851307436,3.0,9.857142857142858,False,LightGBM,11.97537314292721
2026-01-18,SKU042,2026-01-01,32.7490471057201,23.0,21.214285714285715,False,LightGBM,25.13736192512559
2026-01-18,SKU043,2026-01-01,31.72063630131875,17.0,19.428571428571427,False,LightGBM,24.790365547989886
2026-01-18,SKU044,2026-01-01,14.31506911144253,11.0,7.964285714285714,False,LightGBM,10.648418456050674
2026-01-18,SKU045,2026-01-01,38.20835615784592,30.0,21.071428571428573,False,LightGBM,28.625033792739767
2026-01-18,SKU046,2026-01-01,13.928202555477814,9.0,8.357142857142858,False,LightGBM,9.73153139366544
2026-01-18,SKU047,2026-01-01,22.427421245612916,12.0,13.892857142857142,False,LightGBM,15.080360460385373
2026-01-18,SKU048,2026-01-01,13.632846280985504,4.0,7.25,False,LightGBM,8.77863182878361
2026-01-18,SKU049,2026-01-01,37.52178500280792,20.0,22.392857142857142,False,LightGBM,28.92619008086926
2026-01-18,SKU050,2026-01-01,11.719694830779025,11.0,5.892857142857143,False,LightGBM,7.287099318447141
2026-01-19,SKU001,2026-01-01,21.492281226983934,12.0,12.607142857142858,False,LightGBM,12.994270436370176
2026-01-19,SKU002,2026-01-01,13.725270361916609,9.0,7.678571428571429,False,LightGBM,9.320607499927098
2026-01-19,SKU003,2026-01-01,8.545595687835378,7.0,4.535714285714286,False,LightGBM,5.137858903829334
2026-01-19,SKU004,2026-01-01,6.3359227039033135,1.0,4.714285714285714,False,LightGBM,4.428599376894122
2026-01-19,SKU005,2026-01-01,22.918788850017265,17.0,14.714285714285714,False,LightGBM,15.830986614656684
2026-01-19,SKU006,2026-01-01,10.860906372764616,6.0,5.892857142857143,False,LightGBM,6.446578472679437
2026-01-19,SKU007,2026-01-01,34.06392521548745,21.0,22.142857142857142,False,LightGBM,22.567350439561153
2026-01-19,SKU008,2026-01-01,23.535956579118608,13.0,14.535714285714286,False,LightGBM,15.39985777479848
2026-01-19,SKU009,2026-01-01,13.889801831053655,9.0,10.75,False,LightGBM,10.19634684483676
2026-01-19,SKU010,2026-01-01,26.463967943661437,18.0,15.714285714285714,False,LightGBM,16.188553673493605
2026-01-19,SKU011,2026-01-01,3.3528039667102068,1.0,2.5,False,LightGBM,2.6845128145839627
2026-01-19,SKU012,2026-01-01,37.444982895433,19.0,23.071428571428573,False,LightGBM,23.688343798591106
2026-01-19,SKU013,2026-01-01,21.069951076481328,7.0,12.571428571428571,False,LightGBM,12.529095440866774
2026-01-19,SKU014,2026-01-01,29.863862313440872,11.0,17.964285714285715,False,LightGBM,19.16772538778308
2026-01-19,SKU015,2026-01-01,5.73935992860974,2.0,3.5357142857142856,False,LightGBM,3.6883294180677373
2026-01-19,SKU016,2026-01-01,20.320263568118616,10.0,12.214285714285714,False,LightGBM,13.783962710419571
2026-01-19,SKU017,2026-01-01,20.813129009815864,16.0,13.25,False,LightGBM,12.980782294026605
2026-01-19,SKU018,2026-01-01,31.240192079111818,21.0,22.428571428571427,False,LightGBM,23.26186546500179
2026-01-19,SKU019,2026-01-01,25.125367989021655,17.0,14.535714285714286,False,LightGBM,15.843436940635144
2026-01-19,SKU020,2026-01-01,19.850615304455594,15.0,12.285714285714286,False,LightGBM,13.257725525835635
2026-01-19,SKU021,2026-01-01,11.56687164150069,5.0,7.357142857142857,False,LightGBM,8.176731264474883
2026-01-19,SKU022,2026-01-01,14.707926232056554,1.0,9.571428571428571,False,LightGBM,10.314738710993726
2026-01-19,SKU023,2026-01-01,20.74517089669235,12.0,14.035714285714286,False,LightGBM,14.165287087614523
2026-01-19,SKU024,2026-01-01,18.167960871604322,9.0,11.035714285714286,False,LightGBM,11.47741097355725
2026-01-19,SKU025,2026-01-01,3.438400099032094,2.0,2.2857142857142856,False,LightGBM,2.5522014601534693
2026-01-19,SKU026,2026-01-01,32.955239654145025,14.0,20.142857142857142,False,LightGBM,20.125473375087292
2026-01-19,SKU027,2026-01-01,35.0233092239258,21.0,23.035714285714285,False,LightGBM,24.088142354341443
2026-01-19,SKU028,2026-01-01,7.556981642885254,4.0,4.0,False,LightGBM,5.01809201236487
2026-01-19,SKU029,2026-01-01,20.43340121052082,14.0,14.821428571428571,False,LightGBM,15.4608133837935
2026-01-19,SKU030,2026-01-01,6.678817667540633,4.0,4.25,False,LightGBM,4.4931593657566244
2026-01-19,SKU031,2026-01-01,26.392600606868587,23.0,15.678571428571429,False,LightGBM,18.858140623556775
2026-01-19,SKU032,2026-01-01,12.397641029500637,7.0,8.428571428571429,False,LightGBM,8.534588107969034
2026-01-19,SKU033,2026-01-01,28.762411289897912,20.0,15.25,False,LightGBM,16.95100556017123
2026-01-19,SKU034,2026-01-01,31.151222743002258,16.0,17.571428571428573,False,LightGBM,19.014658090722616
2026-01-19,SKU035,2026-01-01,30.65763625645607,10.0,18.75,False,LightGBM,19.9922599756613
2026-01-19,SKU036,2026-01-01,6.776877730563901,4.0,4.392857142857143,False,LightGBM,4.476883554874299
2026-01-19,SKU037,2026-01-01,32.96643869077376,19.0,20.75,False,LightGBM,21.940938385501674
2026-01-19,SKU038,2026-01-01,11.678159525180297,7.0,7.464285714285714,False,LightGBM,7.559039675128607
2026-01-19,SKU039,2026-01-01,4.443494320993303,3.0,2.4285714285714284,False,LightGBM,2.926085350047246
2026-01-19,SKU040,2026-01-01,20.470489546472425,10.0,13.0,False,LightGBM,13.56024013425558
2026-01-19,SKU041,2026-01-01,16.140820796101625,9.0,9.857142857142858,False,LightGBM,10.433458096668259
2026-01-19,SKU042,2026-01-01,31.27145079720675,21.0,21.214285714285715,False,LightGBM,20.863172356477737
2026-01-19,SKU043,2026-01-01,30.883904269681487,22.0,19.428571428571427,False,LightGBM,21.964206270337268
2026-01-19,SKU044,2026-01-01,13.441459009749888,9.0,7.964285714285714,False,LightGBM,9.442221996205769
2026-01-19,SKU045,2026-01-01,36.045159594661214,19.0,21.071428571428573,False,LightGBM,24.240753323250406
2026-01-19,SKU046,2026-01-01,12.780008362227518,9.0,8.357142857142858,False,LightGBM,8.623550256611818
2026-01-19,SKU047,2026-01-01,22.41221380996574,20.0,13.892857142857142,False,LightGBM,13.503490082539782
2026-01-19,SKU048,2026-01-01,12.120568432550176,7.0,7.25,False,LightGBM,7.811447792414052
2026-01-19,SKU049,2026-01-01,35.290949215770056,15.0,22.392857142857142,False,LightGBM,23.492803384598435
2026-01-19,SKU050,2026-01-01,10.309253109909731,10.0,5.892857142857143,False,LightGBM,6.450003259846827
2026-01-20,SKU001,2026-01-01,20.70885342594218,14.0,12.607142857142858,False,LightGBM,13.240560629841802
2026-01-20,SKU002,2026-01-01,13.54608032092699,10.0,7.678571428571429,False,LightGBM,9.4648575950516
2026-01-20,SKU003,2026-01-01,8.833368470004658,4.0,4.535714285714286,False,LightGBM,5.34362644279391
2026-01-20,SKU004,2026-01-01,6.7982431507523415,3.0,4.714285714285714,False,LightGBM,4.530266507648896
2026-01-20,SKU005,2026-01-01,23.170774734639092,16.0,14.714285714285714,False,LightGBM,16.10919930917842
2026-01-20,SKU006,2026-01-01,11.560063564658396,6.0,5.892857142857143,False,LightGBM,6.793743159484827
2026-01-20,SKU007,2026-01-01,34.08810360386898,30.0,22.142857142857142,False,LightGBM,23.068074755246307
2026-01-20,SKU008,2026-01-01,24.014569163401177,12.0,14.535714285714286,False,LightGBM,15.45760561425821
2026-01-20,SKU009,2026-01-01,13.840198362717139,5.0,10.75,False,LightGBM,10.29878982693993
2026-01-20,SKU010,2026-01-01,26.776179205153312,11.0,15.714285714285714,False,LightGBM,16.10966167011685
2026-01-20,SKU011,2026-01-01,3.3669586853225266,0.0,2.5,False,LightGBM,2.6986675331962826
2026-01-20,SKU012,2026-01-01,37.06016693571809,26.0,23.071428571428573,False,LightGBM,23.774008440150524
2026-01-20,SKU013,2026-01-01,21.862475680433413,9.0,12.571428571428571,False,LightGBM,12.756105699202651
2026-01-20,SKU014,2026-01-01,30.224038320952825,18.0,17.964285714285715,False,LightGBM,19.41883676949283
2026-01-20,SKU015,2026-01-01,6.230206470825566,1.0,3.5357142857142856,False,LightGBM,3.791862863675401
2026-01-20,SKU016,2026-01-01,20.332962661977906,15.0,12.214285714285714,False,LightGBM,13.576224650602962
2026-01-20,SKU017,2026-01-01,21.501282702429574,15.0,13.25,False,LightGBM,12.914396244814524
2026-01-20,SKU018,2026-01-01,31.428689967080388,11.0,22.428571428571427,False,LightGBM,23.118811561390377
2026-01-20,SKU019,2026-01-01,26.356699093966537,9.0,14.535714285714286,False,LightGBM,15.934274859778776
2026-01-20,SKU020,2026-01-01,19.9991206090383,11.0,12.285714285714286,False,LightGBM,12.997481625649607
2026-01-20,SKU021,2026-01-01,12.051220237303061,8.0,7.357142857142857,False,LightGBM,8.617113654567799
2026-01-20,SKU022,2026-01-01,14.562488257905942,7.0,9.571428571428571,False,LightGBM,10.368832706744152
2026-01-20,SKU023,2026-01-01,21.13933968268685,13.0,14.035714285714286,False,LightGBM,14.236521068897343
2026-01-20,SKU024,2026-01-01,18.35293129570906,9.0,11.035714285714286,False,LightGBM,11.445215484561258
2026-01-20,SKU025,2026-01-01,4.044437784543919,4.0,2.2857142857142856,False,LightGBM,2.6349121230304133
2026-01-20,SKU026,2026-01-01,32.8534377753778,21.0,20.142857142857142,False,LightGBM,20.683263954693903
2026-01-20,SKU027,2026-01-01,34.609609316756185,23.0,23.035714285714285,False,LightGBM,23.788926975477736
2026-01-20,SKU028,2026-01-01,7.826767942381442,7.0,4.0,False,LightGBM,5.148033478280631
2026-01-20,SKU029,2026-01-01,21.550901518895596,14.0,14.821428571428571,False,LightGBM,15.552327861304924
2026-01-20,SKU030,2026-01-01,7.309938594354551,3.0,4.25,False,LightGBM,4.584068138518943
2026-01-20,SKU031,2026-01-01,27.318578541614496,12.0,15.678571428571429,False,LightGBM,19.1647477605758
2026-01-20,SKU032,2026-01-01,12.846490854636663,7.0,8.428571428571429,False,LightGBM,8.862495652685489
2026-01-20,SKU033,2026-01-01,28.494705268384376,16.0,15.25,False,LightGBM,16.98635128228603
2026-01-20,SKU034,2026-01-01,31.85506034340077,10.0,17.571428571428573,False,LightGBM,19.037452988465002
2026-01-20,SKU035,2026-01-01,29.863242458235117,16.0,18.75,False,LightGBM,20.339091132405212
2026-01-20,SKU036,2026-01-01,7.3321354069958256,2.0,4.392857142857143,False,LightGBM,4.556495394355175
2026-01-20,SKU037,2026-01-01,32.78179752137252,23.0,20.75,False,LightGBM,22.1049658476491
2026-01-20,SKU038,2026-01-01,11.80938861806594,13.0,7.464285714285714,False,LightGBM,7.450257657019864
2026-01-20,SKU039,2026-01-01,4.670178021841455,6.0,2.4285714285714284,False,LightGBM,3.038569557719246
2026-01-20,SKU040,2026-01-01,20.433190198092714,9.0,13.0,False,LightGBM,13.051133796771879
2026-01-20,SKU041,2026-01-01,16.72399766043924,11.0,9.857142857142858,False,LightGBM,10.541092675579156
2026-01-20,SKU042,2026-01-01,30.39783436130055,19.0,21.214285714285715,False,LightGBM,21.029867700586006
2026-01-20,SKU043,2026-01-01,31.84805317375135,23.0,19.428571428571427,False,LightGBM,21.67507288661821
2026-01-20,SKU044,2026-01-01,13.526598580609848,5.0,7.964285714285714,False,LightGBM,9.635120387353231
2026-01-20,SKU045,2026-01-01,36.733310891258164,20.0,21.071428571428573,False,LightGBM,24.56858486766187
2026-01-20,SKU046,2026-01-01,13.397869906543738,3.0,8.357142857142858,False,LightGBM,8.687914086061157
2026-01-20,SKU047,2026-01-01,22.00131475005738,15.0,13.892857142857142,False,LightGBM,13.390847543979056
2026-01-20,SKU048,2026-01-01,12.070099441492617,7.0,7.25,False,LightGBM,7.911838117685681
2026-01-20,SKU049,2026-01-01,35.442247055489396,16.0,22.392857142857142,False,LightGBM,23.578882436497434
2026-01-20,SKU050,2026-01-01,10.910486605874691,8.0,5.892857142857143,False,LightGBM,6.565114813729868
2026-01-21,SKU001,2026-01-01,21.124430338603702,11.0,12.607142857142858,False,LightGBM,13.010324775673114
2026-01-21,SKU002,2026-01-01,13.587044280453046,8.0,7.678571428571429,False,LightGBM,9.448086398774878
2026-01-21,SKU003,2026-01-01,8.918015415096148,6.0,4.535714285714286,False,LightGBM,5.3020349364611485
2026-01-21,SKU004,2026-01-01,6.635747417911248,2.0,4.714285714285714,False,LightGBM,4.483594567885472
2026-01-21,SKU005,2026-01-01,23.65411682856863,17.0,14.714285714285714,False,LightGBM,16.19210131307679
2026-01-21,SKU006,2026-01-01,11.73388857104337,8.0,5.892857142857143,False,LightGBM,6.741369137081243
2026-01-21,SKU007,2026-01-01,34.67497180251991,17.0,22.142857142857142,False,LightGBM,23.29397465714671
2026-01-21,SKU008,2026-01-01,24.24246338136156,11.0,14.535714285714286,False,LightGBM,15.652543057536848
2026-01-21,SKU009,2026-01-01,13.944086043905946,7.0,10.75,False,LightGBM,10.342970858649572
2026-01-21,SKU010,2026-01-01,25.987895550148,18.0,15.714285714285714,False,LightGBM,15.754962970171583
2026-01-21,SKU011,2026-01-01,3.873223452017506,2.0,2.5,False,LightGBM,2.7155838968030386
2026-01-21,SKU012,2026-01-01,37.08353072018225,26.0,23.071428571428573,False,LightGBM,24.752778849636783
2026-01-21,SKU013,2026-01-01,21.74492454177831,11.0,12.571428571428571,False,LightGBM,12.832778092168102
2026-01-21,SKU014,2026-01-01,30.4541967476518,22.0,17.964285714285715,False,LightGBM,19.496700835567562
2026-01-21,SKU015,2026-01-01,6.2341141629697425,4.0,3.5357142857142856,False,LightGBM,3.900579455658016
2026-01-21,SKU016,2026-01-01,20.821794070006757,12.0,12.214285714285714,False,LightGBM,13.69350492334573
2026-01-21,SKU017,2026-01-01,21.826316252836214,6.0,13.25,False,LightGBM,13.062056326859881
2026-01-21,SKU018,2026-01-01,31.46972988745587,26.0,22.428571428571427,False,LightGBM,23.01866311325918
2026-01-21,SKU019,2026-01-01,27.43838292285744,14.0,14.535714285714286,False,LightGBM,16.019398484601115
2026-01-21,SKU020,2026-01-01,20.605396788300183,17.0,12.285714285714286,False,LightGBM,12.910636979992644
2026-01-21,SKU021,2026-01-01,12.137434892147633,6.0,7.357142857142857,False,LightGBM,8.394709720159115
2026-01-21,SKU022,2026-01-01,14.52807572420295,9.0,9.571428571428571,False,LightGBM,10.264871790391913
2026-01-21,SKU023,2026-01-01,21.305460392382127,14.0,14.035714285714286,False,LightGBM,14.119421860706668
2026-01-21,SKU024,2026-01-01,18.489523961420655,9.0,11.035714285714286,False,LightGBM,11.422152456330789
2026-01-21,SKU025,2026-01-01,4.020533017834949,1.0,2.2857142857142856,False,LightGBM,2.6349121230304133
2026-01-21,SKU026,2026-01-01,33.481301305133556,20.0,20.142857142857142,False,LightGBM,20.026468833832592
2026-01-21,SKU027,2026-01-01,33.92963998949742,23.0,23.035714285714285,False,LightGBM,24.142517516961725
2026-01-21,SKU028,2026-01-01,8.313375286435958,3.0,4.0,False,LightGBM,5.205163290936784
2026-01-21,SKU029,2026-01-01,21.007308073774336,7.0,14.821428571428571,False,LightGBM,15.660424579241253
2026-01-21,SKU030,2026-01-01,7.302706254271747,7.0,4.25,False,LightGBM,4.567636657653253
2026-01-21,SKU031,2026-01-01,27.383242325723803,15.0,15.678571428571429,False,LightGBM,19.24027508696956
2026-01-21,SKU032,2026-01-01,12.869975735265221,12.0,8.428571428571429,False,LightGBM,8.937092540329962
2026-01-21,SKU033,2026-01-01,29.637704630721558,6.0,15.25,False,LightGBM,17.112712044148857
2026-01-21,SKU034,2026-01-01,31.544341731555836,16.0,17.571428571428573,False,LightGBM,19.131957697697736
2026-01-21,SKU035,2026-01-01,30.95886502160815,14.0,18.75,False,LightGBM,20.25171970814652
2026-01-21,SKU036,2026-01-01,7.589657112442691,3.0,4.392857142857143,False,LightGBM,4.633688061740168
2026-01-21,SKU037,2026-01-01,33.201047067175786,17.0,20.75,False,LightGBM,22.264383107401507
2026-01-21,SKU038,2026-01-01,11.834402746270984,11.0,7.464285714285714,False,LightGBM,7.413482250828532
2026-01-21,SKU039,2026-01-01,4.493936608650121,3.0,2.4285714285714284,False,LightGBM,2.9765276377040637
2026-01-21,SKU040,2026-01-01,20.362373969012786,13.0,13.0,False,LightGBM,12.857500056283003
2026-01-21,SKU041,2026-01-01,17.24809569524974,5.0,9.857142857142858,False,LightGBM,10.61352828619532
2026-01-21,SKU042,2026-01-01,30.332903291832732,17.0,21.214285714285715,False,LightGBM,21.07820954035125
2026-01-21,SKU043,2026-01-01,31.731536877123695,30.0,19.428571428571427,False,LightGBM,21.967264070372455
2026-01-21,SKU044,2026-01-01,13.251467762855297,5.0,7.964285714285714,False,LightGBM,9.716463250601485
2026-01-21,SKU045,2026-01-01,37.490219168667785,20.0,21.071428571428573,False,LightGBM,25.01563215416743
2026-01-21,SKU046,2026-01-01,13.254769731773079,5.0,8.357142857142858,False,LightGBM,8.638658964941033
2026-01-21,SKU047,2026-01-01,22.031038868600202,6.0,13.892857142857142,False,LightGBM,13.232246858992047
2026-01-21,SKU048,2026-01-01,12.456247960433796,7.0,7.25,False,LightGBM,7.978878784767201
2026-01-21,SKU049,2026-01-01,34.25610496315133,16.0,22.392857142857142,False,LightGBM,23.263328300543748
2026-01-21,SKU050,2026-01-01,10.84315267733565,9.0,5.892857142857143,False,LightGBM,6.546066727782475
2026-01-22,SKU001,2026-01-01,21.499649666013646,10.0,12.607142857142858,False,LightGBM,13.443652515177629
2026-01-22,SKU002,2026-01-01,13.79282053050064,7.0,7.678571428571429,False,LightGBM,9.697232135989493
2026-01-22,SKU003,2026-01-01,9.049184497835393,4.0,4.535714285714286,False,LightGBM,5.315782679560328
2026-01-22,SKU004,2026-01-01,7.017512700090231,3.0,4.714285714285714,False,LightGBM,4.441312421104555
2026-01-22,SKU005,2026-01-01,23.310348520198055,18.0,14.714285714285714,False,LightGBM,16.022882312320903
2026-01-22,SKU006,2026-01-01,11.600160516483314,5.0,5.892857142857143,False,LightGBM,6.521034051212889
2026-01-22,SKU007,2026-01-01,35.53892445912124,21.0,22.142857142857142,False,LightGBM,23.33654169435813
2026-01-22,SKU008,2026-01-01,23.997347578616136,14.0,14.535714285714286,False,LightGBM,15.704768607501991
2026-01-22,SKU009,2026-01-01,14.765899942030392,9.0,10.75,False,LightGBM,10.466543079036995
2026-01-22,SKU010,2026-01-01,27.035874752727523,11.0,15.714285714285714,False,LightGBM,16.287104518112294
2026-01-22,SKU011,2026-01-01,3.934675409955143,5.0,2.5,False,LightGBM,2.7482430720589903
2026-01-22,SKU012,2026-01-01,35.397707870767235,28.0,23.071428571428573,False,LightGBM,24.721514388040028
2026-01-22,SKU013,2026-01-01,22.324118160292073,7.0,12.571428571428571,False,LightGBM,12.84189950435996
2026-01-22,SKU014,2026-01-01,31.898134344015556,12.0,17.964285714285715,False,LightGBM,19.982929313797047
2026-01-22,SKU015,2026-01-01,6.30917837882491,4.0,3.5357142857142856,False,LightGBM,3.9756436715131827
2026-01-22,SKU016,2026-01-01,21.093073345257555,18.0,12.214285714285714,False,LightGBM,13.719312373821857
2026-01-22,SKU017,2026-01-01,21.613493775185717,14.0,13.25,False,LightGBM,13.330752893375994
2026-01-22,SKU018,2026-01-01,31.022637609294996,21.0,22.428571428571427,False,LightGBM,23.355132954195845
2026-01-22,SKU019,2026-01-01,28.056223570744585,13.0,14.535714285714286,False,LightGBM,15.935916772852115
2026-01-22,SKU020,2026-01-01,20.43586053536718,14.0,12.285714285714286,False,LightGBM,13.195102311683693
2026-01-22,SKU021,2026-01-01,12.036128339207348,4.0,7.357142857142857,False,LightGBM,8.599980941669855
2026-01-22,SKU022,2026-01-01,14.94234138084768,11.0,9.571428571428571,False,LightGBM,10.346872760118998
2026-01-22,SKU023,2026-01-01,21.679543610310443,12.0,14.035714285714286,False,LightGBM,14.084506456926418
2026-01-22,SKU024,2026-01-01,20.17283395795872,13.0,11.035714285714286,False,LightGBM,11.529642241635422
2026-01-22,SKU025,2026-01-01,4.25792158909042,3.0,2.2857142857142856,False,LightGBM,2.670761570200725
2026-01-22,SKU026,2026-01-01,33.22113869753648,15.0,20.142857142857142,False,LightGBM,20.217010817935815
2026-01-22,SKU027,2026-01-01,34.37766076701526,16.0,23.035714285714285,False,LightGBM,24.811111250078334
2026-01-22,SKU028,2026-01-01,8.351742797495177,6.0,4.0,False,LightGBM,5.243530801996004
2026-01-22,SKU029,2026-01-01,22.077540806056653,10.0,14.821428571428571,False,LightGBM,15.682851315119077
2026-01-22,SKU030,2026-01-01,7.400562338640786,1.0,4.25,False,LightGBM,4.5877282259738905
2026-01-22,SKU031,2026-01-01,28.56263916928419,13.0,15.678571428571429,False,LightGBM,19.322536886527285
2026-01-22,SKU032,2026-01-01,12.670744511690366,8.0,8.428571428571429,False,LightGBM,9.118918871778629
2026-01-22,SKU033,2026-01-01,30.511562379699793,15.0,15.25,False,LightGBM,17.29775950225682
2026-01-22,SKU034,2026-01-01,31.537583327796156,16.0,17.571428571428573,False,LightGBM,18.6602531487904
2026-01-22,SKU035,2026-01-01,31.065843649549983,23.0,18.75,False,LightGBM,20.01179409874077
2026-01-22,SKU036,2026-01-01,7.467775749550443,2.0,4.392857142857143,False,LightGBM,4.567242712422289
2026-01-22,SKU037,2026-01-01,32.838823020014374,23.0,20.75,False,LightGBM,22.078235487332513
2026-01-22,SKU038,2026-01-01,11.756124025307976,4.0,7.464285714285714,False,LightGBM,7.40943173430555
2026-01-22,SKU039,2026-01-01,4.718038724162856,6.0,2.4285714285714284,False,LightGBM,3.018044138320352
2026-01-22,SKU040,2026-01-01,21.45003465563514,5.0,13.0,False,LightGBM,13.06626836265431
2026-01-22,SKU041,2026-01-01,17.201683194253093,12.0,9.857142857142858,False,LightGBM,10.643555159021622
2026-01-22,SKU042,2026-01-01,30.43649631591407,21.0,21.214285714285715,False,LightGBM,21.16072119907117
2026-01-22,SKU043,2026-01-01,31.605718760501386,24.0,19.428571428571427,False,LightGBM,22.40026711270511
2026-01-22,SKU044,2026-01-01,13.402501399189392,10.0,7.964285714285714,False,LightGBM,9.79717344108666
2026-01-22,SKU045,2026-01-01,35.09659250782684,28.0,21.071428571428573,False,LightGBM,24.625101475771093
2026-01-22,SKU046,2026-01-01,13.152326808369445,5.0,8.357142857142858,False,LightGBM,8.695593985478826
2026-01-22,SKU047,2026-01-01,22.780417668825564,9.0,13.892857142857142,False,LightGBM,13.756558724197356
2026-01-22,SKU048,2026-01-01,12.485551410417244,4.0,7.25,False,LightGBM,8.1612046767
2026-01-22,SKU049,2026-01-01,34.65051110587063,24.0,22.392857142857142,False,LightGBM,23.932256463190612
2026-01-22,SKU050,2026-01-01,11.410096795815056,8.0,5.892857142857143,False,LightGBM,6.607853225901934
2026-01-23,SKU001,2026-01-01,21.585325789893204,13.0,12.607142857142858,False,LightGBM,13.493453154810926
2026-01-23,SKU002,2026-01-01,14.132794670678214,6.0,7.678571428571429,False,LightGBM,9.850057613710824
2026-01-23,SKU003,2026-01-01,9.609302762967395,6.0,4.535714285714286,False,LightGBM,5.390232026849516
2026-01-23,SKU004,2026-01-01,7.10525075867449,2.0,4.714285714285714,False,LightGBM,4.458523334126718
2026-01-23,SKU005,2026-01-01,24.474426045822256,8.0,14.714285714285714,False,LightGBM,16.523270705260913
2026-01-23,SKU006,2026-01-01,11.83059096362505,4.0,5.892857142857143,False,LightGBM,6.776032428772159
2026-01-23,SKU007,2026-01-01,34.878426583504194,13.0,22.142857142857142,False,LightGBM,23.93454690880319
2026-01-23,SKU008,2026-01-01,24.696104328892172,17.0,14.535714285714286,False,LightGBM,15.814803241407741
2026-01-23,SKU009,2026-01-01,14.51295547834931,13.0,10.75,False,LightGBM,10.47486129927604
2026-01-23,SKU010,2026-01-01,28.7201024497083,13.0,15.714285714285714,False,LightGBM,16.21940662818254
2026-01-23,SKU011,2026-01-01,3.9518863229773062,5.0,2.5,False,LightGBM,2.7654539850811535
2026-01-23,SKU012,2026-01-01,36.408926332651184,21.0,23.071428571428573,False,LightGBM,25.6514451493997
2026-01-23,SKU013,2026-01-01,22.609754260731716,7.0,12.571428571428571,False,LightGBM,12.91227114693713
2026-01-23,SKU014,2026-01-01,31.906537573363075,16.0,17.964285714285715,False,LightGBM,19.915877270347977
2026-01-23,SKU015,2026-01-01,6.640457000205274,6.0,3.5357142857142856,False,LightGBM,4.057194561422437
2026-01-23,SKU016,2026-01-01,21.080509797515926,14.0,12.214285714285714,False,LightGBM,13.430967807120586
2026-01-23,SKU017,2026-01-01,22.1108423581205,14.0,13.25,False,LightGBM,13.419646630016134
2026-01-23,SKU018,2026-01-01,32.51436029141002,19.0,22.428571428571427,False,LightGBM,23.796987713179355
2026-01-23,SKU019,2026-01-01,28.675774708578604,16.0,14.535714285714286,False,LightGBM,16.092449388196847
2026-01-23,SKU020,2026-01-01,20.522802508174745,18.0,12.285714285714286,False,LightGBM,13.334654684664537
2026-01-23,SKU021,2026-01-01,12.505201572612695,8.0,7.357142857142857,False,LightGBM,8.690679822136536
2026-01-23,SKU022,2026-01-01,15.15077785560436,10.0,9.571428571428571,False,LightGBM,10.387716925715766
2026-01-23,SKU023,2026-01-01,21.49198644274129,15.0,14.035714285714286,False,LightGBM,14.273833697191748
2026-01-23,SKU024,2026-01-01,21.157308423953225,9.0,11.035714285714286,False,LightGBM,11.673120522721572
2026-01-23,SKU025,2026-01-01,4.401229161885329,1.0,2.2857142857142856,False,LightGBM,2.6927607609903816
2026-01-23,SKU026,2026-01-01,32.94228363584747,17.0,20.142857142857142,False,LightGBM,20.76691650656989
2026-01-23,SKU027,2026-01-01,33.48120604930769,19.0,23.035714285714285,False,LightGBM,24.944021988558006
2026-01-23,SKU028,2026-01-01,8.215960259822317,5.0,4.0,False,LightGBM,5.215756653169702
2026-01-23,SKU029,2026-01-01,22.038276548480475,12.0,14.821428571428571,False,LightGBM,15.893397111872273
2026-01-23,SKU030,2026-01-01,7.907271246434208,5.0,4.25,False,LightGBM,4.837498916985223
2026-01-23,SKU031,2026-01-01,28.23423160022212,14.0,15.678571428571429,False,LightGBM,19.514106137782353
2026-01-23,SKU032,2026-01-01,12.887329074196996,6.0,8.428571428571429,False,LightGBM,9.186335479004551
2026-01-23,SKU033,2026-01-01,32.19282051456544,15.0,15.25,False,LightGBM,17.32496361995661
2026-01-23,SKU034,2026-01-01,31.80070153278148,18.0,17.571428571428573,False,LightGBM,18.74279216317744
2026-01-23,SKU035,2026-01-01,30.046782329545007,20.0,18.75,False,LightGBM,19.652500693561187
2026-01-23,SKU036,2026-01-01,8.216351859541192,6.0,4.392857142857143,False,LightGBM,4.66323242373852
2026-01-23,SKU037,2026-01-01,32.02192827132906,23.0,20.75,False,LightGBM,22.191645391576944
2026-01-23,SKU038,2026-01-01,12.506288295777715,7.0,7.464285714285714,False,LightGBM,7.792441996386444
2026-01-23,SKU039,2026-01-01,4.557221700570775,2.0,2.4285714285714284,False,LightGBM,2.9714266079044216
2026-01-23,SKU040,2026-01-01,22.36846897964848,7.0,13.0,False,LightGBM,13.634630911352339
2026-01-23,SKU041,2026-01-01,18.20312384574355,10.0,9.857142857142858,False,LightGBM,10.66252429395766
2026-01-23,SKU042,2026-01-01,31.642382611607854,26.0,21.214285714285715,False,LightGBM,21.68815602420617
2026-01-23,SKU043,2026-01-01,32.673820972168826,16.0,19.428571428571427,False,LightGBM,22.18719894442244
2026-01-23,SKU044,2026-01-01,13.578087854421737,10.0,7.964285714285714,False,LightGBM,9.853591626932387
2026-01-23,SKU045,2026-01-01,35.11769873510132,24.0,21.071428571428573,False,LightGBM,25.270310571784258
2026-01-23,SKU046,2026-01-01,13.384614592997899,9.0,8.357142857142858,False,LightGBM,9.011161299462056
2026-01-23,SKU047,2026-01-01,22.667564375530826,16.0,13.892857142857142,False,LightGBM,13.34264049199388
2026-01-23,SKU048,2026-01-01,12.635254874002586,5.0,7.25,False,LightGBM,8.150024720102385
2026-01-23,SKU049,2026-01-01,35.08325340723108,27.0,22.392857142857142,False,LightGBM,23.868799539896305
2026-01-23,SKU050,2026-01-01,11.41388896085537,7.0,5.892857142857143,False,LightGBM,6.611645390942249
2026-01-24,SKU001,2026-01-01,22.822247438118787,8.0,12.607142857142858,False,LightGBM,15.407649725950607
2026-01-24,SKU002,2026-01-01,16.125997222457684,9.0,7.678571428571429,False,LightGBM,10.994047293845924
2026-01-24,SKU003,2026-01-01,10.61913240250879,9.0,4.535714285714286,False,LightGBM,5.9873513814461345
2026-01-24,SKU004,2026-01-01,7.8858229124800046,3.0,4.714285714285714,False,LightGBM,4.9481658282303345
2026-01-24,SKU005,2026-01-01,25.85292761264056,18.0,14.714285714285714,False,LightGBM,18.277231684832614
2026-01-24,SKU006,2026-01-01,13.402003798015064,8.0,5.892857142857143,False,LightGBM,7.4716386748577435
2026-01-24,SKU007,2026-01-01,35.601050186784605,23.0,22.142857142857142,False,LightGBM,26.464762823465506
2026-01-24,SKU008,2026-01-01,26.867074974747972,13.0,14.535714285714286,False,LightGBM,17.856907562205965
2026-01-24,SKU009,2026-01-01,17.02273293483176,11.0,10.75,False,LightGBM,11.910677822534993
2026-01-24,SKU010,2026-01-01,29.2129805159326,19.0,15.714285714285714,False,LightGBM,17.577329971888087
2026-01-24,SKU011,2026-01-01,3.7515374681402043,3.0,2.5,False,LightGBM,3.0651628749073563
2026-01-24,SKU012,2026-01-01,37.83832394866203,16.0,23.071428571428573,False,LightGBM,29.371528254696205
2026-01-24,SKU013,2026-01-01,22.374472127054187,17.0,12.571428571428571,False,LightGBM,14.857911379303442
2026-01-24,SKU014,2026-01-01,33.150098879024185,20.0,17.964285714285715,False,LightGBM,22.21966623226713
2026-01-24,SKU015,2026-01-01,7.0896244945459115,3.0,3.5357142857142856,False,LightGBM,4.297814666416464
2026-01-24,SKU016,2026-01-01,22.186796873791344,13.0,12.214285714285714,False,LightGBM,14.906723514301367
2026-01-24,SKU017,2026-01-01,23.841120538226768,13.0,13.25,False,LightGBM,14.890144640189927
2026-01-24,SKU018,2026-01-01,33.94823588164098,20.0,22.428571428571427,False,LightGBM,27.37062411663816
2026-01-24,SKU019,2026-01-01,31.557728339643347,11.0,14.535714285714286,False,LightGBM,18.214970091416387
2026-01-24,SKU020,2026-01-01,21.294669261769627,13.0,12.285714285714286,False,LightGBM,14.66994897382093
2026-01-24,SKU021,2026-01-01,13.535755191842561,6.0,7.357142857142857,False,LightGBM,9.68892446898496
2026-01-24,SKU022,2026-01-01,17.398957122488323,17.0,9.571428571428571,False,LightGBM,11.71559992172162
2026-01-24,SKU023,2026-01-01,23.003391587764966,17.0,14.035714285714286,False,LightGBM,15.894717461898846
2026-01-24,SKU024,2026-01-01,21.876547082084297,14.0,11.035714285714286,False,LightGBM,13.490613553357163
2026-01-24,SKU025,2026-01-01,4.805065107224999,5.0,2.2857142857142856,False,LightGBM,3.037907822164839
2026-01-24,SKU026,2026-01-01,35.237220491145074,16.0,20.142857142857142,False,LightGBM,22.740896391560646
2026-01-24,SKU027,2026-01-01,36.19991365680614,21.0,23.035714285714285,False,LightGBM,28.192665351099514
2026-01-24,SKU028,2026-01-01,9.007070390740214,4.0,4.0,False,LightGBM,5.785520467217042
2026-01-24,SKU029,2026-01-01,23.50382764253552,17.0,14.821428571428571,False,LightGBM,17.415594628867446
2026-01-24,SKU030,2026-01-01,8.930508866698924,6.0,4.25,False,LightGBM,5.211430438080524
2026-01-24,SKU031,2026-01-01,31.147200542727123,20.0,15.678571428571429,False,LightGBM,21.590130013040373
2026-01-24,SKU032,2026-01-01,15.145649527736708,12.0,8.428571428571429,False,LightGBM,10.549244586519759
2026-01-24,SKU033,2026-01-01,34.087331812122144,17.0,15.25,False,LightGBM,18.844871837960426
2026-01-24,SKU034,2026-01-01,34.933274786611804,18.0,17.571428571428573,False,LightGBM,21.447131819742435
2026-01-24,SKU035,2026-01-01,34.054526649485155,16.0,18.75,False,LightGBM,22.203753928341367
2026-01-24,SKU036,2026-01-01,8.803741113487582,4.0,4.392857142857143,False,LightGBM,5.194095636642183
2026-01-24,SKU037,2026-01-01,33.6281737196818,20.0,20.75,False,LightGBM,25.477672818338046
2026-01-24,SKU038,2026-01-01,14.32822290319663,8.0,7.464285714285714,False,LightGBM,8.7790972671466
2026-01-24,SKU039,2026-01-01,4.962324022632742,1.0,2.4285714285714284,False,LightGBM,3.35568734159135
2026-01-24,SKU040,2026-01-01,23.342141440096167,8.0,13.0,False,LightGBM,15.499061119704077
2026-01-24,SKU041,2026-01-01,19.315900207847868,14.0,9.857142857142858,False,LightGBM,11.973074323448445
2026-01-24,SKU042,2026-01-01,33.63770167232431,17.0,21.214285714285715,False,LightGBM,24.486655834529778
2026-01-24,SKU043,2026-01-01,34.510453701781444,30.0,19.428571428571427,False,LightGBM,26.22628870214823
2026-01-24,SKU044,2026-01-01,15.565044044381473,8.0,7.964285714285714,False,LightGBM,10.891520998819637
2026-01-24,SKU045,2026-01-01,36.47667431764788,23.0,21.071428571428573,False,LightGBM,28.242009698957865
2026-01-24,SKU046,2026-01-01,15.15139272686321,9.0,8.357142857142858,False,LightGBM,9.981821451280895
2026-01-24,SKU047,2026-01-01,23.85224902197748,15.0,13.892857142857142,False,LightGBM,14.88605595838527
2026-01-24,SKU048,2026-01-01,14.862634579701844,6.0,7.25,False,LightGBM,8.936076756473204
2026-01-24,SKU049,2026-01-01,37.11237982720111,32.0,22.392857142857142,False,LightGBM,27.290962390703957
2026-01-24,SKU050,2026-01-01,12.737333477374591,7.0,5.892857142857143,False,LightGBM,7.292498744715682
2026-01-25,SKU001,2026-01-01,25.084867377081487,9.0,12.607142857142858,False,LightGBM,15.78583020915343
2026-01-25,SKU002,2026-01-01,16.26240742945386,10.0,7.678571428571429,False,LightGBM,11.162069839929922
2026-01-25,SKU003,2026-01-01,10.155144731601911,4.0,4.535714285714286,False,LightGBM,5.781599823256386
2026-01-25,SKU004,2026-01-01,8.582697931170852,7.0,4.714285714285714,False,LightGBM,5.065861217178507
2026-01-25,SKU005,2026-01-01,26.594336008815173,16.0,14.714285714285714,False,LightGBM,18.054242649392652
2026-01-25,SKU006,2026-01-01,13.204224681622808,5.0,5.892857142857143,False,LightGBM,7.369182716091964
2026-01-25,SKU007,2026-01-01,35.54224414685671,29.0,22.142857142857142,False,LightGBM,26.660203578545644
2026-01-25,SKU008,2026-01-01,27.618862018223528,23.0,14.535714285714286,False,LightGBM,17.691199750655382
2026-01-25,SKU009,2026-01-01,16.6220345033961,15.0,10.75,False,LightGBM,11.78221447295939
2026-01-25,SKU010,2026-01-01,31.257552118329127,16.0,15.714285714285714,False,LightGBM,17.362804045315013
2026-01-25,SKU011,2026-01-01,4.288260768321877,3.0,2.5,False,LightGBM,3.099454663742796
2026-01-25,SKU012,2026-01-01,37.442580889144764,25.0,23.071428571428573,False,LightGBM,28.850238382664504
2026-01-25,SKU013,2026-01-01,23.80698372541359,12.0,12.571428571428571,False,LightGBM,15.010617683894049
2026-01-25,SKU014,2026-01-01,33.49719231224012,18.0,17.964285714285715,False,LightGBM,22.583523795168702
2026-01-25,SKU015,2026-01-01,7.16971368327419,5.0,3.5357142857142856,False,LightGBM,4.279845758445678
2026-01-25,SKU016,2026-01-01,22.53267395004157,16.0,12.214285714285714,False,LightGBM,14.952171544774167
2026-01-25,SKU017,2026-01-01,24.101949804671086,21.0,13.25,False,LightGBM,14.814294234685912
2026-01-25,SKU018,2026-01-01,34.424778369015975,28.0,22.428571428571427,False,LightGBM,27.89790653520299
2026-01-25,SKU019,2026-01-01,32.80336099485529,18.0,14.535714285714286,False,LightGBM,17.93712736759592
2026-01-25,SKU020,2026-01-01,21.750899472092573,11.0,12.285714285714286,False,LightGBM,14.78443037920169
2026-01-25,SKU021,2026-01-01,14.247625500090486,11.0,7.357142857142857,False,LightGBM,9.529482270180635
2026-01-25,SKU022,2026-01-01,17.553737539082103,11.0,9.571428571428571,False,LightGBM,11.777360912818596
2026-01-25,SKU023,2026-01-01,24.342640168900974,7.0,14.035714285714286,False,LightGBM,16.153874029896322
2026-01-25,SKU024,2026-01-01,22.502223122621125,6.0,11.035714285714286,False,LightGBM,13.553344338992288
2026-01-25,SKU025,2026-01-01,4.825516730810485,2.0,2.2857142857142856,False,LightGBM,3.04144308214357
2026-01-25,SKU026,2026-01-01,34.22821856782784,26.0,20.142857142857142,False,LightGBM,25.138078482371768
2026-01-25,SKU027,2026-01-01,35.16262896787809,19.0,23.035714285714285,False,LightGBM,27.97942128738246
2026-01-25,SKU028,2026-01-01,9.281279039249435,1.0,4.0,False,LightGBM,5.808511811233451
2026-01-25,SKU029,2026-01-01,23.733761317578338,14.0,14.821428571428571,False,LightGBM,17.42411921534758
2026-01-25,SKU030,2026-01-01,8.705693311493121,4.0,4.25,False,LightGBM,5.103931329919151
2026-01-25,SKU031,2026-01-01,32.902186250453326,14.0,15.678571428571429,False,LightGBM,22.02883909294298
2026-01-25,SKU032,2026-01-01,15.231238332124805,11.0,8.428571428571429,False,LightGBM,10.246024648846047
2026-01-25,SKU033,2026-01-01,34.174123910773794,17.0,15.25,False,LightGBM,19.114187170648666
2026-01-25,SKU034,2026-01-01,33.89678469083914,24.0,17.571428571428573,False,LightGBM,21.359168188064345
2026-01-25,SKU035,2026-01-01,33.99671506448739,26.0,18.75,False,LightGBM,22.967675420442685
2026-01-25,SKU036,2026-01-01,8.981656974048816,6.0,4.392857142857143,False,LightGBM,5.192179818707195
2026-01-25,SKU037,2026-01-01,34.72441932752931,25.0,20.75,False,LightGBM,26.353173431411488
2026-01-25,SKU038,2026-01-01,14.35069111443297,10.0,7.464285714285714,False,LightGBM,8.761906497946667
2026-01-25,SKU039,2026-01-01,5.182419430034034,1.0,2.4285714285714284,False,LightGBM,3.3417762442359886
2026-01-25,SKU040,2026-01-01,22.719704865340297,6.0,13.0,False,LightGBM,15.776071015085382
2026-01-25,SKU041,2026-01-01,19.55822937945738,3.0,9.857142857142858,False,LightGBM,11.995822207079051
2026-01-25,SKU042,2026-01-01,33.60389464648165,23.0,21.214285714285715,False,LightGBM,24.858717043237217
2026-01-25,SKU043,2026-01-01,34.63985572885613,17.0,19.428571428571427,False,LightGBM,25.762263620340686
2026-01-25,SKU044,2026-01-01,15.771237191542289,11.0,7.964285714285714,False,LightGBM,10.802447031942268
2026-01-25,SKU045,2026-01-01,37.24279061685997,30.0,21.071428571428573,False,LightGBM,27.984302152594562
2026-01-25,SKU046,2026-01-01,15.654326223197405,9.0,8.357142857142858,False,LightGBM,9.875179220508338
2026-01-25,SKU047,2026-01-01,24.37092245197963,12.0,13.892857142857142,False,LightGBM,14.842901038882971
2026-01-25,SKU048,2026-01-01,14.819833348242136,4.0,7.25,False,LightGBM,9.087690998198122
2026-01-25,SKU049,2026-01-01,36.19606582098515,20.0,22.392857142857142,False,LightGBM,28.178957276063972
2026-01-25,SKU050,2026-01-01,13.03725250887626,11.0,5.892857142857143,False,LightGBM,7.269680433716981
2026-01-26,SKU001,2026-01-01,23.655426818903248,12.0,12.607142857142858,False,LightGBM,13.547808485117944
2026-01-26,SKU002,2026-01-01,14.39764282707332,9.0,7.678571428571429,False,LightGBM,9.841105289136229
2026-01-26,SKU003,2026-01-01,9.291284939454846,7.0,4.535714285714286,False,LightGBM,5.146382160489697
2026-01-26,SKU004,2026-01-01,7.6431492187057595,1.0,4.714285714285714,False,LightGBM,4.382831256224502
2026-01-26,SKU005,2026-01-01,24.234960577823603,17.0,14.714285714285714,False,LightGBM,15.793672929324137
2026-01-26,SKU006,2026-01-01,11.994807313666476,6.0,5.892857142857143,False,LightGBM,6.761796333739265
2026-01-26,SKU007,2026-01-01,34.2979256519078,21.0,22.142857142857142,False,LightGBM,22.520175930089252
2026-01-26,SKU008,2026-01-01,24.549425949772548,13.0,14.535714285714286,False,LightGBM,15.12561390017553
2026-01-26,SKU009,2026-01-01,14.776606507777732,9.0,10.75,False,LightGBM,10.236278477670954
2026-01-26,SKU010,2026-01-01,29.56824347534198,18.0,15.714285714285714,False,LightGBM,15.339191086913655
2026-01-26,SKU011,2026-01-01,4.022394718089179,1.0,2.5,False,LightGBM,2.715289486925161
2026-01-26,SKU012,2026-01-01,37.3743668505217,19.0,23.071428571428573,False,LightGBM,24.083543074025037
2026-01-26,SKU013,2026-01-01,22.98847731157451,7.0,12.571428571428571,False,LightGBM,12.948678441578329
2026-01-26,SKU014,2026-01-01,31.233118290612637,11.0,17.964285714285715,False,LightGBM,20.068726830238262
2026-01-26,SKU015,2026-01-01,6.3432290624961025,2.0,3.5357142857142856,False,LightGBM,3.657134276355081
2026-01-26,SKU016,2026-01-01,21.83617937489269,10.0,12.214285714285714,False,LightGBM,13.50992341021975
2026-01-26,SKU017,2026-01-01,22.445774847597992,16.0,13.25,False,LightGBM,12.653416074881376
2026-01-26,SKU018,2026-01-01,31.476781756050322,21.0,22.428571428571427,False,LightGBM,22.56472398188059
2026-01-26,SKU019,2026-01-01,29.973835705626133,17.0,14.535714285714286,False,LightGBM,15.761947319573771
2026-01-26,SKU020,2026-01-01,20.899922252360135,15.0,12.285714285714286,False,LightGBM,12.845414693097084
2026-01-26,SKU021,2026-01-01,12.808934176801701,5.0,7.357142857142857,False,LightGBM,8.609099161157095
2026-01-26,SKU022,2026-01-01,15.516021805575715,1.0,9.571428571428571,False,LightGBM,10.019454860083432
2026-01-26,SKU023,2026-01-01,22.861950195321203,12.0,14.035714285714286,False,LightGBM,14.242026403319102
2026-01-26,SKU024,2026-01-01,21.853838392592287,9.0,11.035714285714286,False,LightGBM,11.973426507884122
2026-01-26,SKU025,2026-01-01,4.330040724289545,2.0,2.2857142857142856,False,LightGBM,2.566808663997666
2026-01-26,SKU026,2026-01-01,32.896805663482695,14.0,20.142857142857142,False,LightGBM,21.17159684825433
2026-01-26,SKU027,2026-01-01,33.89486444960422,21.0,23.035714285714285,False,LightGBM,23.162244890089656
2026-01-26,SKU028,2026-01-01,8.777427911714,4.0,4.0,False,LightGBM,5.079975072077685
2026-01-26,SKU029,2026-01-01,23.41217340653098,14.0,14.821428571428571,False,LightGBM,15.626093983480503
2026-01-26,SKU030,2026-01-01,7.9029820371985435,4.0,4.25,False,LightGBM,4.700813422076397
2026-01-26,SKU031,2026-01-01,30.727062405978554,23.0,15.678571428571429,False,LightGBM,18.87835063508349
2026-01-26,SKU032,2026-01-01,13.512444270607828,7.0,8.428571428571429,False,LightGBM,9.089984300502314
2026-01-26,SKU033,2026-01-01,31.30052059930572,20.0,15.25,False,LightGBM,16.634062923142054
2026-01-26,SKU034,2026-01-01,32.007387366874205,16.0,17.571428571428573,False,LightGBM,18.433102053395686
2026-01-26,SKU035,2026-01-01,32.062498430365075,10.0,18.75,False,LightGBM,20.766426669925362
2026-01-26,SKU036,2026-01-01,7.860793690296805,4.0,4.392857142857143,False,LightGBM,4.4815271613827
2026-01-26,SKU037,2026-01-01,33.25026080241844,19.0,20.75,False,LightGBM,22.056864135303925
2026-01-26,SKU038,2026-01-01,12.461304596511415,7.0,7.464285714285714,False,LightGBM,7.672293584275582
2026-01-26,SKU039,2026-01-01,5.071394603845833,3.0,2.4285714285714284,False,LightGBM,2.850787785614689
2026-01-26,SKU040,2026-01-01,23.315689397084128,10.0,13.0,False,LightGBM,14.274129107897544
2026-01-26,SKU041,2026-01-01,20.064290352380365,9.0,9.857142857142858,False,LightGBM,10.646541493873572
2026-01-26,SKU042,2026-01-01,30.725387765198978,21.0,21.214285714285715,False,LightGBM,21.26790618231695
2026-01-26,SKU043,2026-01-01,32.108132628934264,22.0,19.428571428571427,False,LightGBM,21.74731336749776
2026-01-26,SKU044,2026-01-01,13.886321597739519,9.0,7.964285714285714,False,LightGBM,9.629978798411534
2026-01-26,SKU045,2026-01-01,35.64504538516387,19.0,21.071428571428573,False,LightGBM,23.37691035608588
2026-01-26,SKU046,2026-01-01,13.817209306016995,9.0,8.357142857142858,False,LightGBM,8.79614453357738
2026-01-26,SKU047,2026-01-01,23.233951953961384,20.0,13.892857142857142,False,LightGBM,12.97798297850134
2026-01-26,SKU048,2026-01-01,13.407538372917383,7.0,7.25,False,LightGBM,8.29875154883203
2026-01-26,SKU049,2026-01-01,34.37830767734321,15.0,22.392857142857142,False,LightGBM,22.727084587200448
2026-01-26,SKU050,2026-01-01,11.578454601974366,10.0,5.892857142857143,False,LightGBM,6.489857147460303
2026-01-27,SKU001,2026-01-01,23.849296229051184,14.0,12.607142857142858,False,LightGBM,13.784307784275784
2026-01-27,SKU002,2026-01-01,14.540271679506256,10.0,7.678571428571429,False,LightGBM,9.97247442975006
2026-01-27,SKU003,2026-01-01,9.281801818392847,4.0,4.535714285714286,False,LightGBM,5.204462849737249
2026-01-27,SKU004,2026-01-01,7.8480844263565706,3.0,4.714285714285714,False,LightGBM,4.468204431721287
2026-01-27,SKU005,2026-01-01,25.549107927884002,16.0,14.714285714285714,False,LightGBM,16.12438763789733
2026-01-27,SKU006,2026-01-01,12.174168663507999,6.0,5.892857142857143,False,LightGBM,6.811625366265041
2026-01-27,SKU007,2026-01-01,33.678815233934586,30.0,22.142857142857142,False,LightGBM,22.430518792088296
2026-01-27,SKU008,2026-01-01,25.95142945595154,12.0,14.535714285714286,False,LightGBM,15.245458775546657
2026-01-27,SKU009,2026-01-01,15.193488909107897,5.0,10.75,False,LightGBM,10.315825140968611
2026-01-27,SKU010,2026-01-01,30.954945065018702,11.0,15.714285714285714,False,LightGBM,16.12055721951854
2026-01-27,SKU011,2026-01-01,4.238088560786656,0.0,2.5,False,LightGBM,2.729444205537481
2026-01-27,SKU012,2026-01-01,36.883032651236825,26.0,23.071428571428573,False,LightGBM,24.053694443094344
2026-01-27,SKU013,2026-01-01,23.35131882651873,9.0,12.571428571428571,False,LightGBM,13.057619640844182
2026-01-27,SKU014,2026-01-01,31.13603237812833,18.0,17.964285714285715,False,LightGBM,20.04390807224215
2026-01-27,SKU015,2026-01-01,6.4389583719230865,1.0,3.5357142857142856,False,LightGBM,3.865973701994305
2026-01-27,SKU016,2026-01-01,21.518351033441906,15.0,12.214285714285714,False,LightGBM,13.50298810783666
2026-01-27,SKU017,2026-01-01,22.35663360579417,15.0,13.25,False,LightGBM,12.561292305834863
2026-01-27,SKU018,2026-01-01,33.38296447913799,11.0,22.428571428571427,False,LightGBM,23.713386142104575
2026-01-27,SKU019,2026-01-01,30.975903897651957,9.0,14.535714285714286,False,LightGBM,16.501033393749783
2026-01-27,SKU020,2026-01-01,21.303516251858664,11.0,12.285714285714286,False,LightGBM,12.899477443534293
2026-01-27,SKU021,2026-01-01,12.881640188642276,8.0,7.357142857142857,False,LightGBM,8.658458540160902
2026-01-27,SKU022,2026-01-01,16.178823635100976,7.0,9.571428571428571,False,LightGBM,10.506608988795405
2026-01-27,SKU023,2026-01-01,23.17147372398115,13.0,14.035714285714286,False,LightGBM,14.197671944041039
2026-01-27,SKU024,2026-01-01,22.048898809973675,9.0,11.035714285714286,False,LightGBM,12.048848636310186
2026-01-27,SKU025,2026-01-01,4.412751387166489,4.0,2.2857142857142856,False,LightGBM,2.6495193268746102
2026-01-27,SKU026,2026-01-01,31.146858694053144,21.0,20.142857142857142,False,LightGBM,21.43332940310348
2026-01-27,SKU027,2026-01-01,34.17795770514449,23.0,23.035714285714285,False,LightGBM,23.67550867351713
2026-01-27,SKU028,2026-01-01,8.975477822974465,7.0,4.0,False,LightGBM,5.215779201847635
2026-01-27,SKU029,2026-01-01,23.38265657365893,14.0,14.821428571428571,False,LightGBM,15.520647895588334
2026-01-27,SKU030,2026-01-01,8.25289227602561,3.0,4.25,False,LightGBM,4.757203031959016
2026-01-27,SKU031,2026-01-01,31.341671708964565,12.0,15.678571428571429,False,LightGBM,19.10215828912577
2026-01-27,SKU032,2026-01-01,13.563743660193204,7.0,8.428571428571429,False,LightGBM,9.347317728340284
2026-01-27,SKU033,2026-01-01,31.15404157644229,16.0,15.25,False,LightGBM,16.780928430841584
2026-01-27,SKU034,2026-01-01,33.40775239526513,10.0,17.571428571428573,False,LightGBM,19.242628636455265
2026-01-27,SKU035,2026-01-01,31.431815098270082,16.0,18.75,False,LightGBM,19.56880102574945
2026-01-27,SKU036,2026-01-01,8.26555576893926,2.0,4.392857142857143,False,LightGBM,4.536242435182364
2026-01-27,SKU037,2026-01-01,33.26618994581402,23.0,20.75,False,LightGBM,22.411634463276062
2026-01-27,SKU038,2026-01-01,12.06575549529757,13.0,7.464285714285714,False,LightGBM,7.398780514698406
2026-01-27,SKU039,2026-01-01,5.292215640839795,6.0,2.4285714285714284,False,LightGBM,2.9574093294325
2026-01-27,SKU040,2026-01-01,23.64515670478376,9.0,13.0,False,LightGBM,14.283373345545039
2026-01-27,SKU041,2026-01-01,20.35728431445781,11.0,9.857142857142858,False,LightGBM,11.056503804070717
2026-01-27,SKU042,2026-01-01,30.414157753375044,19.0,21.214285714285715,False,LightGBM,21.268366048671837
2026-01-27,SKU043,2026-01-01,31.806563166387846,23.0,19.428571428571427,False,LightGBM,21.88765864851377
2026-01-27,SKU044,2026-01-01,13.70489149961351,5.0,7.964285714285714,False,LightGBM,9.685663736914355
2026-01-27,SKU045,2026-01-01,35.726561348103445,20.0,21.071428571428573,False,LightGBM,23.94342648535628
2026-01-27,SKU046,2026-01-01,13.696671064560258,3.0,8.357142857142858,False,LightGBM,8.82260833463266
2026-01-27,SKU047,2026-01-01,22.875898865774264,15.0,13.892857142857142,False,LightGBM,13.057358836878883
2026-01-27,SKU048,2026-01-01,13.52423385792147,7.0,7.25,False,LightGBM,8.349429835351264
2026-01-27,SKU049,2026-01-01,34.572346707632015,16.0,22.392857142857142,False,LightGBM,23.005606949922115
2026-01-27,SKU050,2026-01-01,11.487348839131075,8.0,5.892857142857143,False,LightGBM,6.5892574150612315
2026-01-28,SKU001,2026-01-01,23.775729538027697,11.0,12.607142857142858,False,LightGBM,13.582784881062835
2026-01-28,SKU002,2026-01-01,14.477498487286043,8.0,7.678571428571429,False,LightGBM,10.108285373108197
2026-01-28,SKU003,2026-01-01,9.612045152389992,6.0,4.535714285714286,False,LightGBM,5.306927843463632
2026-01-28,SKU004,2026-01-01,8.167254316142063,2.0,4.714285714285714,False,LightGBM,4.492749416033247
2026-01-28,SKU005,2026-01-01,26.487826478656544,17.0,14.714285714285714,False,LightGBM,15.923602646087208
2026-01-28,SKU006,2026-01-01,12.93169785194526,8.0,5.892857142857143,False,LightGBM,6.833562130267104
2026-01-28,SKU007,2026-01-01,34.47123086416304,17.0,22.142857142857142,False,LightGBM,23.025267500476662
2026-01-28,SKU008,2026-01-01,27.204339994003828,11.0,14.535714285714286,False,LightGBM,15.441543945450595
2026-01-28,SKU009,2026-01-01,16.19195573457652,7.0,10.75,False,LightGBM,10.586955993593783
2026-01-28,SKU010,2026-01-01,30.22781755943462,18.0,15.714285714285714,False,LightGBM,15.51519155997515
2026-01-28,SKU011,2026-01-01,4.300829163501516,2.0,2.5,False,LightGBM,2.7402435094992
2026-01-28,SKU012,2026-01-01,37.037340752888696,26.0,23.071428571428573,False,LightGBM,25.038754569647388
2026-01-28,SKU013,2026-01-01,23.175592625815682,11.0,12.571428571428571,False,LightGBM,12.993048032856427
2026-01-28,SKU014,2026-01-01,30.602314395970122,22.0,17.964285714285715,False,LightGBM,19.75400019623978
2026-01-28,SKU015,2026-01-01,7.117213763960892,4.0,3.5357142857142856,False,LightGBM,3.8693843139453596
2026-01-28,SKU016,2026-01-01,23.06581635121039,12.0,12.214285714285714,False,LightGBM,13.371834507661008
2026-01-28,SKU017,2026-01-01,23.941128260629164,6.0,13.25,False,LightGBM,12.858333695139986
2026-01-28,SKU018,2026-01-01,32.969438163036045,26.0,22.428571428571427,False,LightGBM,22.743677156458677
2026-01-28,SKU019,2026-01-01,31.18285053445118,14.0,14.535714285714286,False,LightGBM,16.182076527324313
2026-01-28,SKU020,2026-01-01,20.936187896496477,17.0,12.285714285714286,False,LightGBM,12.858745872986024
2026-01-28,SKU021,2026-01-01,12.881769150287813,6.0,7.357142857142857,False,LightGBM,8.652996643600213
2026-01-28,SKU022,2026-01-01,17.635415060844046,9.0,9.571428571428571,False,LightGBM,10.550489705364464
2026-01-28,SKU023,2026-01-01,23.068849978697035,14.0,14.035714285714286,False,LightGBM,14.311590474037873
2026-01-28,SKU024,2026-01-01,22.691350726544034,9.0,11.035714285714286,False,LightGBM,12.285851415917891
2026-01-28,SKU025,2026-01-01,4.4235506911282085,1.0,2.2857142857142856,False,LightGBM,2.6603186308363296
2026-01-28,SKU026,2026-01-01,31.0980409732086,20.0,20.142857142857142,False,LightGBM,21.062275237116665
2026-01-28,SKU027,2026-01-01,34.60882310631,23.0,23.035714285714285,False,LightGBM,24.07365338839507
2026-01-28,SKU028,2026-01-01,9.292331186054579,3.0,4.0,False,LightGBM,5.212491394390123
2026-01-28,SKU029,2026-01-01,23.830626940475316,7.0,14.821428571428571,False,LightGBM,15.906646339272815
2026-01-28,SKU030,2026-01-01,8.427994272056491,7.0,4.25,False,LightGBM,4.816481234912227
2026-01-28,SKU031,2026-01-01,31.497346988077634,15.0,15.678571428571429,False,LightGBM,19.365432234936204
2026-01-28,SKU032,2026-01-01,13.47749691766143,12.0,8.428571428571429,False,LightGBM,9.290510600414214
2026-01-28,SKU033,2026-01-01,33.400116985551314,6.0,15.25,False,LightGBM,17.392182340181883
2026-01-28,SKU034,2026-01-01,31.647032924884336,16.0,17.571428571428573,False,LightGBM,18.57383156568472
2026-01-28,SKU035,2026-01-01,30.8302840824267,14.0,18.75,False,LightGBM,20.08995063244368
2026-01-28,SKU036,2026-01-01,8.338952378364928,3.0,4.392857142857143,False,LightGBM,4.5396530471334176
2026-01-28,SKU037,2026-01-01,33.84377038249648,17.0,20.75,False,LightGBM,22.514582928120422
2026-01-28,SKU038,2026-01-01,12.413231645289411,11.0,7.464285714285714,False,LightGBM,7.337290499818446
2026-01-28,SKU039,2026-01-01,5.13263619546437,3.0,2.4285714285714284,False,LightGBM,2.912029377233226
2026-01-28,SKU040,2026-01-01,23.187271872171586,13.0,13.0,False,LightGBM,14.05213151564448
2026-01-28,SKU041,2026-01-01,20.62804041381091,5.0,9.857142857142858,False,LightGBM,11.042337005086324
2026-01-28,SKU042,2026-01-01,31.024357027155244,17.0,21.214285714285715,False,LightGBM,21.140506927474693
2026-01-28,SKU043,2026-01-01,32.42542445782292,30.0,19.428571428571427,False,LightGBM,22.329577820907115
2026-01-28,SKU044,2026-01-01,13.606908965182493,5.0,7.964285714285714,False,LightGBM,10.061957171800929
2026-01-28,SKU045,2026-01-01,35.97718360714213,20.0,21.071428571428573,False,LightGBM,24.818828949625374
2026-01-28,SKU046,2026-01-01,13.65100968469321,5.0,8.357142857142858,False,LightGBM,9.103223948504944
2026-01-28,SKU047,2026-01-01,23.721895694112888,6.0,13.892857142857142,False,LightGBM,13.475281768135575
2026-01-28,SKU048,2026-01-01,13.660432587054437,7.0,7.25,False,LightGBM,8.397879313180576
2026-01-28,SKU049,2026-01-01,34.0225055858351,16.0,22.392857142857142,False,LightGBM,23.539176274705895
2026-01-28,SKU050,2026-01-01,11.759816561740069,9.0,5.892857142857143,False,LightGBM,6.588183671744467
2026-01-29,SKU001,2026-01-01,23.995003833089964,10.0,12.607142857142858,False,LightGBM,13.709354101659423
2026-01-29,SKU002,2026-01-01,14.749998353973915,7.0,7.678571428571429,False,LightGBM,10.256178299807265
2026-01-29,SKU003,2026-01-01,9.68910691072975,4.0,4.535714285714286,False,LightGBM,5.281412694008572
2026-01-29,SKU004,2026-01-01,8.359609763389951,3.0,4.714285714285714,False,LightGBM,4.5206305293681845
2026-01-29,SKU005,2026-01-01,26.555908967896432,18.0,14.714285714285714,False,LightGBM,16.084217366354018
2026-01-29,SKU006,2026-01-01,13.011318377620645,5.0,5.892857142857143,False,LightGBM,6.837419601487871
2026-01-29,SKU007,2026-01-01,34.1328708088437,21.0,22.142857142857142,False,LightGBM,23.157187708115657
2026-01-29,SKU008,2026-01-01,27.59498990953348,14.0,14.535714285714286,False,LightGBM,15.802341394455368
2026-01-29,SKU009,2026-01-01,17.255539982008358,9.0,10.75,False,LightGBM,10.757709886087898
2026-01-29,SKU010,2026-01-01,30.848584536546667,11.0,15.714285714285714,False,LightGBM,15.785606648666
2026-01-29,SKU011,2026-01-01,4.333488338757466,5.0,2.5,False,LightGBM,2.772902684755152
2026-01-29,SKU012,2026-01-01,36.76800097628259,28.0,23.071428571428573,False,LightGBM,25.22487128423564
2026-01-29,SKU013,2026-01-01,23.248661651367094,7.0,12.571428571428571,False,LightGBM,13.186500777938216
2026-01-29,SKU014,2026-01-01,30.989061578679383,12.0,17.964285714285715,False,LightGBM,20.074442169546085
2026-01-29,SKU015,2026-01-01,7.256171054368322,4.0,3.5357142857142856,False,LightGBM,3.9444485298005265
2026-01-29,SKU016,2026-01-01,22.502720558851298,18.0,12.214285714285714,False,LightGBM,13.792691875725337
2026-01-29,SKU017,2026-01-01,23.094393232573996,14.0,13.25,False,LightGBM,13.002584955571313
2026-01-29,SKU018,2026-01-01,32.91351982631615,21.0,22.428571428571427,False,LightGBM,22.79426663683101
2026-01-29,SKU019,2026-01-01,30.46735603990263,13.0,14.535714285714286,False,LightGBM,16.042272299107285
2026-01-29,SKU020,2026-01-01,21.58593946772115,14.0,12.285714285714286,False,LightGBM,13.175682899581837
2026-01-29,SKU021,2026-01-01,13.13434107800977,4.0,7.357142857142857,False,LightGBM,8.833999695890814
2026-01-29,SKU022,2026-01-01,17.66930003776976,11.0,9.571428571428571,False,LightGBM,10.637874696474645
2026-01-29,SKU023,2026-01-01,23.051115344660193,12.0,14.035714285714286,False,LightGBM,14.450583495431587
2026-01-29,SKU024,2026-01-01,23.055124097017934,13.0,11.035714285714286,False,LightGBM,12.201726892373713
2026-01-29,SKU025,2026-01-01,4.615073029020153,3.0,2.2857142857142856,False,LightGBM,2.6961680780066413
2026-01-29,SKU026,2026-01-01,31.81718652037944,15.0,20.142857142857142,False,LightGBM,21.47137769693658
2026-01-29,SKU027,2026-01-01,34.57972931565073,16.0,23.035714285714285,False,LightGBM,24.58400048364422
2026-01-29,SKU028,2026-01-01,9.505007885719042,6.0,4.0,False,LightGBM,5.250858905449343
2026-01-29,SKU029,2026-01-01,23.826388384125707,10.0,14.821428571428571,False,LightGBM,15.898749918935462
2026-01-29,SKU030,2026-01-01,8.482119827470802,1.0,4.25,False,LightGBM,4.7761551831192
2026-01-29,SKU031,2026-01-01,30.731789076954538,13.0,15.678571428571429,False,LightGBM,19.220209662694646
2026-01-29,SKU032,2026-01-01,13.624051528691968,8.0,8.428571428571429,False,LightGBM,9.245459250291333
2026-01-29,SKU033,2026-01-01,31.4966977790133,15.0,15.25,False,LightGBM,17.483005848584853
2026-01-29,SKU034,2026-01-01,31.66271484487702,16.0,17.571428571428573,False,LightGBM,18.810991374158746
2026-01-29,SKU035,2026-01-01,31.021896105433136,23.0,18.75,False,LightGBM,19.3864929603185
2026-01-29,SKU036,2026-01-01,8.51070000570787,2.0,4.392857142857143,False,LightGBM,4.77422300163512
2026-01-29,SKU037,2026-01-01,33.46533229847467,23.0,20.75,False,LightGBM,22.527868246102454
2026-01-29,SKU038,2026-01-01,12.679843041556165,4.0,7.464285714285714,False,LightGBM,7.562735076823521
2026-01-29,SKU039,2026-01-01,5.162075862639564,6.0,2.4285714285714284,False,LightGBM,2.9414690444084215
2026-01-29,SKU040,2026-01-01,23.3422427843684,5.0,13.0,False,LightGBM,14.208772197485583
2026-01-29,SKU041,2026-01-01,20.77649005237743,12.0,9.857142857142858,False,LightGBM,11.077298505205949
2026-01-29,SKU042,2026-01-01,30.65579882700744,21.0,21.214285714285715,False,LightGBM,21.68996405442324
2026-01-29,SKU043,2026-01-01,32.253808383108655,24.0,19.428571428571427,False,LightGBM,21.915299704926664
2026-01-29,SKU044,2026-01-01,14.178243524459575,10.0,7.964285714285714,False,LightGBM,10.161175005656276
2026-01-29,SKU045,2026-01-01,36.277237897359115,28.0,21.071428571428573,False,LightGBM,25.01343365626134
2026-01-29,SKU046,2026-01-01,14.131120771800799,5.0,8.357142857142858,False,LightGBM,9.261286783062745
2026-01-29,SKU047,2026-01-01,23.195380350523333,9.0,13.892857142857142,False,LightGBM,13.364488056975105
2026-01-29,SKU048,2026-01-01,14.131111199060324,4.0,7.25,False,LightGBM,8.462226983569693
2026-01-29,SKU049,2026-01-01,34.85542971721539,24.0,22.392857142857142,False,LightGBM,24.577341152543283
2026-01-29,SKU050,2026-01-01,11.866178189997328,8.0,5.892857142857143,False,LightGBM,6.340909187875933
2026-01-30,SKU001,2026-01-01,24.01857856686272,13.0,12.607142857142858,False,LightGBM,14.025325103280196
2026-01-30,SKU002,2026-01-01,15.032232846889888,6.0,7.678571428571429,False,LightGBM,10.337813725711113
2026-01-30,SKU003,2026-01-01,9.920298101257876,6.0,4.535714285714286,False,LightGBM,5.472407020503425
2026-01-30,SKU004,2026-01-01,8.417325566970908,2.0,4.714285714285714,False,LightGBM,4.61540417114972
2026-01-30,SKU005,2026-01-01,27.25732812726934,8.0,14.714285714285714,False,LightGBM,16.72490396612831
2026-01-30,SKU006,2026-01-01,13.085389241736548,4.0,5.892857142857143,False,LightGBM,6.963057844093766
2026-01-30,SKU007,2026-01-01,34.370871702664125,13.0,22.142857142857142,False,LightGBM,23.183563256830407
2026-01-30,SKU008,2026-01-01,29.743260651877407,17.0,14.535714285714286,False,LightGBM,16.37341370251094
2026-01-30,SKU009,2026-01-01,17.77101948392629,13.0,10.75,False,LightGBM,10.974741145282344
2026-01-30,SKU010,2026-01-01,30.912960466637713,13.0,15.714285714285714,False,LightGBM,16.12365311610281
2026-01-30,SKU011,2026-01-01,4.3480065090565345,5.0,2.5,False,LightGBM,2.810515711704001
2026-01-30,SKU012,2026-01-01,36.798405672071134,21.0,23.071428571428573,False,LightGBM,26.01840174575952
2026-01-30,SKU013,2026-01-01,23.48931737137076,7.0,12.571428571428571,False,LightGBM,13.522674384983487
2026-01-30,SKU014,2026-01-01,31.385303015083377,16.0,17.964285714285715,False,LightGBM,20.16443220195295
2026-01-30,SKU015,2026-01-01,7.392290603087547,6.0,3.5357142857142856,False,LightGBM,4.0174338196412736
2026-01-30,SKU016,2026-01-01,23.2108192114351,14.0,12.214285714285714,False,LightGBM,13.988236398645464
2026-01-30,SKU017,2026-01-01,23.336812600951905,14.0,13.25,False,LightGBM,13.348081197474174
2026-01-30,SKU018,2026-01-01,32.94302190981601,19.0,22.428571428571427,False,LightGBM,23.151418675712275
2026-01-30,SKU019,2026-01-01,30.611063128703567,16.0,14.535714285714286,False,LightGBM,16.135574353798937
2026-01-30,SKU020,2026-01-01,21.696525121758466,18.0,12.285714285714286,False,LightGBM,13.418928012609406
2026-01-30,SKU021,2026-01-01,12.982907695943634,8.0,7.357142857142857,False,LightGBM,8.820027110480549
2026-01-30,SKU022,2026-01-01,18.59989885081067,10.0,9.571428571428571,False,LightGBM,10.749267936880877
2026-01-30,SKU023,2026-01-01,23.163066483755824,15.0,14.035714285714286,False,LightGBM,14.80448378451728
2026-01-30,SKU024,2026-01-01,23.251432278717385,9.0,11.035714285714286,False,LightGBM,12.405323705627223
2026-01-30,SKU025,2026-01-01,4.711717320856867,1.0,2.2857142857142856,False,LightGBM,2.7450243334032507
2026-01-30,SKU026,2026-01-01,32.26866384699067,17.0,20.142857142857142,False,LightGBM,21.954728654643738
2026-01-30,SKU027,2026-01-01,34.600677985090584,19.0,23.035714285714285,False,LightGBM,25.01719529225371
2026-01-30,SKU028,2026-01-01,9.503652147611925,5.0,4.0,False,LightGBM,5.255839868752235
2026-01-30,SKU029,2026-01-01,24.082311576033163,12.0,14.821428571428571,False,LightGBM,15.982019877381674
2026-01-30,SKU030,2026-01-01,8.833238319705796,5.0,4.25,False,LightGBM,4.884158720635323
2026-01-30,SKU031,2026-01-01,31.735500662772036,14.0,15.678571428571429,False,LightGBM,19.41087769238184
2026-01-30,SKU032,2026-01-01,13.889393613182715,6.0,8.428571428571429,False,LightGBM,9.676433859029272
2026-01-30,SKU033,2026-01-01,32.07533749449,15.0,15.25,False,LightGBM,17.38883486604873
2026-01-30,SKU034,2026-01-01,31.998314622292305,18.0,17.571428571428573,False,LightGBM,18.95828725338103
2026-01-30,SKU035,2026-01-01,31.41161796105843,20.0,18.75,False,LightGBM,19.529395527965548
2026-01-30,SKU036,2026-01-01,8.876000044401547,6.0,4.392857142857143,False,LightGBM,4.873929222540178
2026-01-30,SKU037,2026-01-01,33.76151352567065,23.0,20.75,False,LightGBM,22.82272903666464
2026-01-30,SKU038,2026-01-01,12.822730211700396,7.0,7.464285714285714,False,LightGBM,7.640048330582021
2026-01-30,SKU039,2026-01-01,5.247404986901011,2.0,2.4285714285714284,False,LightGBM,3.033289255784715
2026-01-30,SKU040,2026-01-01,23.436782779048315,7.0,13.0,False,LightGBM,14.46585955385913
2026-01-30,SKU041,2026-01-01,20.79250271913593,10.0,9.857142857142858,False,LightGBM,11.255636974085826
2026-01-30,SKU042,2026-01-01,31.357105777459935,26.0,21.214285714285715,False,LightGBM,21.77602627836321
2026-01-30,SKU043,2026-01-01,32.309269384356945,16.0,19.428571428571427,False,LightGBM,22.166042609650063
2026-01-30,SKU044,2026-01-01,14.296881615849772,10.0,7.964285714285714,False,LightGBM,10.143496240995908
2026-01-30,SKU045,2026-01-01,36.248275287203505,24.0,21.071428571428573,False,LightGBM,25.933069806163463
2026-01-30,SKU046,2026-01-01,14.23506993235434,9.0,8.357142857142858,False,LightGBM,9.517320906507704
2026-01-30,SKU047,2026-01-01,23.843566078255545,16.0,13.892857142857142,False,LightGBM,13.764932797246114
2026-01-30,SKU048,2026-01-01,13.885575040089043,5.0,7.25,False,LightGBM,8.551392700111974
2026-01-30,SKU049,2026-01-01,35.090394620292024,27.0,22.392857142857142,False,LightGBM,24.94826850984133
2026-01-30,SKU050,2026-01-01,11.879947516920241,7.0,5.892857142857143,False,LightGBM,6.3560962690211955
2026-01-31,SKU001,2026-01-01,24.632501594095537,8.0,12.607142857142858,False,LightGBM,15.864132094640489
2026-01-31,SKU002,2026-01-01,17.217740677731612,9.0,7.678571428571429,False,LightGBM,11.397401260064358
2026-01-31,SKU003,2026-01-01,11.036951848253645,9.0,4.535714285714286,False,LightGBM,6.145055335022736
2026-01-31,SKU004,2026-01-01,9.220801092601883,3.0,4.714285714285714,False,LightGBM,5.154592020006057
2026-01-31,SKU005,2026-01-01,31.514393017161417,18.0,14.714285714285714,False,LightGBM,18.42527767058552
2026-01-31,SKU006,2026-01-01,14.577902389722642,8.0,5.892857142857143,False,LightGBM,7.612790194309571
2026-01-31,SKU007,2026-01-01,35.31243921213943,23.0,22.142857142857142,False,LightGBM,26.67149724666651
2026-01-31,SKU008,2026-01-01,31.23708375462304,13.0,14.535714285714286,False,LightGBM,18.065441667315092
2026-01-31,SKU009,2026-01-01,19.285363908001145,11.0,10.75,False,LightGBM,12.2980575529165
2026-01-31,SKU010,2026-01-01,32.58443591957424,19.0,15.714285714285714,False,LightGBM,17.715197250321076
2026-01-31,SKU011,2026-01-01,4.685473350864531,3.0,2.5,False,LightGBM,3.12714096513696
2026-01-31,SKU012,2026-01-01,37.097463157682526,16.0,23.071428571428573,False,LightGBM,29.393050068840676
2026-01-31,SKU013,2026-01-01,24.299840847639278,17.0,12.571428571428571,False,LightGBM,15.047749242383889
2026-01-31,SKU014,2026-01-01,33.59936846563634,20.0,17.964285714285715,False,LightGBM,22.485087011967824
2026-01-31,SKU015,2026-01-01,8.080655328705923,3.0,3.5357142857142856,False,LightGBM,4.496248474961351
2026-01-31,SKU016,2026-01-01,24.412847955284857,13.0,12.214285714285714,False,LightGBM,15.275784442397525
2026-01-31,SKU017,2026-01-01,24.202187426436584,13.0,13.25,False,LightGBM,14.787567395393879
2026-01-31,SKU018,2026-01-01,34.733500437550575,20.0,22.428571428571427,False,LightGBM,26.712170568348512
2026-01-31,SKU019,2026-01-01,33.372424329313205,11.0,14.535714285714286,False,LightGBM,17.932554051558505
2026-01-31,SKU020,2026-01-01,23.0659493816194,13.0,12.285714285714286,False,LightGBM,14.760262697299666
2026-01-31,SKU021,2026-01-01,14.945563161879413,6.0,7.357142857142857,False,LightGBM,9.768120257274399
2026-01-31,SKU022,2026-01-01,20.229373366942337,17.0,9.571428571428571,False,LightGBM,11.952158231144344
2026-01-31,SKU023,2026-01-01,25.059081728632123,17.0,14.035714285714286,False,LightGBM,16.558163821454542
2026-01-31,SKU024,2026-01-01,24.303946712653325,14.0,11.035714285714286,False,LightGBM,14.262561852637159
2026-01-31,SKU025,2026-01-01,5.139123220834626,5.0,2.2857142857142856,False,LightGBM,3.073255030970952
2026-01-31,SKU026,2026-01-01,34.41689233867102,16.0,20.142857142857142,False,LightGBM,25.69269451642408
2026-01-31,SKU027,2026-01-01,36.1768259319199,21.0,23.035714285714285,False,LightGBM,28.21564567861394
2026-01-31,SKU028,2026-01-01,10.640957463841756,4.0,4.0,False,LightGBM,5.931333935696333
2026-01-31,SKU029,2026-01-01,25.60195409050726,17.0,14.821428571428571,False,LightGBM,17.440030960503993
2026-01-31,SKU030,2026-01-01,9.8161247119446,6.0,4.25,False,LightGBM,5.530535737743891
2026-01-31,SKU031,2026-01-01,33.9250949882859,20.0,15.678571428571429,False,LightGBM,21.585880139325727
2026-01-31,SKU032,2026-01-01,16.023537443086486,12.0,8.428571428571429,False,LightGBM,10.744700228406128
2026-01-31,SKU033,2026-01-01,34.22318084762095,17.0,15.25,False,LightGBM,19.344445545930014
2026-01-31,SKU034,2026-01-01,33.409705862850096,18.0,17.571428571428573,False,LightGBM,21.786628587372427
2026-01-31,SKU035,2026-01-01,33.4196032871382,16.0,18.75,False,LightGBM,22.323917650898117
2026-01-31,SKU036,2026-01-01,9.946793051004246,4.0,4.392857142857143,False,LightGBM,5.543822531885182
2026-01-31,SKU037,2026-01-01,35.41337031596808,20.0,20.75,False,LightGBM,26.810455269263763
2026-01-31,SKU038,2026-01-01,14.947365561315573,8.0,7.464285714285714,False,LightGBM,8.451553564700133
2026-01-31,SKU039,2026-01-01,5.6379227686780515,1.0,2.4285714285714284,False,LightGBM,3.338738833317039
2026-01-31,SKU040,2026-01-01,24.323678083002807,8.0,13.0,False,LightGBM,15.72825716796137
2026-01-31,SKU041,2026-01-01,21.1857661046482,14.0,9.857142857142858,False,LightGBM,12.876184830720922
2026-01-31,SKU042,2026-01-01,33.12529333544912,17.0,21.214285714285715,False,LightGBM,25.214089295017054
2026-01-31,SKU043,2026-01-01,34.34218567737146,30.0,19.428571428571427,False,LightGBM,26.583945318342426
2026-01-31,SKU044,2026-01-01,16.299131178382304,8.0,7.964285714285714,False,LightGBM,11.532905531746543
2026-01-31,SKU045,2026-01-01,36.738681386914166,23.0,21.071428571428573,False,LightGBM,29.09779054818006
2026-01-31,SKU046,2026-01-01,16.044039122473933,9.0,8.357142857142858,False,LightGBM,10.604101971544099
2026-01-31,SKU047,2026-01-01,25.018275460480172,15.0,13.892857142857142,False,LightGBM,15.175582801436347
2026-01-31,SKU048,2026-01-01,16.012603857727665,6.0,7.25,False,LightGBM,9.51898423154146
2026-01-31,SKU049,2026-01-01,35.87812024315384,32.0,22.392857142857142,False,LightGBM,28.40737921235354
2026-01-31,SKU050,2026-01-01,13.154342174754362,7.0,5.892857142857143,False,LightGBM,7.297158027991301
2026-02-01,SKU001,2026-01-01,25.88505838615974,9.0,12.607142857142858,False,LightGBM,16.787233714213013
2026-02-01,SKU002,2026-01-01,18.481190601479728,10.0,7.678571428571429,False,LightGBM,11.797834743501264
2026-02-01,SKU003,2026-01-01,11.449251664337703,4.0,4.535714285714286,False,LightGBM,6.3862142952026915
2026-02-01,SKU004,2026-01-01,9.710331255035628,7.0,4.714285714285714,False,LightGBM,5.526844779272092
2026-02-01,SKU005,2026-01-01,33.146762989461536,16.0,14.714285714285714,False,LightGBM,20.305566103119315
2026-02-01,SKU006,2026-01-01,14.928084262548618,5.0,5.892857142857143,False,LightGBM,7.996374696833937
2026-02-01,SKU007,2026-01-01,36.39059173372027,29.0,22.142857142857142,False,LightGBM,27.162203400488842
2026-02-01,SKU008,2026-01-01,33.03490000979139,23.0,14.535714285714286,False,LightGBM,19.415629709741534
2026-02-01,SKU009,2026-01-01,20.233503424181293,15.0,10.75,False,LightGBM,13.240424978913321
2026-02-01,SKU010,2026-01-01,34.40822480394651,16.0,15.714285714285714,False,LightGBM,19.245071085296583
2026-02-01,SKU011,2026-01-01,4.705859592938966,3.0,2.5,False,LightGBM,3.183876180086692
2026-02-01,SKU012,2026-01-01,38.89420724303676,25.0,23.071428571428573,False,LightGBM,30.541025595756068
2026-02-01,SKU013,2026-01-01,25.48036818433706,12.0,12.571428571428571,False,LightGBM,15.845398819604746
2026-02-01,SKU014,2026-01-01,33.705102416719875,18.0,17.964285714285715,False,LightGBM,23.801919555581808
2026-02-01,SKU015,2026-01-01,8.47245157657535,5.0,3.5357142857142856,False,LightGBM,4.8374399000487776
2026-02-01,SKU016,2026-01-01,25.20035292427601,16.0,12.214285714285714,False,LightGBM,16.0024371121489
2026-02-01,SKU017,2026-01-01,25.64599491491977,21.0,13.25,False,LightGBM,15.713532316560554
2026-02-01,SKU018,2026-01-01,35.3475008288238,28.0,22.428571428571427,False,LightGBM,27.841486244448493
2026-02-01,SKU019,2026-01-01,33.886031577494286,18.0,14.535714285714286,False,LightGBM,18.788881085546162
2026-02-01,SKU020,2026-01-01,23.97154657526467,11.0,12.285714285714286,False,LightGBM,15.554008407743714
2026-02-01,SKU021,2026-01-01,15.707022395000871,11.0,7.357142857142857,False,LightGBM,10.0984437856746
2026-02-01,SKU022,2026-01-01,20.705823780828638,11.0,9.571428571428571,False,LightGBM,12.797456751465463
2026-02-01,SKU023,2026-01-01,25.63758265982414,7.0,14.035714285714286,False,LightGBM,17.271486023674527
2026-02-01,SKU024,2026-01-01,25.259447833186876,6.0,11.035714285714286,False,LightGBM,15.20946739360014
2026-02-01,SKU025,2026-01-01,5.832320263473185,2.0,2.2857142857142856,False,LightGBM,3.334288919929213
2026-02-01,SKU026,2026-01-01,35.176273451906354,26.0,20.142857142857142,False,LightGBM,26.754000427504153
2026-02-01,SKU027,2026-01-01,37.30343694098301,19.0,23.035714285714285,False,LightGBM,29.439668835598862
2026-02-01,SKU028,2026-01-01,10.813292560619084,1.0,4.0,False,LightGBM,6.043898844698811
2026-02-01,SKU029,2026-01-01,27.034184791803508,14.0,14.821428571428571,False,LightGBM,18.655246050348335
2026-02-01,SKU030,2026-01-01,10.213348282353785,4.0,4.25,False,LightGBM,5.857728482755743
2026-02-01,SKU031,2026-01-01,34.650153037950034,14.0,15.678571428571429,False,LightGBM,22.998182928815194
2026-02-01,SKU032,2026-01-01,16.550809218088872,11.0,8.428571428571429,False,LightGBM,11.27179591406804
2026-02-01,SKU033,2026-01-01,35.066473474358276,17.0,15.25,False,LightGBM,20.445219544364182
2026-02-01,SKU034,2026-01-01,34.44807015701074,24.0,17.571428571428573,False,LightGBM,22.727719773758377
2026-02-01,SKU035,2026-01-01,34.91532799470687,26.0,18.75,False,LightGBM,23.740004132099084
2026-02-01,SKU036,2026-01-01,10.748154080116004,6.0,4.392857142857143,False,LightGBM,5.84966372306932
2026-02-01,SKU037,2026-01-01,36.328615896317096,25.0,20.75,False,LightGBM,27.789476959022156
2026-02-01,SKU038,2026-01-01,15.563642038419262,10.0,7.464285714285714,False,LightGBM,8.800174015480815
2026-02-01,SKU039,2026-01-01,5.9909066530126776,1.0,2.4285714285714284,False,LightGBM,3.6324778409105076
2026-02-01,SKU040,2026-01-01,25.460919183732955,6.0,13.0,False,LightGBM,17.001169976692577
2026-02-01,SKU041,2026-01-01,22.04845609377221,3.0,9.857142857142858,False,LightGBM,13.237866393383293
2026-02-01,SKU042,2026-01-01,34.09891335100084,23.0,21.214285714285715,False,LightGBM,26.420058962213268
2026-02-01,SKU043,2026-01-01,35.45092376770667,17.0,19.428571428571427,False,LightGBM,27.780235329760426
2026-02-01,SKU044,2026-01-01,17.11873360892414,11.0,7.964285714285714,False,LightGBM,11.717655145595778
2026-02-01,SKU045,2026-01-01,36.94696939568029,30.0,21.071428571428573,False,LightGBM,29.593959864881445
2026-02-01,SKU046,2026-01-01,16.770899459582285,9.0,8.357142857142858,False,LightGBM,11.056854018651444
2026-02-01,SKU047,2026-01-01,26.01071085215274,12.0,13.892857142857142,False,LightGBM,16.178691409266275
2026-02-01,SKU048,2026-01-01,16.458011674655918,4.0,7.25,False,LightGBM,9.902301322986983
2026-02-01,SKU049,2026-01-01,36.87680017012225,20.0,22.392857142857142,False,LightGBM,29.760132312213447
2026-02-01,SKU050,2026-01-01,14.150027952833154,11.0,5.892857142857143,False,LightGBM,7.680338070554017
2026-02-02,SKU001,2026-01-01,24.48728386320442,12.0,12.607142857142858,False,LightGBM,14.75829738605505
2026-02-02,SKU002,2026-01-01,16.851505023326094,9.0,7.678571428571429,False,LightGBM,10.636041214972902
2026-02-02,SKU003,2026-01-01,10.489151992162835,7.0,4.535714285714286,False,LightGBM,5.733120560449403
2026-02-02,SKU004,2026-01-01,9.126294313121026,1.0,4.714285714285714,False,LightGBM,4.956791111431079
2026-02-02,SKU005,2026-01-01,30.364380546074027,17.0,14.714285714285714,False,LightGBM,17.9983748757204
2026-02-02,SKU006,2026-01-01,13.336994440751134,6.0,5.892857142857143,False,LightGBM,7.369561385145286
2026-02-02,SKU007,2026-01-01,34.06453394172898,21.0,22.142857142857142,False,LightGBM,23.13828287449581
2026-02-02,SKU008,2026-01-01,30.594707486107072,13.0,14.535714285714286,False,LightGBM,17.016267186392522
2026-02-02,SKU009,2026-01-01,20.247470339339767,9.0,10.75,False,LightGBM,11.426585938848172
2026-02-02,SKU010,2026-01-01,32.148003000111686,18.0,15.714285714285714,False,LightGBM,17.401038173381664
2026-02-02,SKU011,2026-01-01,4.303207271507139,1.0,2.5,False,LightGBM,2.8010224947453604
2026-02-02,SKU012,2026-01-01,37.37497125529469,19.0,23.071428571428573,False,LightGBM,26.350652634959854
2026-02-02,SKU013,2026-01-01,23.87638649185686,7.0,12.571428571428571,False,LightGBM,13.971783909051512
2026-02-02,SKU014,2026-01-01,32.37181307725575,11.0,17.964285714285715,False,LightGBM,21.72408487440133
2026-02-02,SKU015,2026-01-01,8.042066657718271,2.0,3.5357142857142856,False,LightGBM,4.236536563312856
2026-02-02,SKU016,2026-01-01,23.610475429549478,10.0,12.214285714285714,False,LightGBM,14.478513023154765
2026-02-02,SKU017,2026-01-01,24.10529235424042,16.0,13.25,False,LightGBM,14.348121916147205
2026-02-02,SKU018,2026-01-01,33.74868570171635,21.0,22.428571428571427,False,LightGBM,23.911690454168646
2026-02-02,SKU019,2026-01-01,31.898569960981323,17.0,14.535714285714286,False,LightGBM,16.73314925906835
2026-02-02,SKU020,2026-01-01,23.196742535242482,15.0,12.285714285714286,False,LightGBM,13.80782966081027
2026-02-02,SKU021,2026-01-01,13.713198934442683,5.0,7.357142857142857,False,LightGBM,9.171708858045012
2026-02-02,SKU022,2026-01-01,19.877151793335393,1.0,9.571428571428571,False,LightGBM,10.90446924482782
2026-02-02,SKU023,2026-01-01,24.332704917214965,12.0,14.035714285714286,False,LightGBM,15.22644866974989
2026-02-02,SKU024,2026-01-01,23.871806335279334,9.0,11.035714285714286,False,LightGBM,12.855700036874005
2026-02-02,SKU025,2026-01-01,5.2968618699554835,2.0,2.2857142857142856,False,LightGBM,2.898005728821571
2026-02-02,SKU026,2026-01-01,33.44703427100974,14.0,20.142857142857142,False,LightGBM,23.174584033547227
2026-02-02,SKU027,2026-01-01,35.242200292886864,21.0,23.035714285714285,False,LightGBM,25.626209085600227
2026-02-02,SKU028,2026-01-01,9.745379705902899,4.0,4.0,False,LightGBM,5.360503995770698
2026-02-02,SKU029,2026-01-01,25.527254385762973,14.0,14.821428571428571,False,LightGBM,17.008298736348912
2026-02-02,SKU030,2026-01-01,9.559757687980685,4.0,4.25,False,LightGBM,5.210282944840351
2026-02-02,SKU031,2026-01-01,32.63535936298122,23.0,15.678571428571429,False,LightGBM,20.72304775589642
2026-02-02,SKU032,2026-01-01,14.697078314998318,7.0,8.428571428571429,False,LightGBM,10.058080771602471
2026-02-02,SKU033,2026-01-01,32.79234943392952,20.0,15.25,False,LightGBM,18.22226530570725
2026-02-02,SKU034,2026-01-01,32.643733360489115,16.0,17.571428571428573,False,LightGBM,20.262900289791205
2026-02-02,SKU035,2026-01-01,32.13896814874194,10.0,18.75,False,LightGBM,21.217848736792796
2026-02-02,SKU036,2026-01-01,9.53980091978052,4.0,4.392857142857143,False,LightGBM,5.147442108860696
2026-02-02,SKU037,2026-01-01,34.994027550495176,19.0,20.75,False,LightGBM,24.246172072860052
2026-02-02,SKU038,2026-01-01,13.49321915636405,7.0,7.464285714285714,False,LightGBM,7.878198098495615
2026-02-02,SKU039,2026-01-01,5.562698232035572,3.0,2.4285714285714284,False,LightGBM,3.2644410584969057
2026-02-02,SKU040,2026-01-01,24.67510725482256,10.0,13.0,False,LightGBM,15.277846693059836
2026-02-02,SKU041,2026-01-01,22.101615988293002,9.0,9.857142857142858,False,LightGBM,11.614570789596042
2026-02-02,SKU042,2026-01-01,32.45909228063482,21.0,21.214285714285715,False,LightGBM,23.170262935535444
2026-02-02,SKU043,2026-01-01,33.248395402163645,22.0,19.428571428571427,False,LightGBM,23.258571909322775
2026-02-02,SKU044,2026-01-01,15.164105034708307,9.0,7.964285714285714,False,LightGBM,10.204586500856765
2026-02-02,SKU045,2026-01-01,36.48027292862746,19.0,21.071428571428573,False,LightGBM,25.66142074094668
2026-02-02,SKU046,2026-01-01,15.524981726370465,9.0,8.357142857142858,False,LightGBM,10.040214658833698
2026-02-02,SKU047,2026-01-01,24.582635967696493,20.0,13.892857142857142,False,LightGBM,14.514115183052272
2026-02-02,SKU048,2026-01-01,13.977005249673727,7.0,7.25,False,LightGBM,8.698844246084235
2026-02-02,SKU049,2026-01-01,35.44839163733393,15.0,22.392857142857142,False,LightGBM,25.105838789109516
2026-02-02,SKU050,2026-01-01,12.704799567887777,10.0,5.892857142857143,False,LightGBM,6.819819395208462
2026-02-03,SKU001,2026-01-01,25.02916704033004,14.0,12.607142857142858,False,LightGBM,14.475775097853804
2026-02-03,SKU002,2026-01-01,17.08856388126968,10.0,7.678571428571429,False,LightGBM,10.536746697891756
2026-02-03,SKU003,2026-01-01,10.729130400979674,4.0,4.535714285714286,False,LightGBM,5.770765046587097
2026-02-03,SKU004,2026-01-01,9.381510223598845,3.0,4.714285714285714,False,LightGBM,4.899145708916105
2026-02-03,SKU005,2026-01-01,30.440765609169905,16.0,14.714285714285714,False,LightGBM,17.9838662854046
2026-02-03,SKU006,2026-01-01,13.288063883880083,6.0,5.892857142857143,False,LightGBM,7.2523160182871855
2026-02-03,SKU007,2026-01-01,33.958300852327376,30.0,22.142857142857142,False,LightGBM,23.289765573255362
2026-02-03,SKU008,2026-01-01,30.91283359818975,12.0,14.535714285714286,False,LightGBM,16.73903577305951
2026-02-03,SKU009,2026-01-01,20.318256457077286,5.0,10.75,False,LightGBM,11.562195543868462
2026-02-03,SKU010,2026-01-01,32.014577388189686,11.0,15.714285714285714,False,LightGBM,17.364895002921422
2026-02-03,SKU011,2026-01-01,4.316050498643157,0.0,2.5,False,LightGBM,2.8138657218813767
2026-02-03,SKU012,2026-01-01,36.88462536560353,26.0,23.071428571428573,False,LightGBM,25.613192007672623
2026-02-03,SKU013,2026-01-01,24.640569925572155,9.0,12.571428571428571,False,LightGBM,13.804346678834714
2026-02-03,SKU014,2026-01-01,31.97604604448445,18.0,17.964285714285715,False,LightGBM,22.179018049746137
2026-02-03,SKU015,2026-01-01,8.010754498525635,1.0,3.5357142857142856,False,LightGBM,4.205224404120221
2026-02-03,SKU016,2026-01-01,23.705480393309088,15.0,12.214285714285714,False,LightGBM,14.128540389443328
2026-02-03,SKU017,2026-01-01,24.77733871344549,15.0,13.25,False,LightGBM,14.009185004371119
2026-02-03,SKU018,2026-01-01,33.89896065524761,11.0,22.428571428571427,False,LightGBM,23.834818209087086
2026-02-03,SKU019,2026-01-01,32.20531981799484,9.0,14.535714285714286,False,LightGBM,16.663662071262205
2026-02-03,SKU020,2026-01-01,23.44790626569818,11.0,12.285714285714286,False,LightGBM,13.628657407978743
2026-02-03,SKU021,2026-01-01,13.622512836005779,8.0,7.357142857142857,False,LightGBM,9.121073716035827
2026-02-03,SKU022,2026-01-01,20.4560222777225,7.0,9.571428571428571,False,LightGBM,10.924737571148281
2026-02-03,SKU023,2026-01-01,24.453793297625555,13.0,14.035714285714286,False,LightGBM,15.247966562967855
2026-02-03,SKU024,2026-01-01,23.806686340385895,9.0,11.035714285714286,False,LightGBM,12.773862655118263
2026-02-03,SKU025,2026-01-01,5.311853044160029,4.0,2.2857142857142856,False,LightGBM,2.9129969030261154
2026-02-03,SKU026,2026-01-01,32.931445140505126,21.0,20.142857142857142,False,LightGBM,22.92482871497784
2026-02-03,SKU027,2026-01-01,34.89831630461168,23.0,23.035714285714285,False,LightGBM,26.07834353857686
2026-02-03,SKU028,2026-01-01,9.840344966431433,7.0,4.0,False,LightGBM,5.393481467773298
2026-02-03,SKU029,2026-01-01,25.50113296159668,14.0,14.821428571428571,False,LightGBM,16.830530804159473
2026-02-03,SKU030,2026-01-01,9.482290806639586,3.0,4.25,False,LightGBM,5.116057908259483
2026-02-03,SKU031,2026-01-01,32.3149047793428,12.0,15.678571428571429,False,LightGBM,20.685395340558525
2026-02-03,SKU032,2026-01-01,14.953221609588136,7.0,8.428571428571429,False,LightGBM,9.992090626714793
2026-02-03,SKU033,2026-01-01,32.38528880605521,16.0,15.25,False,LightGBM,18.240293948127327
2026-02-03,SKU034,2026-01-01,32.138165866693065,10.0,17.571428571428573,False,LightGBM,20.15893988924151
2026-02-03,SKU035,2026-01-01,32.348449582709634,16.0,18.75,False,LightGBM,20.98891977801346
2026-02-03,SKU036,2026-01-01,9.413431003465886,2.0,4.392857142857143,False,LightGBM,5.051542736196873
2026-02-03,SKU037,2026-01-01,34.95551095274224,23.0,20.75,False,LightGBM,23.80011666626566
2026-02-03,SKU038,2026-01-01,13.557168803471386,13.0,7.464285714285714,False,LightGBM,7.869690956497918
2026-02-03,SKU039,2026-01-01,5.540788474365114,6.0,2.4285714285714284,False,LightGBM,3.2233042016519837
2026-02-03,SKU040,2026-01-01,23.92119819066758,9.0,13.0,False,LightGBM,15.043695866452293
2026-02-03,SKU041,2026-01-01,21.852677079216676,11.0,9.857142857142858,False,LightGBM,11.434939974942582
2026-02-03,SKU042,2026-01-01,31.950004627236744,19.0,21.214285714285715,False,LightGBM,23.34941856758726
2026-02-03,SKU043,2026-01-01,32.90733776748295,23.0,19.428571428571427,False,LightGBM,23.31690850605787
2026-02-03,SKU044,2026-01-01,15.556453846784011,5.0,7.964285714285714,False,LightGBM,10.22948758257059
2026-02-03,SKU045,2026-01-01,35.8539460322176,20.0,21.071428571428573,False,LightGBM,25.750684008161173
2026-02-03,SKU046,2026-01-01,15.284489828982114,3.0,8.357142857142858,False,LightGBM,9.970604469379667
2026-02-03,SKU047,2026-01-01,24.560141982374592,15.0,13.892857142857142,False,LightGBM,14.166478988431736
2026-02-03,SKU048,2026-01-01,14.61138155332079,7.0,7.25,False,LightGBM,8.694038717719293
2026-02-03,SKU049,2026-01-01,35.157018538725445,16.0,22.392857142857142,False,LightGBM,25.318320376163342
2026-02-03,SKU050,2026-01-01,12.560800191281555,8.0,5.892857142857143,False,LightGBM,6.883368771010489
2026-02-04,SKU001,2026-01-01,25.15161190312083,11.0,12.607142857142858,False,LightGBM,14.567345884933653
2026-02-04,SKU002,2026-01-01,18.1857121207386,8.0,7.678571428571429,False,LightGBM,10.584604476305751
2026-02-04,SKU003,2026-01-01,10.763527909328019,6.0,4.535714285714286,False,LightGBM,5.7837284965138105
2026-02-04,SKU004,2026-01-01,9.42032353087196,2.0,4.714285714285714,False,LightGBM,5.140124637651987
2026-02-04,SKU005,2026-01-01,31.540788381949998,17.0,14.714285714285714,False,LightGBM,18.004167388772707
2026-02-04,SKU006,2026-01-01,13.429379528325113,8.0,5.892857142857143,False,LightGBM,7.26839011843506
2026-02-04,SKU007,2026-01-01,33.92236078409806,17.0,22.142857142857142,False,LightGBM,23.698362173789857
2026-02-04,SKU008,2026-01-01,30.812314026747213,11.0,14.535714285714286,False,LightGBM,16.924333668683943
2026-02-04,SKU009,2026-01-01,21.1493409419807,7.0,10.75,False,LightGBM,11.523927278970143
2026-02-04,SKU010,2026-01-01,32.26851999627679,18.0,15.714285714285714,False,LightGBM,17.40401585818165
2026-02-04,SKU011,2026-01-01,4.471723389364791,2.0,2.5,False,LightGBM,2.8138657218813767
2026-02-04,SKU012,2026-01-01,37.84897434829841,26.0,23.071428571428573,False,LightGBM,26.269737722153693
2026-02-04,SKU013,2026-01-01,24.453404978665912,11.0,12.571428571428571,False,LightGBM,14.0197710838793
2026-02-04,SKU014,2026-01-01,32.53899396263239,22.0,17.964285714285715,False,LightGBM,22.032122273762266
2026-02-04,SKU015,2026-01-01,8.078172995895251,4.0,3.5357142857142856,False,LightGBM,4.553666286908468
2026-02-04,SKU016,2026-01-01,24.109604329257362,12.0,12.214285714285714,False,LightGBM,14.17532815904467
2026-02-04,SKU017,2026-01-01,24.706561513741626,6.0,13.25,False,LightGBM,14.337065885942316
2026-02-04,SKU018,2026-01-01,34.2561158243886,26.0,22.428571428571427,False,LightGBM,24.46533234817298
2026-02-04,SKU019,2026-01-01,32.249451951652105,14.0,14.535714285714286,False,LightGBM,16.60065571417107
2026-02-04,SKU020,2026-01-01,23.190170655765076,17.0,12.285714285714286,False,LightGBM,13.739377275544678
2026-02-04,SKU021,2026-01-01,13.59588480770642,6.0,7.357142857142857,False,LightGBM,9.326893423107487
2026-02-04,SKU022,2026-01-01,20.18520879594934,9.0,9.571428571428571,False,LightGBM,11.039412642306853
2026-02-04,SKU023,2026-01-01,24.306467495822883,14.0,14.035714285714286,False,LightGBM,15.433109905874364
2026-02-04,SKU024,2026-01-01,24.00296168043059,9.0,11.035714285714286,False,LightGBM,12.793186945321368
2026-02-04,SKU025,2026-01-01,5.311853044160029,1.0,2.2857142857142856,False,LightGBM,2.9129969030261154
2026-02-04,SKU026,2026-01-01,33.14938816452524,20.0,20.142857142857142,False,LightGBM,22.952301032570762
2026-02-04,SKU027,2026-01-01,35.69328883640019,23.0,23.035714285714285,False,LightGBM,26.860698639234883
2026-02-04,SKU028,2026-01-01,9.859418685269038,3.0,4.0,False,LightGBM,5.406444917700012
2026-02-04,SKU029,2026-01-01,26.187077921116714,7.0,14.821428571428571,False,LightGBM,16.954831470479885
2026-02-04,SKU030,2026-01-01,9.50641223553438,7.0,4.25,False,LightGBM,5.114918491099029
2026-02-04,SKU031,2026-01-01,32.346017130401606,15.0,15.678571428571429,False,LightGBM,20.826786153982752
2026-02-04,SKU032,2026-01-01,14.812168661261573,12.0,8.428571428571429,False,LightGBM,10.059938137273358
2026-02-04,SKU033,2026-01-01,32.972995531337546,6.0,15.25,False,LightGBM,18.541650798493947
2026-02-04,SKU034,2026-01-01,32.83855411272134,16.0,17.571428571428573,False,LightGBM,20.331077793877768
2026-02-04,SKU035,2026-01-01,31.803469101201518,14.0,18.75,False,LightGBM,21.60190571622566
2026-02-04,SKU036,2026-01-01,9.442102461472189,3.0,4.392857142857143,False,LightGBM,5.054953348147927
2026-02-04,SKU037,2026-01-01,34.89024378465167,17.0,20.75,False,LightGBM,24.790022064940697
2026-02-04,SKU038,2026-01-01,13.677723277944246,11.0,7.464285714285714,False,LightGBM,7.869690956497918
2026-02-04,SKU039,2026-01-01,5.540788474365114,3.0,2.4285714285714284,False,LightGBM,3.2233042016519837
2026-02-04,SKU040,2026-01-01,24.72053853841813,13.0,13.0,False,LightGBM,15.174729440972975
2026-02-04,SKU041,2026-01-01,22.36742147855873,5.0,9.857142857142858,False,LightGBM,11.443157530628557
2026-02-04,SKU042,2026-01-01,32.41610955992457,17.0,21.214285714285715,False,LightGBM,23.5134085031367
2026-02-04,SKU043,2026-01-01,33.345158324336055,30.0,19.428571428571427,False,LightGBM,23.822204145945268
2026-02-04,SKU044,2026-01-01,15.573586721535559,5.0,7.964285714285714,False,LightGBM,10.297942814102486
2026-02-04,SKU045,2026-01-01,36.62062651508471,20.0,21.071428571428573,False,LightGBM,26.678872941778565
2026-02-04,SKU046,2026-01-01,15.836768065035342,5.0,8.357142857142858,False,LightGBM,10.013451761568296
2026-02-04,SKU047,2026-01-01,25.826778710829526,6.0,13.892857142857142,False,LightGBM,14.222702407028017
2026-02-04,SKU048,2026-01-01,14.570828234432645,7.0,7.25,False,LightGBM,8.707002167646007
2026-02-04,SKU049,2026-01-01,35.31569069659713,16.0,22.392857142857142,False,LightGBM,25.941047788679118
2026-02-04,SKU050,2026-01-01,12.685008083442941,9.0,5.892857142857143,False,LightGBM,6.936283361950027
2026-02-05,SKU001,2026-01-01,25.593562503837344,10.0,12.607142857142858,False,LightGBM,14.567020389648228
2026-02-05,SKU002,2026-01-01,18.487905769692627,7.0,7.678571428571429,False,LightGBM,10.720529660090294
2026-02-05,SKU003,2026-01-01,10.829910715389353,4.0,4.535714285714286,False,LightGBM,5.756859617469323
2026-02-05,SKU004,2026-01-01,9.399404678578774,3.0,4.714285714285714,False,LightGBM,5.112097065138022
2026-02-05,SKU005,2026-01-01,31.110772287599968,18.0,14.714285714285714,False,LightGBM,18.128749971339534
2026-02-05,SKU006,2026-01-01,13.617390335871109,5.0,5.892857142857143,False,LightGBM,7.258407041899056
2026-02-05,SKU007,2026-01-01,34.3327035909694,21.0,22.142857142857142,False,LightGBM,24.116403104627828
2026-02-05,SKU008,2026-01-01,31.14049267004097,14.0,14.535714285714286,False,LightGBM,17.170489511380616
2026-02-05,SKU009,2026-01-01,20.92661404061351,9.0,10.75,False,LightGBM,11.615858425169211
2026-02-05,SKU010,2026-01-01,32.50474754019206,11.0,15.714285714285714,False,LightGBM,17.847999060356507
2026-02-05,SKU011,2026-01-01,4.489331817942223,5.0,2.5,False,LightGBM,2.8314741504588112
2026-02-05,SKU012,2026-01-01,38.17349694343232,28.0,23.071428571428573,False,LightGBM,26.69958978790161
2026-02-05,SKU013,2026-01-01,24.436043537286547,7.0,12.571428571428571,False,LightGBM,14.068235019854876
2026-02-05,SKU014,2026-01-01,32.4921043207052,12.0,17.964285714285715,False,LightGBM,22.601187168393107
2026-02-05,SKU015,2026-01-01,8.12767133628527,4.0,3.5357142857142856,False,LightGBM,4.603164627298487
2026-02-05,SKU016,2026-01-01,24.874726743694964,18.0,12.214285714285714,False,LightGBM,14.316502754489411
2026-02-05,SKU017,2026-01-01,25.108911739657167,14.0,13.25,False,LightGBM,14.315320054360281
2026-02-05,SKU018,2026-01-01,34.3959965534687,21.0,22.428571428571427,False,LightGBM,24.87029931968896
2026-02-05,SKU019,2026-01-01,31.617978749151302,13.0,14.535714285714286,False,LightGBM,16.83219558235425
2026-02-05,SKU020,2026-01-01,23.376676337465266,14.0,12.285714285714286,False,LightGBM,14.083671176195887
2026-02-05,SKU021,2026-01-01,13.761569708284606,4.0,7.357142857142857,False,LightGBM,9.353624780590717
2026-02-05,SKU022,2026-01-01,20.436537034082072,11.0,9.571428571428571,False,LightGBM,11.196189818828357
2026-02-05,SKU023,2026-01-01,25.586726032373683,12.0,14.035714285714286,False,LightGBM,15.599390106871333
2026-02-05,SKU024,2026-01-01,24.215745376346486,13.0,11.035714285714286,False,LightGBM,12.941597078650249
2026-02-05,SKU025,2026-01-01,5.3467587428171655,3.0,2.2857142857142856,False,LightGBM,2.93379560351791
2026-02-05,SKU026,2026-01-01,33.0875887873392,15.0,20.142857142857142,False,LightGBM,23.697139142952064
2026-02-05,SKU027,2026-01-01,35.62355002623023,16.0,23.035714285714285,False,LightGBM,26.099497539526517
2026-02-05,SKU028,2026-01-01,9.920382527502195,6.0,4.0,False,LightGBM,5.480804629260279
2026-02-05,SKU029,2026-01-01,26.66753027619309,10.0,14.821428571428571,False,LightGBM,17.15234767570593
2026-02-05,SKU030,2026-01-01,9.491288493370876,1.0,4.25,False,LightGBM,5.109444183954518
2026-02-05,SKU031,2026-01-01,32.49470061189438,13.0,15.678571428571429,False,LightGBM,20.940765463821364
2026-02-05,SKU032,2026-01-01,14.985560633710051,8.0,8.428571428571429,False,LightGBM,10.077109375785904
2026-02-05,SKU033,2026-01-01,32.54521261476402,15.0,15.25,False,LightGBM,18.624388588507323
2026-02-05,SKU034,2026-01-01,32.71840132575876,16.0,17.571428571428573,False,LightGBM,20.56515949506103
2026-02-05,SKU035,2026-01-01,31.869671200922415,23.0,18.75,False,LightGBM,21.891848458065898
2026-02-05,SKU036,2026-01-01,9.502763387739101,2.0,4.392857142857143,False,LightGBM,5.036724178798838
2026-02-05,SKU037,2026-01-01,35.335525775993666,23.0,20.75,False,LightGBM,24.875219183978363
2026-02-05,SKU038,2026-01-01,13.53285405929978,4.0,7.464285714285714,False,LightGBM,7.894155290351162
2026-02-05,SKU039,2026-01-01,5.575930571708085,6.0,2.4285714285714284,False,LightGBM,3.237693122148662
2026-02-05,SKU040,2026-01-01,25.67720168261715,5.0,13.0,False,LightGBM,15.44640820089572
2026-02-05,SKU041,2026-01-01,22.665478465506826,12.0,9.857142857142858,False,LightGBM,11.447343689565328
2026-02-05,SKU042,2026-01-01,32.088916068180225,21.0,21.214285714285715,False,LightGBM,23.66329451556136
2026-02-05,SKU043,2026-01-01,33.26073300923973,24.0,19.428571428571427,False,LightGBM,24.152535076335035
2026-02-05,SKU044,2026-01-01,16.181720525297607,10.0,7.964285714285714,False,LightGBM,10.401235883749989
2026-02-05,SKU045,2026-01-01,36.83553040774251,28.0,21.071428571428573,False,LightGBM,27.047482544366254
2026-02-05,SKU046,2026-01-01,16.513047300245862,5.0,8.357142857142858,False,LightGBM,10.044820906640942
2026-02-05,SKU047,2026-01-01,26.904741621244813,9.0,13.892857142857142,False,LightGBM,14.287949386696612
2026-02-05,SKU048,2026-01-01,14.59091777066379,4.0,7.25,False,LightGBM,8.754593317933503
2026-02-05,SKU049,2026-01-01,35.732330540975475,24.0,22.392857142857142,False,LightGBM,27.4705453152342
2026-02-05,SKU050,2026-01-01,12.650352127792036,8.0,5.892857142857143,False,LightGBM,6.937652239955821
2026-02-06,SKU001,2026-01-01,26.488455884495654,13.0,12.607142857142858,False,LightGBM,14.816011671650793
2026-02-06,SKU002,2026-01-01,18.600201125102412,6.0,7.678571428571429,False,LightGBM,10.794794992295403
2026-02-06,SKU003,2026-01-01,11.269635136045766,6.0,4.535714285714286,False,LightGBM,5.776754008499036
2026-02-06,SKU004,2026-01-01,9.442521804735028,2.0,4.714285714285714,False,LightGBM,5.114661281533792
2026-02-06,SKU005,2026-01-01,31.34545702701596,8.0,14.714285714285714,False,LightGBM,18.727572206203284
2026-02-06,SKU006,2026-01-01,13.870531233267139,4.0,5.892857142857143,False,LightGBM,7.286562152222265
2026-02-06,SKU007,2026-01-01,34.27498003414448,13.0,22.142857142857142,False,LightGBM,24.214427302903996
2026-02-06,SKU008,2026-01-01,31.9695132892705,17.0,14.535714285714286,False,LightGBM,17.340092219897265
2026-02-06,SKU009,2026-01-01,20.60001531155944,13.0,10.75,False,LightGBM,11.640999145928832
2026-02-06,SKU010,2026-01-01,32.3701256907618,13.0,15.714285714285714,False,LightGBM,18.035924936127106
2026-02-06,SKU011,2026-01-01,4.506542730964386,5.0,2.5,False,LightGBM,2.8486850634809744
2026-02-06,SKU012,2026-01-01,38.22642701553149,21.0,23.071428571428573,False,LightGBM,27.65271561115074
2026-02-06,SKU013,2026-01-01,25.446043388961368,7.0,12.571428571428571,False,LightGBM,14.236943032443326
2026-02-06,SKU014,2026-01-01,32.65330978585588,16.0,17.964285714285715,False,LightGBM,22.106412028615935
2026-02-06,SKU015,2026-01-01,8.448444888520667,6.0,3.5357142857142856,False,LightGBM,4.630805928027114
2026-02-06,SKU016,2026-01-01,24.738017338731584,14.0,12.214285714285714,False,LightGBM,14.296857227472824
2026-02-06,SKU017,2026-01-01,26.056024179959465,14.0,13.25,False,LightGBM,14.360612953179364
2026-02-06,SKU018,2026-01-01,34.522042727560724,19.0,22.428571428571427,False,LightGBM,25.115596055157177
2026-02-06,SKU019,2026-01-01,32.30243386197569,16.0,14.535714285714286,False,LightGBM,17.004397444391838
2026-02-06,SKU020,2026-01-01,23.426433065105424,18.0,12.285714285714286,False,LightGBM,13.947777854520337
2026-02-06,SKU021,2026-01-01,13.705537752901206,8.0,7.357142857142857,False,LightGBM,9.353199230099035
2026-02-06,SKU022,2026-01-01,20.388937776323047,10.0,9.571428571428571,False,LightGBM,11.325234457300644
2026-02-06,SKU023,2026-01-01,26.226366988098484,15.0,14.035714285714286,False,LightGBM,15.800768891996594
2026-02-06,SKU024,2026-01-01,24.10175845090679,9.0,11.035714285714286,False,LightGBM,13.019035454222749
2026-02-06,SKU025,2026-01-01,5.442556500829675,1.0,2.2857142857142856,False,LightGBM,2.9557947943075664
2026-02-06,SKU026,2026-01-01,33.2531109903177,17.0,20.142857142857142,False,LightGBM,23.928566195016273
2026-02-06,SKU027,2026-01-01,35.47363446173729,19.0,23.035714285714285,False,LightGBM,26.192015169175207
2026-02-06,SKU028,2026-01-01,9.931871271230134,5.0,4.0,False,LightGBM,5.492293372988216
2026-02-06,SKU029,2026-01-01,27.93196282776995,12.0,14.821428571428571,False,LightGBM,17.23180976221418
2026-02-06,SKU030,2026-01-01,9.60909093673568,5.0,4.25,False,LightGBM,5.147795950246589
2026-02-06,SKU031,2026-01-01,32.72829343842029,14.0,15.678571428571429,False,LightGBM,20.97547962858664
2026-02-06,SKU032,2026-01-01,15.626911565887385,6.0,8.428571428571429,False,LightGBM,10.260195787946637
2026-02-06,SKU033,2026-01-01,32.59698021041326,15.0,15.25,False,LightGBM,18.60292042562024
2026-02-06,SKU034,2026-01-01,32.88068993764441,18.0,17.571428571428573,False,LightGBM,20.75226618634752
2026-02-06,SKU035,2026-01-01,33.03156004289804,20.0,18.75,False,LightGBM,22.11517841114956
2026-02-06,SKU036,2026-01-01,9.565133432013175,6.0,4.392857142857143,False,LightGBM,5.105330285757983
2026-02-06,SKU037,2026-01-01,35.23883459150215,23.0,20.75,False,LightGBM,25.306119522603005
2026-02-06,SKU038,2026-01-01,13.592527644963333,7.0,7.464285714285714,False,LightGBM,7.904361784406357
2026-02-06,SKU039,2026-01-01,5.9728053940613135,2.0,2.4285714285714284,False,LightGBM,3.2472548478937253
2026-02-06,SKU040,2026-01-01,25.70444049969864,7.0,13.0,False,LightGBM,15.780601028542435
2026-02-06,SKU041,2026-01-01,22.889533724449663,10.0,9.857142857142858,False,LightGBM,11.490837482456232
2026-02-06,SKU042,2026-01-01,32.400532601299076,26.0,21.214285714285715,False,LightGBM,23.84956160488879
2026-02-06,SKU043,2026-01-01,33.921039380749974,16.0,19.428571428571427,False,LightGBM,24.45980376844263
2026-02-06,SKU044,2026-01-01,16.58907597345547,10.0,7.964285714285714,False,LightGBM,10.453330780190212
2026-02-06,SKU045,2026-01-01,36.91117496570733,24.0,21.071428571428573,False,LightGBM,27.40923515440015
2026-02-06,SKU046,2026-01-01,16.370712877215475,9.0,8.357142857142858,False,LightGBM,9.967857960641211
2026-02-06,SKU047,2026-01-01,27.553068836947464,16.0,13.892857142857142,False,LightGBM,14.59500578060845
2026-02-06,SKU048,2026-01-01,14.722752963909793,5.0,7.25,False,LightGBM,8.777445742125927
2026-02-06,SKU049,2026-01-01,35.706317519015336,27.0,22.392857142857142,False,LightGBM,26.78353397624949
2026-02-06,SKU050,2026-01-01,12.571330625605455,7.0,5.892857142857143,False,LightGBM,6.941444404996136
2026-02-07,SKU001,2026-01-01,27.95515036820627,8.0,12.607142857142858,False,LightGBM,16.309525981282896
2026-02-07,SKU002,2026-01-01,20.440422159688882,9.0,7.678571428571429,False,LightGBM,12.098798509670154
2026-02-07,SKU003,2026-01-01,12.517795975450824,9.0,4.535714285714286,False,LightGBM,6.469887824044516
2026-02-07,SKU004,2026-01-01,10.609560514330248,3.0,4.714285714285714,False,LightGBM,5.7241509696149375
2026-02-07,SKU005,2026-01-01,33.695422046037365,18.0,14.714285714285714,False,LightGBM,20.413057579325834
2026-02-07,SKU006,2026-01-01,15.590426891418218,8.0,5.892857142857143,False,LightGBM,7.97984108323292
2026-02-07,SKU007,2026-01-01,36.358990128563406,23.0,22.142857142857142,False,LightGBM,27.573644363428603
2026-02-07,SKU008,2026-01-01,33.922161722023915,13.0,14.535714285714286,False,LightGBM,19.39913656604976
2026-02-07,SKU009,2026-01-01,21.5934037606174,11.0,10.75,False,LightGBM,13.347469532517202
2026-02-07,SKU010,2026-01-01,34.21223064877991,19.0,15.714285714285714,False,LightGBM,19.680561141088763
2026-02-07,SKU011,2026-01-01,4.919138583798704,3.0,2.5,False,LightGBM,3.163148666189777
2026-02-07,SKU012,2026-01-01,38.93135598885131,16.0,23.071428571428573,False,LightGBM,30.928915047746706
2026-02-07,SKU013,2026-01-01,27.03895609135599,17.0,12.571428571428571,False,LightGBM,15.879215283021463
2026-02-07,SKU014,2026-01-01,34.35016024622544,20.0,17.964285714285715,False,LightGBM,24.388881857358623
2026-02-07,SKU015,2026-01-01,9.4058608728543,3.0,3.5357142857142856,False,LightGBM,5.1526250092664405
2026-02-07,SKU016,2026-01-01,25.531762710172178,13.0,12.214285714285714,False,LightGBM,15.535001833991315
2026-02-07,SKU017,2026-01-01,27.802111911862,13.0,13.25,False,LightGBM,15.787128316801398
2026-02-07,SKU018,2026-01-01,36.03308687232644,20.0,22.428571428571427,False,LightGBM,28.718699593953918
2026-02-07,SKU019,2026-01-01,33.42865916553489,11.0,14.535714285714286,False,LightGBM,18.934239610438723
2026-02-07,SKU020,2026-01-01,24.24628672545654,13.0,12.285714285714286,False,LightGBM,15.50982883008292
2026-02-07,SKU021,2026-01-01,15.641281724612918,6.0,7.357142857142857,False,LightGBM,10.376642154974355
2026-02-07,SKU022,2026-01-01,21.24222474431175,17.0,9.571428571428571,False,LightGBM,12.862423260680169
2026-02-07,SKU023,2026-01-01,28.262568012514258,17.0,14.035714285714286,False,LightGBM,17.708188319529
2026-02-07,SKU024,2026-01-01,25.69721913437761,14.0,11.035714285714286,False,LightGBM,14.918625638629953
2026-02-07,SKU025,2026-01-01,5.855419569436408,5.0,2.2857142857142856,False,LightGBM,3.283589658669584
2026-02-07,SKU026,2026-01-01,35.53149693649113,16.0,20.142857142857142,False,LightGBM,27.2259005511532
2026-02-07,SKU027,2026-01-01,37.312065342807244,21.0,23.035714285714285,False,LightGBM,29.8868044906734
2026-02-07,SKU028,2026-01-01,11.459199528034922,4.0,4.0,False,LightGBM,6.07627179519397
2026-02-07,SKU029,2026-01-01,31.28585667088103,17.0,14.821428571428571,False,LightGBM,18.8141842323456
2026-02-07,SKU030,2026-01-01,10.866399303202892,6.0,4.25,False,LightGBM,5.742229469287047
2026-02-07,SKU031,2026-01-01,33.96744354596282,20.0,15.678571428571429,False,LightGBM,22.54616635650194
2026-02-07,SKU032,2026-01-01,17.73831470407992,12.0,8.428571428571429,False,LightGBM,11.263913512782077
2026-02-07,SKU033,2026-01-01,34.182989965764975,17.0,15.25,False,LightGBM,20.468589772045135
2026-02-07,SKU034,2026-01-01,34.51333076983424,18.0,17.571428571428573,False,LightGBM,22.8967570805133
2026-02-07,SKU035,2026-01-01,34.534568797674886,16.0,18.75,False,LightGBM,24.560705847979808
2026-02-07,SKU036,2026-01-01,11.152295953975178,4.0,4.392857142857143,False,LightGBM,5.748742037223269
2026-02-07,SKU037,2026-01-01,36.07654354242663,20.0,20.75,False,LightGBM,28.738236972218388
2026-02-07,SKU038,2026-01-01,15.748805975209196,8.0,7.464285714285714,False,LightGBM,8.711716234332913
2026-02-07,SKU039,2026-01-01,6.580768602361363,1.0,2.4285714285714284,False,LightGBM,3.538531124468994
2026-02-07,SKU040,2026-01-01,26.588183681389342,8.0,13.0,False,LightGBM,17.392647958313272
2026-02-07,SKU041,2026-01-01,23.74350410432534,14.0,9.857142857142858,False,LightGBM,13.020427251647156
2026-02-07,SKU042,2026-01-01,33.971019137986744,17.0,21.214285714285715,False,LightGBM,27.021601678637225
2026-02-07,SKU043,2026-01-01,35.80351555128637,30.0,19.428571428571427,False,LightGBM,28.3265875732364
2026-02-07,SKU044,2026-01-01,18.655475614117282,8.0,7.964285714285714,False,LightGBM,11.802298088467808
2026-02-07,SKU045,2026-01-01,36.94131342927775,23.0,21.071428571428573,False,LightGBM,30.25672787443972
2026-02-07,SKU046,2026-01-01,17.792095348486413,9.0,8.357142857142858,False,LightGBM,11.009830631334522
2026-02-07,SKU047,2026-01-01,29.822746475238418,15.0,13.892857142857142,False,LightGBM,15.998944639945437
2026-02-07,SKU048,2026-01-01,16.919066299241234,6.0,7.25,False,LightGBM,9.735389789313857
2026-02-07,SKU049,2026-01-01,36.262027282799636,32.0,22.392857142857142,False,LightGBM,29.826055599396586
2026-02-07,SKU050,2026-01-01,14.126705257152183,7.0,5.892857142857143,False,LightGBM,7.648406526335798
2026-02-08,SKU001,2026-01-01,29.74278722140175,9.0,12.607142857142858,False,LightGBM,16.94074212486772
2026-02-08,SKU002,2026-01-01,21.354205924883377,10.0,7.678571428571429,False,LightGBM,12.260308221245639
2026-02-08,SKU003,2026-01-01,12.785674401794534,4.0,4.535714285714286,False,LightGBM,6.661264988754993
2026-02-08,SKU004,2026-01-01,10.784123783467667,7.0,4.714285714285714,False,LightGBM,5.712057888747685
2026-02-08,SKU005,2026-01-01,33.862017896671496,16.0,14.714285714285714,False,LightGBM,20.619698974412874
2026-02-08,SKU006,2026-01-01,15.595174238225521,5.0,5.892857142857143,False,LightGBM,7.973055696908887
2026-02-08,SKU007,2026-01-01,36.78940840010608,29.0,22.142857142857142,False,LightGBM,27.408885144791753
2026-02-08,SKU008,2026-01-01,33.43217268189412,23.0,14.535714285714286,False,LightGBM,19.455706440699398
2026-02-08,SKU009,2026-01-01,21.71009345823747,15.0,10.75,False,LightGBM,13.380064130087865
2026-02-08,SKU010,2026-01-01,33.88578171118427,16.0,15.714285714285714,False,LightGBM,19.809647322403098
2026-02-08,SKU011,2026-01-01,4.991039822013241,3.0,2.5,False,LightGBM,3.1666637826840187
2026-02-08,SKU012,2026-01-01,38.49625012695165,25.0,23.071428571428573,False,LightGBM,31.50470201038478
2026-02-08,SKU013,2026-01-01,28.610361593792476,12.0,12.571428571428571,False,LightGBM,16.20327141831693
2026-02-08,SKU014,2026-01-01,34.673073701440075,18.0,17.964285714285715,False,LightGBM,24.970944955131902
2026-02-08,SKU015,2026-01-01,9.84360332940448,5.0,3.5357142857142856,False,LightGBM,5.169909053623736
2026-02-08,SKU016,2026-01-01,26.754401595453274,16.0,12.214285714285714,False,LightGBM,15.7673188681618
2026-02-08,SKU017,2026-01-01,28.818729394571182,21.0,13.25,False,LightGBM,15.847917031182957
2026-02-08,SKU018,2026-01-01,36.060274586240155,28.0,22.428571428571427,False,LightGBM,29.095163060691068
2026-02-08,SKU019,2026-01-01,33.37112467733701,18.0,14.535714285714286,False,LightGBM,19.00186269180047
2026-02-08,SKU020,2026-01-01,25.184111933521404,11.0,12.285714285714286,False,LightGBM,15.505649437352213
2026-02-08,SKU021,2026-01-01,16.012144126598603,11.0,7.357142857142857,False,LightGBM,10.37973534439169
2026-02-08,SKU022,2026-01-01,21.438387589487174,11.0,9.571428571428571,False,LightGBM,12.68037333002968
2026-02-08,SKU023,2026-01-01,29.42093137166146,7.0,14.035714285714286,False,LightGBM,17.90183061792034
2026-02-08,SKU024,2026-01-01,26.67727280418362,6.0,11.035714285714286,False,LightGBM,15.134324291584697
2026-02-08,SKU025,2026-01-01,5.900102788962279,2.0,2.2857142857142856,False,LightGBM,3.2888016723286793
2026-02-08,SKU026,2026-01-01,36.105471380752896,26.0,20.142857142857142,False,LightGBM,27.80597575057153
2026-02-08,SKU027,2026-01-01,38.19576187837103,19.0,23.035714285714285,False,LightGBM,29.97957856202314
2026-02-08,SKU028,2026-01-01,11.531111908543446,1.0,4.0,False,LightGBM,6.087836341189843
2026-02-08,SKU029,2026-01-01,30.839970046919717,14.0,14.821428571428571,False,LightGBM,18.629634061260507
2026-02-08,SKU030,2026-01-01,11.086716490668978,4.0,4.25,False,LightGBM,5.747441482946143
2026-02-08,SKU031,2026-01-01,34.59358047323217,14.0,15.678571428571429,False,LightGBM,22.78292699635155
2026-02-08,SKU032,2026-01-01,17.35694816734984,11.0,8.428571428571429,False,LightGBM,11.22700659138401
2026-02-08,SKU033,2026-01-01,34.93820840493537,17.0,15.25,False,LightGBM,20.67996954441985
2026-02-08,SKU034,2026-01-01,34.32653072965775,24.0,17.571428571428573,False,LightGBM,23.265852214767573
2026-02-08,SKU035,2026-01-01,35.19267135534059,26.0,18.75,False,LightGBM,25.210486283907986
2026-02-08,SKU036,2026-01-01,11.128411687350043,6.0,4.392857142857143,False,LightGBM,5.751101195696741
2026-02-08,SKU037,2026-01-01,36.4873662651377,25.0,20.75,False,LightGBM,29.280016455405026
2026-02-08,SKU038,2026-01-01,15.776157785051682,10.0,7.464285714285714,False,LightGBM,8.763100232309043
2026-02-08,SKU039,2026-01-01,6.598052646718659,1.0,2.4285714285714284,False,LightGBM,3.555815168826289
2026-02-08,SKU040,2026-01-01,28.497742508094248,6.0,13.0,False,LightGBM,17.72500254243054
2026-02-08,SKU041,2026-01-01,24.155788075443404,3.0,9.857142857142858,False,LightGBM,12.957603679012376
2026-02-08,SKU042,2026-01-01,34.35689630790572,23.0,21.214285714285715,False,LightGBM,27.457632618753312
2026-02-08,SKU043,2026-01-01,36.52715063323955,17.0,19.428571428571427,False,LightGBM,29.3466025964817
2026-02-08,SKU044,2026-01-01,19.122116236596217,11.0,7.964285714285714,False,LightGBM,11.806471720305451
2026-02-08,SKU045,2026-01-01,36.77006755142672,30.0,21.071428571428573,False,LightGBM,30.132753264345926
2026-02-08,SKU046,2026-01-01,18.11701248448824,9.0,8.357142857142858,False,LightGBM,11.007146911679811
2026-02-08,SKU047,2026-01-01,32.06873821091337,12.0,13.892857142857142,False,LightGBM,16.17976045340791
2026-02-08,SKU048,2026-01-01,16.65896637616413,4.0,7.25,False,LightGBM,9.921073236872259
2026-02-08,SKU049,2026-01-01,36.37455355465496,20.0,22.392857142857142,False,LightGBM,29.958955686761122
2026-02-08,SKU050,2026-01-01,14.279323517553605,11.0,5.892857142857143,False,LightGBM,7.787781777997515
2026-02-09,SKU001,2026-01-01,28.1464919259941,12.0,12.607142857142858,False,LightGBM,14.96617194283878
2026-02-09,SKU002,2026-01-01,20.76934929896721,9.0,7.678571428571429,False,LightGBM,10.67403770179207
2026-02-09,SKU003,2026-01-01,11.505571393427289,7.0,4.535714285714286,False,LightGBM,5.8930965314852495
2026-02-09,SKU004,2026-01-01,9.549366752345174,1.0,4.714285714285714,False,LightGBM,5.087472325727711
2026-02-09,SKU005,2026-01-01,30.751777229232612,17.0,14.714285714285714,False,LightGBM,18.64783089630934
2026-02-09,SKU006,2026-01-01,13.644992666493366,6.0,5.892857142857143,False,LightGBM,7.210071085599665
2026-02-09,SKU007,2026-01-01,34.55889234389425,21.0,22.142857142857142,False,LightGBM,23.69899703726484
2026-02-09,SKU008,2026-01-01,31.618965878923404,13.0,14.535714285714286,False,LightGBM,16.852703857688308
2026-02-09,SKU009,2026-01-01,20.802160547290427,9.0,10.75,False,LightGBM,11.401508841848019
2026-02-09,SKU010,2026-01-01,32.59575522601331,18.0,15.714285714285714,False,LightGBM,17.913360485850365
2026-02-09,SKU011,2026-01-01,4.989628554595236,1.0,2.5,False,LightGBM,2.784245930548371
2026-02-09,SKU012,2026-01-01,38.28716073307055,19.0,23.071428571428573,False,LightGBM,27.43810647280923
2026-02-09,SKU013,2026-01-01,26.345407050961814,7.0,12.571428571428571,False,LightGBM,14.2903658257668
2026-02-09,SKU014,2026-01-01,33.1038533080539,11.0,17.964285714285715,False,LightGBM,22.854131509338895
2026-02-09,SKU015,2026-01-01,8.651467711966667,2.0,3.5357142857142856,False,LightGBM,4.56456024300882
2026-02-09,SKU016,2026-01-01,25.877871857939198,10.0,12.214285714285714,False,LightGBM,14.452608502273451
2026-02-09,SKU017,2026-01-01,26.934705918222523,16.0,13.25,False,LightGBM,14.525583396869825
2026-02-09,SKU018,2026-01-01,34.27067853947208,21.0,22.428571428571427,False,LightGBM,24.61794102860805
2026-02-09,SKU019,2026-01-01,32.73713117643824,17.0,14.535714285714286,False,LightGBM,17.177716745186856
2026-02-09,SKU020,2026-01-01,23.79564643262225,15.0,12.285714285714286,False,LightGBM,13.98374342975488
2026-02-09,SKU021,2026-01-01,13.793796883454242,5.0,7.357142857142857,False,LightGBM,9.33878502192724
2026-02-09,SKU022,2026-01-01,20.524173005790388,1.0,9.571428571428571,False,LightGBM,10.958609256875581
2026-02-09,SKU023,2026-01-01,27.44632804792596,12.0,14.035714285714286,False,LightGBM,16.040664712028377
2026-02-09,SKU024,2026-01-01,25.119342629332856,9.0,11.035714285714286,False,LightGBM,12.75488602582267
2026-02-09,SKU025,2026-01-01,5.383855282627556,2.0,2.2857142857142856,False,LightGBM,2.85296991124977
2026-02-09,SKU026,2026-01-01,33.75318163703327,14.0,20.142857142857142,False,LightGBM,23.761496473325124
2026-02-09,SKU027,2026-01-01,35.65819322169149,21.0,23.035714285714285,False,LightGBM,26.76266074165058
2026-02-09,SKU028,2026-01-01,10.423662194810547,4.0,4.0,False,LightGBM,5.4812303663176625
2026-02-09,SKU029,2026-01-01,29.997587113540558,14.0,14.821428571428571,False,LightGBM,17.212331914138534
2026-02-09,SKU030,2026-01-01,9.558932037399643,4.0,4.25,False,LightGBM,5.12587593358709
2026-02-09,SKU031,2026-01-01,32.3729170868855,23.0,15.678571428571429,False,LightGBM,21.008616929797732
2026-02-09,SKU032,2026-01-01,16.2543763738235,7.0,8.428571428571429,False,LightGBM,10.205154283072222
2026-02-09,SKU033,2026-01-01,32.856545635811706,20.0,15.25,False,LightGBM,18.452911798988627
2026-02-09,SKU034,2026-01-01,32.700896479904706,16.0,17.571428571428573,False,LightGBM,20.77141924173092
2026-02-09,SKU035,2026-01-01,33.0426037335288,10.0,18.75,False,LightGBM,22.760769935187326
2026-02-09,SKU036,2026-01-01,9.629932547280136,4.0,4.392857142857143,False,LightGBM,5.0753611393678355
2026-02-09,SKU037,2026-01-01,35.568927935495424,19.0,20.75,False,LightGBM,24.853303072091627
2026-02-09,SKU038,2026-01-01,13.805766017905883,7.0,7.464285714285714,False,LightGBM,7.893556073348078
2026-02-09,SKU039,2026-01-01,6.004114459993009,3.0,2.4285714285714284,False,LightGBM,3.207350187879213
2026-02-09,SKU040,2026-01-01,27.62933369593375,10.0,13.0,False,LightGBM,15.848316881508193
2026-02-09,SKU041,2026-01-01,22.818738272549822,9.0,9.857142857142858,False,LightGBM,11.431284090144919
2026-02-09,SKU042,2026-01-01,32.52297706781726,21.0,21.214285714285715,False,LightGBM,23.677816381293365
2026-02-09,SKU043,2026-01-01,33.37464420985428,22.0,19.428571428571427,False,LightGBM,23.47744869846958
2026-02-09,SKU044,2026-01-01,18.140746017150615,9.0,7.964285714285714,False,LightGBM,10.28913381015409
2026-02-09,SKU045,2026-01-01,36.80337035614974,19.0,21.071428571428573,False,LightGBM,26.936010046327173
2026-02-09,SKU046,2026-01-01,18.456898771791884,9.0,8.357142857142858,False,LightGBM,10.319424720611128
2026-02-09,SKU047,2026-01-01,29.90912732226915,20.0,13.892857142857142,False,LightGBM,14.553812729253327
2026-02-09,SKU048,2026-01-01,15.181011084445016,7.0,7.25,False,LightGBM,8.780279056714013
2026-02-09,SKU049,2026-01-01,35.87490833902852,15.0,22.392857142857142,False,LightGBM,26.522176017708485
2026-02-09,SKU050,2026-01-01,12.854271570773795,10.0,5.892857142857143,False,LightGBM,6.933439316622764
2026-02-10,SKU001,2026-01-01,28.758212393039386,14.0,12.607142857142858,False,LightGBM,15.008377924649592
2026-02-10,SKU002,2026-01-01,20.686003368798808,10.0,7.678571428571429,False,LightGBM,10.612693131244553
2026-02-10,SKU003,2026-01-01,11.639358780856872,4.0,4.535714285714286,False,LightGBM,5.959570478991534
2026-02-10,SKU004,2026-01-01,9.637768903986277,3.0,4.714285714285714,False,LightGBM,5.0966953517397915
2026-02-10,SKU005,2026-01-01,31.409731826515927,16.0,14.714285714285714,False,LightGBM,18.80236978933924
2026-02-10,SKU006,2026-01-01,13.617305068064255,6.0,5.892857142857143,False,LightGBM,7.202199016766519
2026-02-10,SKU007,2026-01-01,34.41467416439625,30.0,22.142857142857142,False,LightGBM,23.791237218359058
2026-02-10,SKU008,2026-01-01,31.80912266318415,12.0,14.535714285714286,False,LightGBM,16.722808737842758
2026-02-10,SKU009,2026-01-01,20.732010950339077,5.0,10.75,False,LightGBM,11.469516331754319
2026-02-10,SKU010,2026-01-01,31.951530189135994,11.0,15.714285714285714,False,LightGBM,18.12200561010772
2026-02-10,SKU011,2026-01-01,5.002471781731254,0.0,2.5,False,LightGBM,2.7970891576843875
2026-02-10,SKU012,2026-01-01,36.52647378648869,26.0,23.071428571428573,False,LightGBM,27.496424342527238
2026-02-10,SKU013,2026-01-01,27.01962447482391,9.0,12.571428571428571,False,LightGBM,14.283058259752663
2026-02-10,SKU014,2026-01-01,32.77712541010334,18.0,17.964285714285715,False,LightGBM,23.003417436360888
2026-02-10,SKU015,2026-01-01,9.202921921855651,1.0,3.5357142857142856,False,LightGBM,4.563248751532518
2026-02-10,SKU016,2026-01-01,25.638737970292834,15.0,12.214285714285714,False,LightGBM,14.25100136470572
2026-02-10,SKU017,2026-01-01,28.292333192108384,15.0,13.25,False,LightGBM,14.261916329741787
2026-02-10,SKU018,2026-01-01,34.024956702226525,11.0,22.428571428571427,False,LightGBM,24.83760887190774
2026-02-10,SKU019,2026-01-01,32.336402462490675,9.0,14.535714285714286,False,LightGBM,17.009255660830036
2026-02-10,SKU020,2026-01-01,23.901641636651483,11.0,12.285714285714286,False,LightGBM,13.910842857615942
2026-02-10,SKU021,2026-01-01,13.75267596497292,8.0,7.357142857142857,False,LightGBM,9.362798197413875
2026-02-10,SKU022,2026-01-01,21.16745817638909,7.0,9.571428571428571,False,LightGBM,11.049382190822577
2026-02-10,SKU023,2026-01-01,27.32222346804788,13.0,14.035714285714286,False,LightGBM,15.97539510796079
2026-02-10,SKU024,2026-01-01,24.9611195290401,9.0,11.035714285714286,False,LightGBM,12.607568829874243
2026-02-10,SKU025,2026-01-01,5.475150580036828,4.0,2.2857142857142856,False,LightGBM,2.897946156347598
2026-02-10,SKU026,2026-01-01,33.33567916856011,21.0,20.142857142857142,False,LightGBM,23.498553808470966
2026-02-10,SKU027,2026-01-01,35.336383903150136,23.0,23.035714285714285,False,LightGBM,26.186859024630394
2026-02-10,SKU028,2026-01-01,10.465248046644659,7.0,4.0,False,LightGBM,5.504608110942064
2026-02-10,SKU029,2026-01-01,29.906536331733516,14.0,14.821428571428571,False,LightGBM,17.029032589160206
2026-02-10,SKU030,2026-01-01,9.61368439021904,3.0,4.25,False,LightGBM,5.124564442110787
2026-02-10,SKU031,2026-01-01,32.3550600455831,12.0,15.678571428571429,False,LightGBM,20.75643144793216
2026-02-10,SKU032,2026-01-01,16.81666259664773,7.0,8.428571428571429,False,LightGBM,10.221990664273541
2026-02-10,SKU033,2026-01-01,32.84584853271048,16.0,15.25,False,LightGBM,18.310216992970343
2026-02-10,SKU034,2026-01-01,32.74647221047261,10.0,17.571428571428573,False,LightGBM,20.758387244594285
2026-02-10,SKU035,2026-01-01,32.07158762734365,16.0,18.75,False,LightGBM,23.02020382367226
2026-02-10,SKU036,2026-01-01,9.64779595545386,2.0,4.392857142857143,False,LightGBM,5.072375311808577
2026-02-10,SKU037,2026-01-01,35.15190791507748,23.0,20.75,False,LightGBM,24.831671778884825
2026-02-10,SKU038,2026-01-01,13.760449099134778,13.0,7.464285714285714,False,LightGBM,7.916786384254929
2026-02-10,SKU039,2026-01-01,6.158554713934662,6.0,2.4285714285714284,False,LightGBM,3.2273894232343086
2026-02-10,SKU040,2026-01-01,27.86345492520714,9.0,13.0,False,LightGBM,15.686005796939432
2026-02-10,SKU041,2026-01-01,22.92174800080292,11.0,9.857142857142858,False,LightGBM,11.424884276637169
2026-02-10,SKU042,2026-01-01,32.52015689887576,19.0,21.214285714285715,False,LightGBM,23.680274750602866
2026-02-10,SKU043,2026-01-01,32.876370538114145,23.0,19.428571428571427,False,LightGBM,23.351259133615763
2026-02-10,SKU044,2026-01-01,18.23404394699344,5.0,7.964285714285714,False,LightGBM,10.321039547416708
2026-02-10,SKU045,2026-01-01,36.505060082154124,20.0,21.071428571428573,False,LightGBM,26.944300050014196
2026-02-10,SKU046,2026-01-01,18.547515651562573,3.0,8.357142857142858,False,LightGBM,10.31155265177798
2026-02-10,SKU047,2026-01-01,29.75188063294528,15.0,13.892857142857142,False,LightGBM,14.431744920453266
2026-02-10,SKU048,2026-01-01,15.98983230279456,7.0,7.25,False,LightGBM,8.811270156527652
2026-02-10,SKU049,2026-01-01,35.51948687032174,16.0,22.392857142857142,False,LightGBM,26.303871162729937
2026-02-10,SKU050,2026-01-01,12.736307756515151,8.0,5.892857142857143,False,LightGBM,7.0287261453293395
2026-02-11,SKU001,2026-01-01,28.974641099513278,11.0,12.607142857142858,False,LightGBM,15.460013404493061
2026-02-11,SKU002,2026-01-01,20.789410580783738,8.0,7.678571428571429,False,LightGBM,10.744636551431956
2026-02-11,SKU003,2026-01-01,11.638544865411054,6.0,4.535714285714286,False,LightGBM,6.05107104283884
2026-02-11,SKU004,2026-01-01,9.61185598622858,2.0,4.714285714285714,False,LightGBM,5.070782433982096
2026-02-11,SKU005,2026-01-01,31.577629384399863,17.0,14.714285714285714,False,LightGBM,18.849921882439396
2026-02-11,SKU006,2026-01-01,13.644564965031948,8.0,5.892857142857143,False,LightGBM,7.314372419199367
2026-02-11,SKU007,2026-01-01,34.546106996073256,17.0,22.142857142857142,False,LightGBM,24.16046254459485
2026-02-11,SKU008,2026-01-01,31.67448195254425,11.0,14.535714285714286,False,LightGBM,16.97120047744729
2026-02-11,SKU009,2026-01-01,21.237404078034157,7.0,10.75,False,LightGBM,11.421106716324264
2026-02-11,SKU010,2026-01-01,32.54053728056894,18.0,15.714285714285714,False,LightGBM,18.10146392585718
2026-02-11,SKU011,2026-01-01,5.001098298620849,2.0,2.5,False,LightGBM,2.795715674573981
2026-02-11,SKU012,2026-01-01,38.104843895021595,26.0,23.071428571428573,False,LightGBM,28.078837698860127
2026-02-11,SKU013,2026-01-01,27.90575298735068,11.0,12.571428571428571,False,LightGBM,14.260707432074307
2026-02-11,SKU014,2026-01-01,32.67762248585624,22.0,17.964285714285715,False,LightGBM,23.002982041002074
2026-02-11,SKU015,2026-01-01,9.195900795845176,4.0,3.5357142857142856,False,LightGBM,4.54110776354098
2026-02-11,SKU016,2026-01-01,25.997299942817673,12.0,12.214285714285714,False,LightGBM,14.559383329504518
2026-02-11,SKU017,2026-01-01,28.4844876276816,6.0,13.25,False,LightGBM,14.367112718799266
2026-02-11,SKU018,2026-01-01,34.42666478464566,26.0,22.428571428571427,False,LightGBM,25.35730765207584
2026-02-11,SKU019,2026-01-01,32.43532869881456,14.0,14.535714285714286,False,LightGBM,16.758887901325735
2026-02-11,SKU020,2026-01-01,23.876089978893805,17.0,12.285714285714286,False,LightGBM,14.05827175178017
2026-02-11,SKU021,2026-01-01,13.82315861393004,6.0,7.357142857142857,False,LightGBM,9.377424104964431
2026-02-11,SKU022,2026-01-01,21.18643777540444,9.0,9.571428571428571,False,LightGBM,11.093159805509345
2026-02-11,SKU023,2026-01-01,27.999976375644874,14.0,14.035714285714286,False,LightGBM,15.998736687186339
2026-02-11,SKU024,2026-01-01,25.156185004133953,9.0,11.035714285714286,False,LightGBM,12.599700157682099
2026-02-11,SKU025,2026-01-01,5.4699202444770885,1.0,2.2857142857142856,False,LightGBM,2.8927158207878585
2026-02-11,SKU026,2026-01-01,33.51668943330356,20.0,20.142857142857142,False,LightGBM,23.425356696729693
2026-02-11,SKU027,2026-01-01,35.8966673845082,23.0,23.035714285714285,False,LightGBM,26.608527588333242
2026-02-11,SKU028,2026-01-01,10.505612954309541,3.0,4.0,False,LightGBM,5.491488996176481
2026-02-11,SKU029,2026-01-01,29.910895734338258,7.0,14.821428571428571,False,LightGBM,17.12405579412102
2026-02-11,SKU030,2026-01-01,9.695966853064284,7.0,4.25,False,LightGBM,5.102902625685358
2026-02-11,SKU031,2026-01-01,32.4866708767955,15.0,15.678571428571429,False,LightGBM,20.59465052353798
2026-02-11,SKU032,2026-01-01,17.307985614871935,12.0,8.428571428571429,False,LightGBM,10.220617181163133
2026-02-11,SKU033,2026-01-01,33.027493284611396,6.0,15.25,False,LightGBM,18.183696524125015
2026-02-11,SKU034,2026-01-01,32.46901465993972,16.0,17.571428571428573,False,LightGBM,20.4519177690102
2026-02-11,SKU035,2026-01-01,32.5201878446919,14.0,18.75,False,LightGBM,22.61776818258852
2026-02-11,SKU036,2026-01-01,9.925146869998725,3.0,4.392857142857143,False,LightGBM,5.074412440649226
2026-02-11,SKU037,2026-01-01,35.37133052629543,17.0,20.75,False,LightGBM,25.49322476016803
2026-02-11,SKU038,2026-01-01,13.869216863089429,11.0,7.464285714285714,False,LightGBM,7.965313754961498
2026-02-11,SKU039,2026-01-01,6.201695724267107,3.0,2.4285714285714284,False,LightGBM,3.1877308251263723
2026-02-11,SKU040,2026-01-01,28.167365503749927,13.0,13.0,False,LightGBM,15.66562728465079
2026-02-11,SKU041,2026-01-01,22.862037502738296,5.0,9.857142857142858,False,LightGBM,11.339319565561254
2026-02-11,SKU042,2026-01-01,32.58089928890427,17.0,21.214285714285715,False,LightGBM,23.461702190719254
2026-02-11,SKU043,2026-01-01,33.38266328421013,30.0,19.428571428571427,False,LightGBM,23.35837452735781
2026-02-11,SKU044,2026-01-01,18.668258929966935,5.0,7.964285714285714,False,LightGBM,10.387315686316846
2026-02-11,SKU045,2026-01-01,37.08205934284262,20.0,21.071428571428573,False,LightGBM,28.092302708717504
2026-02-11,SKU046,2026-01-01,18.36023126868078,5.0,8.357142857142858,False,LightGBM,10.162794198999322
2026-02-11,SKU047,2026-01-01,30.10834604913383,6.0,13.892857142857142,False,LightGBM,14.801700243268545
2026-02-11,SKU048,2026-01-01,15.827535204455803,7.0,7.25,False,LightGBM,8.83972895580751
2026-02-11,SKU049,2026-01-01,35.87105515577369,16.0,22.392857142857142,False,LightGBM,26.71987824307143
2026-02-11,SKU050,2026-01-01,13.016823682088171,9.0,5.892857142857143,False,LightGBM,6.968457452748294
2026-02-12,SKU001,2026-01-01,29.69061676417793,10.0,12.607142857142858,False,LightGBM,15.558007803954306
2026-02-12,SKU002,2026-01-01,21.05675897997842,7.0,7.678571428571429,False,LightGBM,10.873808700553969
2026-02-12,SKU003,2026-01-01,11.676427636841899,4.0,4.535714285714286,False,LightGBM,6.064818785938019
2026-02-12,SKU004,2026-01-01,9.659149948925538,3.0,4.714285714285714,False,LightGBM,5.082935650406113
2026-02-12,SKU005,2026-01-01,31.97544840204075,18.0,14.714285714285714,False,LightGBM,18.997455206088993
2026-02-12,SKU006,2026-01-01,14.339015375511133,5.0,5.892857142857143,False,LightGBM,7.323656721068638
2026-02-12,SKU007,2026-01-01,34.52967022532948,21.0,22.142857142857142,False,LightGBM,24.193677181844496
2026-02-12,SKU008,2026-01-01,31.0327529238605,14.0,14.535714285714286,False,LightGBM,17.395300638710534
2026-02-12,SKU009,2026-01-01,21.591697779354245,9.0,10.75,False,LightGBM,11.544664480465675
2026-02-12,SKU010,2026-01-01,31.522745229343315,11.0,15.714285714285714,False,LightGBM,18.365791880868105
2026-02-12,SKU011,2026-01-01,5.033321640671114,5.0,2.5,False,LightGBM,2.827939016624249
2026-02-12,SKU012,2026-01-01,38.04179545736238,28.0,23.071428571428573,False,LightGBM,28.48098265504122
2026-02-12,SKU013,2026-01-01,27.982841465753907,7.0,12.571428571428571,False,LightGBM,14.401965770332204
2026-02-12,SKU014,2026-01-01,32.98417929015193,12.0,17.964285714285715,False,LightGBM,23.01953109133836
2026-02-12,SKU015,2026-01-01,9.283605726825703,4.0,3.5357142857142856,False,LightGBM,4.615736146190463
2026-02-12,SKU016,2026-01-01,27.35459488472453,18.0,12.214285714285714,False,LightGBM,14.6605314539648
2026-02-12,SKU017,2026-01-01,29.10140782032938,14.0,13.25,False,LightGBM,14.508313496898435
2026-02-12,SKU018,2026-01-01,34.320141434303004,21.0,22.428571428571427,False,LightGBM,25.52851604022574
2026-02-12,SKU019,2026-01-01,32.359826853715205,13.0,14.535714285714286,False,LightGBM,16.83514760331606
2026-02-12,SKU020,2026-01-01,23.55514785041003,14.0,12.285714285714286,False,LightGBM,14.244226920859054
2026-02-12,SKU021,2026-01-01,13.951033314921693,4.0,7.357142857142857,False,LightGBM,9.400594125160207
2026-02-12,SKU022,2026-01-01,21.653587891163454,11.0,9.571428571428571,False,LightGBM,11.223802008107079
2026-02-12,SKU023,2026-01-01,28.06580843283528,12.0,14.035714285714286,False,LightGBM,16.052759052187206
2026-02-12,SKU024,2026-01-01,25.924396660639967,13.0,11.035714285714286,False,LightGBM,12.797118125952487
2026-02-12,SKU025,2026-01-01,5.892646955049879,3.0,2.2857142857142856,False,LightGBM,2.928129434752486
2026-02-12,SKU026,2026-01-01,33.4802478135739,15.0,20.142857142857142,False,LightGBM,23.477845017097668
2026-02-12,SKU027,2026-01-01,35.73483747435949,16.0,23.035714285714285,False,LightGBM,26.01539220686031
2026-02-12,SKU028,2026-01-01,10.978914752843139,6.0,4.0,False,LightGBM,5.512381257546567
2026-02-12,SKU029,2026-01-01,30.039408984241334,10.0,14.821428571428571,False,LightGBM,17.50589516929406
2026-02-12,SKU030,2026-01-01,10.135169035494656,1.0,4.25,False,LightGBM,5.137850424505547
2026-02-12,SKU031,2026-01-01,32.63491095967332,13.0,15.678571428571429,False,LightGBM,20.72932744714477
2026-02-12,SKU032,2026-01-01,17.77475904356078,8.0,8.428571428571429,False,LightGBM,10.377259635270608
2026-02-12,SKU033,2026-01-01,32.63013859640249,15.0,15.25,False,LightGBM,18.21080543220166
2026-02-12,SKU034,2026-01-01,32.11301220888383,16.0,17.571428571428573,False,LightGBM,20.822638555099154
2026-02-12,SKU035,2026-01-01,32.411119469616885,23.0,18.75,False,LightGBM,22.94004969782301
2026-02-12,SKU036,2026-01-01,10.307434728684806,2.0,4.392857142857143,False,LightGBM,5.081749146765286
2026-02-12,SKU037,2026-01-01,35.33131525612381,23.0,20.75,False,LightGBM,25.674384975733847
2026-02-12,SKU038,2026-01-01,14.046304771695066,4.0,7.464285714285714,False,LightGBM,8.036395202005252
2026-02-12,SKU039,2026-01-01,6.223688777841808,6.0,2.4285714285714284,False,LightGBM,3.216734659095884
2026-02-12,SKU040,2026-01-01,29.306292936952996,5.0,13.0,False,LightGBM,15.983698521235864
2026-02-12,SKU041,2026-01-01,23.17776153197081,12.0,9.857142857142858,False,LightGBM,11.39709037956415
2026-02-12,SKU042,2026-01-01,32.52245411130129,21.0,21.214285714285715,False,LightGBM,23.761479758896414
2026-02-12,SKU043,2026-01-01,33.192624310076475,24.0,19.428571428571427,False,LightGBM,23.984343044529155
2026-02-12,SKU044,2026-01-01,19.7849814460256,10.0,7.964285714285714,False,LightGBM,10.483631187616979
2026-02-12,SKU045,2026-01-01,36.21010635093672,28.0,21.071428571428573,False,LightGBM,28.088414519386607
2026-02-12,SKU046,2026-01-01,18.978148943336166,5.0,8.357142857142858,False,LightGBM,10.219729219537115
2026-02-12,SKU047,2026-01-01,30.66485348875979,9.0,13.892857142857142,False,LightGBM,14.855908852392554
2026-02-12,SKU048,2026-01-01,16.149574322579713,4.0,7.25,False,LightGBM,8.911119247729845
2026-02-12,SKU049,2026-01-01,35.5408897167334,24.0,22.392857142857142,False,LightGBM,27.010659296077478
2026-02-12,SKU050,2026-01-01,13.074031601638309,8.0,5.892857142857143,False,LightGBM,6.873228010571211
2026-02-13,SKU001,2026-01-01,29.648463741456272,13.0,12.607142857142858,False,LightGBM,15.429753957147103
2026-02-13,SKU002,2026-01-01,21.143588682576457,6.0,7.678571428571429,False,LightGBM,10.793395994764547
2026-02-13,SKU003,2026-01-01,11.660116997531377,6.0,4.535714285714286,False,LightGBM,5.9619058918395975
2026-02-13,SKU004,2026-01-01,9.61508425205016,2.0,4.714285714285714,False,LightGBM,4.965178372842232
2026-02-13,SKU005,2026-01-01,31.50145866092563,8.0,14.714285714285714,False,LightGBM,18.650698393699017
2026-02-13,SKU006,2026-01-01,14.288123326902234,4.0,5.892857142857143,False,LightGBM,7.197835165616188
2026-02-13,SKU007,2026-01-01,33.70913490935429,13.0,22.142857142857142,False,LightGBM,24.343797248387936
2026-02-13,SKU008,2026-01-01,31.185168144986193,17.0,14.535714285714286,False,LightGBM,17.159600223465265
2026-02-13,SKU009,2026-01-01,21.777762762878233,13.0,10.75,False,LightGBM,11.482290417422577
2026-02-13,SKU010,2026-01-01,31.630155468233575,13.0,15.714285714285714,False,LightGBM,18.364601047673506
2026-02-13,SKU011,2026-01-01,5.123753537428395,5.0,2.5,False,LightGBM,2.8470617066694413
2026-02-13,SKU012,2026-01-01,38.031470507355984,21.0,23.071428571428573,False,LightGBM,28.782012220850326
2026-02-13,SKU013,2026-01-01,28.674340352581833,7.0,12.571428571428571,False,LightGBM,14.260956533415246
2026-02-13,SKU014,2026-01-01,32.62582912619844,16.0,17.964285714285715,False,LightGBM,22.436678296708568
2026-02-13,SKU015,2026-01-01,9.215979199197774,6.0,3.5357142857142856,False,LightGBM,4.480280701728221
2026-02-13,SKU016,2026-01-01,28.646326026502244,14.0,12.214285714285714,False,LightGBM,14.522194100461606
2026-02-13,SKU017,2026-01-01,29.911927761909094,14.0,13.25,False,LightGBM,14.396219459521813
2026-02-13,SKU018,2026-01-01,34.45916608944393,19.0,22.428571428571427,False,LightGBM,25.560858346068507
2026-02-13,SKU019,2026-01-01,32.38605682731592,16.0,14.535714285714286,False,LightGBM,16.791569881923355
2026-02-13,SKU020,2026-01-01,24.31606110347431,18.0,12.285714285714286,False,LightGBM,14.228538378295319
2026-02-13,SKU021,2026-01-01,13.948207705508262,8.0,7.357142857142857,False,LightGBM,9.29655338323181
2026-02-13,SKU022,2026-01-01,21.86861372111804,10.0,9.571428571428571,False,LightGBM,11.294090266213635
2026-02-13,SKU023,2026-01-01,28.98528509303817,15.0,14.035714285714286,False,LightGBM,15.979931873770107
2026-02-13,SKU024,2026-01-01,26.758345672415853,9.0,11.035714285714286,False,LightGBM,12.706911179835757
2026-02-13,SKU025,2026-01-01,5.871580797019989,1.0,2.2857142857142856,False,LightGBM,2.877924938861126
2026-02-13,SKU026,2026-01-01,33.37372527388407,17.0,20.142857142857142,False,LightGBM,22.889405868755507
2026-02-13,SKU027,2026-01-01,35.60451897169486,19.0,23.035714285714285,False,LightGBM,25.653628971009518
2026-02-13,SKU028,2026-01-01,11.048353849801527,5.0,4.0,False,LightGBM,5.5370969503078245
2026-02-13,SKU029,2026-01-01,30.742867642881965,12.0,14.821428571428571,False,LightGBM,17.386601829807425
2026-02-13,SKU030,2026-01-01,10.358919331729412,5.0,4.25,False,LightGBM,5.072892116744986
2026-02-13,SKU031,2026-01-01,32.32615448962587,14.0,15.678571428571429,False,LightGBM,20.456171963940115
2026-02-13,SKU032,2026-01-01,17.934913592344444,6.0,8.428571428571429,False,LightGBM,10.171239457675588
2026-02-13,SKU033,2026-01-01,32.66632541015159,15.0,15.25,False,LightGBM,17.7845811842823
2026-02-13,SKU034,2026-01-01,32.01994168621363,18.0,17.571428571428573,False,LightGBM,20.294335808390915
2026-02-13,SKU035,2026-01-01,31.933761860160786,20.0,18.75,False,LightGBM,22.35910981126297
2026-02-13,SKU036,2026-01-01,10.301621412524252,6.0,4.392857142857143,False,LightGBM,5.00810691377042
2026-02-13,SKU037,2026-01-01,35.01603167674562,23.0,20.75,False,LightGBM,26.16524236722449
2026-02-13,SKU038,2026-01-01,14.101438261739403,7.0,7.464285714285714,False,LightGBM,8.01972659598803
2026-02-13,SKU039,2026-01-01,6.205229531544023,2.0,2.4285714285714284,False,LightGBM,3.130446495963788
2026-02-13,SKU040,2026-01-01,29.485915522278013,7.0,13.0,False,LightGBM,16.09318789523005
2026-02-13,SKU041,2026-01-01,22.80590970116149,10.0,9.857142857142858,False,LightGBM,11.385571124603995
2026-02-13,SKU042,2026-01-01,32.45754778586238,26.0,21.214285714285715,False,LightGBM,24.101498986988002
2026-02-13,SKU043,2026-01-01,33.190437572366186,16.0,19.428571428571427,False,LightGBM,23.834942843126456
2026-02-13,SKU044,2026-01-01,20.134013247284432,10.0,7.964285714285714,False,LightGBM,10.58641110995263
2026-02-13,SKU045,2026-01-01,37.6779174557802,24.0,21.071428571428573,False,LightGBM,28.919400093626916
2026-02-13,SKU046,2026-01-01,20.003212188995544,9.0,8.357142857142858,False,LightGBM,10.087382634406248
2026-02-13,SKU047,2026-01-01,30.98212409055792,16.0,13.892857142857142,False,LightGBM,14.823707068353542
2026-02-13,SKU048,2026-01-01,17.074168454433497,5.0,7.25,False,LightGBM,8.85060030077271
2026-02-13,SKU049,2026-01-01,35.55502132735415,27.0,22.392857142857142,False,LightGBM,27.16978080472864
2026-02-13,SKU050,2026-01-01,13.03193310609734,7.0,5.892857142857143,False,LightGBM,6.858976819830623
2026-02-14,SKU001,2026-01-01,32.027400111738196,8.0,12.607142857142858,False,LightGBM,17.255197198749432
2026-02-14,SKU002,2026-01-01,21.959656015388063,9.0,7.678571428571429,False,LightGBM,12.14426305489122
2026-02-14,SKU003,2026-01-01,13.222495342945528,9.0,4.535714285714286,False,LightGBM,6.789747199447933
2026-02-14,SKU004,2026-01-01,11.166952973447607,3.0,4.714285714285714,False,LightGBM,5.566129226291753
2026-02-14,SKU005,2026-01-01,33.828903007281,18.0,14.714285714285714,False,LightGBM,20.160419887673548
2026-02-14,SKU006,2026-01-01,15.92266227987808,8.0,5.892857142857143,False,LightGBM,7.924709243469434
2026-02-14,SKU007,2026-01-01,37.06223526431046,23.0,22.142857142857142,False,LightGBM,28.426789104343634
2026-02-14,SKU008,2026-01-01,33.057249256345784,13.0,14.535714285714286,False,LightGBM,18.91177304609649
2026-02-14,SKU009,2026-01-01,22.943464723714893,11.0,10.75,False,LightGBM,13.197772969017299
2026-02-14,SKU010,2026-01-01,33.05453828297622,19.0,15.714285714285714,False,LightGBM,20.084758601550543
2026-02-14,SKU011,2026-01-01,5.524404042821526,3.0,2.5,False,LightGBM,3.1636869601024
2026-02-14,SKU012,2026-01-01,38.477512455435466,16.0,23.071428571428573,False,LightGBM,31.88212985282156
2026-02-14,SKU013,2026-01-01,30.899274482286724,17.0,12.571428571428571,False,LightGBM,15.872897046341018
2026-02-14,SKU014,2026-01-01,34.3563916210717,20.0,17.964285714285715,False,LightGBM,25.255649757813085
2026-02-14,SKU015,2026-01-01,10.391654555002233,3.0,3.5357142857142856,False,LightGBM,4.9449883588829655
2026-02-14,SKU016,2026-01-01,30.61597801640129,13.0,12.214285714285714,False,LightGBM,16.0052727545686
2026-02-14,SKU017,2026-01-01,31.708171145924602,13.0,13.25,False,LightGBM,15.98804014433013
2026-02-14,SKU018,2026-01-01,36.288210268056524,20.0,22.428571428571427,False,LightGBM,29.909635160529223
2026-02-14,SKU019,2026-01-01,33.86742073286371,11.0,14.535714285714286,False,LightGBM,18.79851138255507
2026-02-14,SKU020,2026-01-01,25.879861666956767,13.0,12.285714285714286,False,LightGBM,15.412087081044872
2026-02-14,SKU021,2026-01-01,15.83340131509647,6.0,7.357142857142857,False,LightGBM,10.572609065390077
2026-02-14,SKU022,2026-01-01,22.86121081809302,17.0,9.571428571428571,False,LightGBM,12.738272174503631
2026-02-14,SKU023,2026-01-01,30.899960631740697,17.0,14.035714285714286,False,LightGBM,17.703492543872844
2026-02-14,SKU024,2026-01-01,28.74803108730251,14.0,11.035714285714286,False,LightGBM,14.727431480101005
2026-02-14,SKU025,2026-01-01,6.516498426312472,5.0,2.2857142857142856,False,LightGBM,3.2061556364288273
2026-02-14,SKU026,2026-01-01,35.636819179378115,16.0,20.142857142857142,False,LightGBM,27.801854745588045
2026-02-14,SKU027,2026-01-01,38.09259078762901,21.0,23.035714285714285,False,LightGBM,29.57464552692736
2026-02-14,SKU028,2026-01-01,12.685832993988369,4.0,4.0,False,LightGBM,6.121267324367631
2026-02-14,SKU029,2026-01-01,32.54717183595529,17.0,14.821428571428571,False,LightGBM,18.636239268454933
2026-02-14,SKU030,2026-01-01,11.746902919398723,6.0,4.25,False,LightGBM,5.762474047251865
2026-02-14,SKU031,2026-01-01,34.41119267316088,20.0,15.678571428571429,False,LightGBM,22.500359974030566
2026-02-14,SKU032,2026-01-01,19.304108730435125,12.0,8.428571428571429,False,LightGBM,11.38620418725655
2026-02-14,SKU033,2026-01-01,34.410820763048946,17.0,15.25,False,LightGBM,20.653177603741945
2026-02-14,SKU034,2026-01-01,34.07826821695789,18.0,17.571428571428573,False,LightGBM,22.641635999114158
2026-02-14,SKU035,2026-01-01,34.36477377572205,16.0,18.75,False,LightGBM,25.345308621325458
2026-02-14,SKU036,2026-01-01,11.862569068370151,4.0,4.392857142857143,False,LightGBM,5.651518665235706
2026-02-14,SKU037,2026-01-01,36.38283867199415,20.0,20.75,False,LightGBM,29.527397841688234
2026-02-14,SKU038,2026-01-01,15.992156420438072,8.0,7.464285714285714,False,LightGBM,8.881078625558757
2026-02-14,SKU039,2026-01-01,6.79333991897272,1.0,2.4285714285714284,False,LightGBM,3.4221586057447406
2026-02-14,SKU040,2026-01-01,31.0279540236005,8.0,13.0,False,LightGBM,18.040049897332477
2026-02-14,SKU041,2026-01-01,23.734572693230305,14.0,9.857142857142858,False,LightGBM,12.991037910749442
2026-02-14,SKU042,2026-01-01,33.65394914247875,17.0,21.214285714285715,False,LightGBM,27.306996906230548
2026-02-14,SKU043,2026-01-01,35.577422064768484,30.0,19.428571428571427,False,LightGBM,27.967263647929386
2026-02-14,SKU044,2026-01-01,21.262454484762415,8.0,7.964285714285714,False,LightGBM,11.792311676447405
2026-02-14,SKU045,2026-01-01,38.26965224927428,23.0,21.071428571428573,False,LightGBM,31.008610592011294
2026-02-14,SKU046,2026-01-01,20.710567925212636,9.0,8.357142857142858,False,LightGBM,11.124424740729529
2026-02-14,SKU047,2026-01-01,33.03041446012867,15.0,13.892857142857142,False,LightGBM,16.361855684392143
2026-02-14,SKU048,2026-01-01,18.73540411226959,6.0,7.25,False,LightGBM,10.136888545812567
2026-02-14,SKU049,2026-01-01,37.672027142939214,32.0,22.392857142857142,False,LightGBM,29.987458949263907
2026-02-14,SKU050,2026-01-01,14.98636947583845,7.0,5.892857142857143,False,LightGBM,7.613814118727094
2026-02-15,SKU001,2026-01-01,32.47016038916727,9.0,12.607142857142858,False,LightGBM,17.391445111537085
2026-02-15,SKU002,2026-01-01,22.137732540396023,10.0,7.678571428571429,False,LightGBM,12.203255262957894
2026-02-15,SKU003,2026-01-01,13.210251262354124,4.0,4.535714285714286,False,LightGBM,6.706971277111417
2026-02-15,SKU004,2026-01-01,11.23185815601908,7.0,4.714285714285714,False,LightGBM,5.517770120162422
2026-02-15,SKU005,2026-01-01,34.13140227859102,16.0,14.714285714285714,False,LightGBM,20.34127999476976
2026-02-15,SKU006,2026-01-01,15.865386826049452,5.0,5.892857142857143,False,LightGBM,8.017530492529403
2026-02-15,SKU007,2026-01-01,35.70647238060279,29.0,22.142857142857142,False,LightGBM,28.39170137575635
2026-02-15,SKU008,2026-01-01,33.80859339907417,23.0,14.535714285714286,False,LightGBM,19.084528901829444
2026-02-15,SKU009,2026-01-01,23.207501912979076,15.0,10.75,False,LightGBM,13.058844937267281
2026-02-15,SKU010,2026-01-01,33.09600072308715,16.0,15.714285714285714,False,LightGBM,20.00458113081562
2026-02-15,SKU011,2026-01-01,5.521781206417552,3.0,2.5,False,LightGBM,3.161064123698426
2026-02-15,SKU012,2026-01-01,39.01023482425474,25.0,23.071428571428573,False,LightGBM,31.610331668899615
2026-02-15,SKU013,2026-01-01,31.716551590428054,12.0,12.571428571428571,False,LightGBM,15.988092997563013
2026-02-15,SKU014,2026-01-01,34.736117702949365,18.0,17.964285714285715,False,LightGBM,25.51078778555847
2026-02-15,SKU015,2026-01-01,10.49818410627289,5.0,3.5357142857142856,False,LightGBM,4.956134450342045
2026-02-15,SKU016,2026-01-01,31.067010182455064,16.0,12.214285714285714,False,LightGBM,16.54929952431003
2026-02-15,SKU017,2026-01-01,32.145959850935064,21.0,13.25,False,LightGBM,15.99092024951883
2026-02-15,SKU018,2026-01-01,36.56567110178719,28.0,22.428571428571427,False,LightGBM,30.106799699686892
2026-02-15,SKU019,2026-01-01,34.22260289032567,18.0,14.535714285714286,False,LightGBM,18.96968417841165
2026-02-15,SKU020,2026-01-01,26.97432793803826,11.0,12.285714285714286,False,LightGBM,15.320171648965788
2026-02-15,SKU021,2026-01-01,15.805644003050997,11.0,7.357142857142857,False,LightGBM,10.44543671920099
2026-02-15,SKU022,2026-01-01,23.171439256875313,11.0,9.571428571428571,False,LightGBM,12.556207329827206
2026-02-15,SKU023,2026-01-01,31.610167498984467,7.0,14.035714285714286,False,LightGBM,17.597482558792475
2026-02-15,SKU024,2026-01-01,30.611097709164852,6.0,11.035714285714286,False,LightGBM,15.15700357641886
2026-02-15,SKU025,2026-01-01,6.515572487073352,2.0,2.2857142857142856,False,LightGBM,3.205229697189707
2026-02-15,SKU026,2026-01-01,35.330724904400604,26.0,20.142857142857142,False,LightGBM,28.384572472131293
2026-02-15,SKU027,2026-01-01,38.05638170225665,19.0,23.035714285714285,False,LightGBM,29.79532747169956
2026-02-15,SKU028,2026-01-01,12.679353265727672,1.0,4.0,False,LightGBM,6.126693917465287
2026-02-15,SKU029,2026-01-01,32.67364585405027,14.0,14.821428571428571,False,LightGBM,18.028363256173552
2026-02-15,SKU030,2026-01-01,11.799421188164134,4.0,4.25,False,LightGBM,5.730249503992252
2026-02-15,SKU031,2026-01-01,35.279086909240434,14.0,15.678571428571429,False,LightGBM,22.882272362694113
2026-02-15,SKU032,2026-01-01,19.986396443283745,11.0,8.428571428571429,False,LightGBM,11.254712417041144
2026-02-15,SKU033,2026-01-01,35.11314312003112,17.0,15.25,False,LightGBM,21.413900069920924
2026-02-15,SKU034,2026-01-01,34.10607947526328,24.0,17.571428571428573,False,LightGBM,22.758362785917328
2026-02-15,SKU035,2026-01-01,34.5820378375417,26.0,18.75,False,LightGBM,25.934582845446425
2026-02-15,SKU036,2026-01-01,11.866193524957417,6.0,4.392857142857143,False,LightGBM,5.616441266790469
2026-02-15,SKU037,2026-01-01,36.86929882138565,25.0,20.75,False,LightGBM,29.345459024477712
2026-02-15,SKU038,2026-01-01,16.072985786008964,10.0,7.464285714285714,False,LightGBM,8.891062128156609
2026-02-15,SKU039,2026-01-01,6.804486010431799,1.0,2.4285714285714284,False,LightGBM,3.4333046972038197
2026-02-15,SKU040,2026-01-01,32.457000399304206,6.0,13.0,False,LightGBM,18.44619641190161
2026-02-15,SKU041,2026-01-01,23.48639182130396,3.0,9.857142857142858,False,LightGBM,12.781479254971034
2026-02-15,SKU042,2026-01-01,33.93209815055818,23.0,21.214285714285715,False,LightGBM,27.61046387043289
2026-02-15,SKU043,2026-01-01,36.51444454288973,17.0,19.428571428571427,False,LightGBM,28.475243732592034
2026-02-15,SKU044,2026-01-01,21.143104986832782,11.0,7.964285714285714,False,LightGBM,11.756870982245129
2026-02-15,SKU045,2026-01-01,38.0286538600916,30.0,21.071428571428573,False,LightGBM,30.976760333408365
2026-02-15,SKU046,2026-01-01,21.280770252031452,9.0,8.357142857142858,False,LightGBM,11.294565820612869
2026-02-15,SKU047,2026-01-01,32.93968011499589,12.0,13.892857142857142,False,LightGBM,16.63034037950118
2026-02-15,SKU048,2026-01-01,19.22724518865942,4.0,7.25,False,LightGBM,10.116032172842994
2026-02-15,SKU049,2026-01-01,37.50548578331227,20.0,22.392857142857142,False,LightGBM,30.075715810103787
2026-02-15,SKU050,2026-01-01,14.869664328040512,11.0,5.892857142857143,False,LightGBM,7.633179500428149
2026-02-16,SKU001,2026-01-01,30.135333021895587,12.0,12.607142857142858,False,LightGBM,15.1944884591613
2026-02-16,SKU002,2026-01-01,21.39683591814411,9.0,7.678571428571429,False,LightGBM,10.698904629230931
2026-02-16,SKU003,2026-01-01,11.891262201780611,7.0,4.535714285714286,False,LightGBM,5.957526248894488
2026-02-16,SKU004,2026-01-01,10.10180980327142,1.0,4.714285714285714,False,LightGBM,4.827983887067164
2026-02-16,SKU005,2026-01-01,32.22251842641797,17.0,14.714285714285714,False,LightGBM,18.379907508751067
2026-02-16,SKU006,2026-01-01,13.963682076883247,6.0,5.892857142857143,False,LightGBM,7.255305162824701
2026-02-16,SKU007,2026-01-01,34.67213951030476,21.0,22.142857142857142,False,LightGBM,23.680601578614837
2026-02-16,SKU008,2026-01-01,31.21846130510225,13.0,14.535714285714286,False,LightGBM,16.576017754118933
2026-02-16,SKU009,2026-01-01,21.940256897886446,9.0,10.75,False,LightGBM,11.014915438242792
2026-02-16,SKU010,2026-01-01,31.779730721479446,18.0,15.714285714285714,False,LightGBM,18.19615785185221
2026-02-16,SKU011,2026-01-01,5.075433813753991,1.0,2.5,False,LightGBM,2.7738454173138236
2026-02-16,SKU012,2026-01-01,38.334746206108015,19.0,23.071428571428573,False,LightGBM,28.19146971158551
2026-02-16,SKU013,2026-01-01,29.593315482347887,7.0,12.571428571428571,False,LightGBM,13.97737898332506
2026-02-16,SKU014,2026-01-01,32.775280136810544,11.0,17.964285714285715,False,LightGBM,22.074795580103693
2026-02-16,SKU015,2026-01-01,9.220398992504798,2.0,3.5357142857142856,False,LightGBM,4.365618457807032
2026-02-16,SKU016,2026-01-01,29.415611822110964,10.0,12.214285714285714,False,LightGBM,14.677695301743654
2026-02-16,SKU017,2026-01-01,30.47239483790077,16.0,13.25,False,LightGBM,14.356221084715132
2026-02-16,SKU018,2026-01-01,34.09773176050474,21.0,22.428571428571427,False,LightGBM,25.18340057194512
2026-02-16,SKU019,2026-01-01,32.28285347368108,17.0,14.535714285714286,False,LightGBM,16.722752783605408
2026-02-16,SKU020,2026-01-01,25.226220749136353,15.0,12.285714285714286,False,LightGBM,13.80863527134425
2026-02-16,SKU021,2026-01-01,14.152667649460234,5.0,7.357142857142857,False,LightGBM,9.295959096018615
2026-02-16,SKU022,2026-01-01,21.940278432304105,1.0,9.571428571428571,False,LightGBM,10.79414324127321
2026-02-16,SKU023,2026-01-01,29.393589874143462,12.0,14.035714285714286,False,LightGBM,15.749961283123977
2026-02-16,SKU024,2026-01-01,28.982947971134617,9.0,11.035714285714286,False,LightGBM,12.929132664851723
2026-02-16,SKU025,2026-01-01,5.968592270424566,2.0,2.2857142857142856,False,LightGBM,2.7645970818618433
2026-02-16,SKU026,2026-01-01,33.248987466361186,14.0,20.142857142857142,False,LightGBM,22.601371854999364
2026-02-16,SKU027,2026-01-01,35.650467831933035,21.0,23.035714285714285,False,LightGBM,26.514399002879486
2026-02-16,SKU028,2026-01-01,11.52445888255671,4.0,4.0,False,LightGBM,5.520168395428824
2026-02-16,SKU029,2026-01-01,30.50145990499801,14.0,14.821428571428571,False,LightGBM,16.78908324153815
2026-02-16,SKU030,2026-01-01,10.716831755853821,4.0,4.25,False,LightGBM,5.046088212380107
2026-02-16,SKU031,2026-01-01,32.99143267399105,23.0,15.678571428571429,False,LightGBM,20.307016102718396
2026-02-16,SKU032,2026-01-01,19.577557211812067,7.0,8.428571428571429,False,LightGBM,9.996988321391651
2026-02-16,SKU033,2026-01-01,32.825344183783834,20.0,15.25,False,LightGBM,17.963542139676683
2026-02-16,SKU034,2026-01-01,32.35456282877518,16.0,17.571428571428573,False,LightGBM,19.622217228485678
2026-02-16,SKU035,2026-01-01,32.11558048465124,10.0,18.75,False,LightGBM,21.227074001119096
2026-02-16,SKU036,2026-01-01,10.706229029325355,4.0,4.392857142857143,False,LightGBM,4.9206082925073735
2026-02-16,SKU037,2026-01-01,35.52566461351576,19.0,20.75,False,LightGBM,25.33294552588734
2026-02-16,SKU038,2026-01-01,14.3294047962145,7.0,7.464285714285714,False,LightGBM,8.016150533384742
2026-02-16,SKU039,2026-01-01,6.374965429026744,3.0,2.4285714285714284,False,LightGBM,3.049385042319661
2026-02-16,SKU040,2026-01-01,30.103301428030477,10.0,13.0,False,LightGBM,16.227179555594994
2026-02-16,SKU041,2026-01-01,23.44268318002952,9.0,9.857142857142858,False,LightGBM,11.084759495907667
2026-02-16,SKU042,2026-01-01,31.935735911763516,21.0,21.214285714285715,False,LightGBM,23.364462058491576
2026-02-16,SKU043,2026-01-01,33.19935748890241,22.0,19.428571428571427,False,LightGBM,23.101885532557553
2026-02-16,SKU044,2026-01-01,20.077779688843435,9.0,7.964285714285714,False,LightGBM,10.290807131702088
2026-02-16,SKU045,2026-01-01,36.106566655869436,19.0,21.071428571428573,False,LightGBM,28.238973057021536
2026-02-16,SKU046,2026-01-01,20.359682769881775,9.0,8.357142857142858,False,LightGBM,10.014815491445145
2026-02-16,SKU047,2026-01-01,31.076243297392416,20.0,13.892857142857142,False,LightGBM,14.627521132997286
2026-02-16,SKU048,2026-01-01,18.04579514580108,7.0,7.25,False,LightGBM,8.896237379710945
2026-02-16,SKU049,2026-01-01,35.87682868344225,15.0,22.392857142857142,False,LightGBM,26.867435738981346
2026-02-16,SKU050,2026-01-01,12.946904022142206,10.0,5.892857142857143,False,LightGBM,6.867821128104224
2026-02-17,SKU001,2026-01-01,29.714009645438722,14.0,12.607142857142858,False,LightGBM,15.323010199678292
2026-02-17,SKU002,2026-01-01,21.398242736694087,10.0,7.678571428571429,False,LightGBM,10.604130915560328
2026-02-17,SKU003,2026-01-01,12.41897713998803,4.0,4.535714285714286,False,LightGBM,5.987279157119919
2026-02-17,SKU004,2026-01-01,10.133647251492897,3.0,4.714285714285714,False,LightGBM,4.853810468260784
2026-02-17,SKU005,2026-01-01,31.86873508252712,16.0,14.714285714285714,False,LightGBM,18.29657213408516
2026-02-17,SKU006,2026-01-01,14.64211737595815,6.0,5.892857142857143,False,LightGBM,7.254607249322047
2026-02-17,SKU007,2026-01-01,34.31588865889186,30.0,22.142857142857142,False,LightGBM,23.724903261240016
2026-02-17,SKU008,2026-01-01,30.798928125479428,12.0,14.535714285714286,False,LightGBM,16.400254273785585
2026-02-17,SKU009,2026-01-01,22.06924779544231,5.0,10.75,False,LightGBM,11.084897188476173
2026-02-17,SKU010,2026-01-01,31.504997756573374,11.0,15.714285714285714,False,LightGBM,18.24605967020806
2026-02-17,SKU011,2026-01-01,5.108815631540774,0.0,2.5,False,LightGBM,2.7880001359261435
2026-02-17,SKU012,2026-01-01,37.725736223385184,26.0,23.071428571428573,False,LightGBM,27.787653683251463
2026-02-17,SKU013,2026-01-01,30.014188783766343,9.0,12.571428571428571,False,LightGBM,13.9105733851076
2026-02-17,SKU014,2026-01-01,32.465778011045664,18.0,17.964285714285715,False,LightGBM,21.80401804618652
2026-02-17,SKU015,2026-01-01,9.28760518536874,1.0,3.5357142857142856,False,LightGBM,4.365618457807032
2026-02-17,SKU016,2026-01-01,29.20217278098669,15.0,12.214285714285714,False,LightGBM,14.525100747562497
2026-02-17,SKU017,2026-01-01,30.4868931556777,15.0,13.25,False,LightGBM,14.394218933343286
2026-02-17,SKU018,2026-01-01,33.88740218325898,11.0,22.428571428571427,False,LightGBM,25.111874617372848
2026-02-17,SKU019,2026-01-01,31.97524867229726,9.0,14.535714285714286,False,LightGBM,16.53765673859415
2026-02-17,SKU020,2026-01-01,25.214542747721566,11.0,12.285714285714286,False,LightGBM,13.73844450890403
2026-02-17,SKU021,2026-01-01,14.132670834522528,8.0,7.357142857142857,False,LightGBM,9.190231616918172
2026-02-17,SKU022,2026-01-01,22.892498652961564,7.0,9.571428571428571,False,LightGBM,10.848042943309675
2026-02-17,SKU023,2026-01-01,28.740628565233393,13.0,14.035714285714286,False,LightGBM,15.6994417330298
2026-02-17,SKU024,2026-01-01,28.323897656616523,9.0,11.035714285714286,False,LightGBM,12.735042582884828
2026-02-17,SKU025,2026-01-01,5.97959350030789,4.0,2.2857142857142856,False,LightGBM,2.776144183836586
2026-02-17,SKU026,2026-01-01,32.79262714530147,21.0,20.142857142857142,False,LightGBM,22.878722908564953
2026-02-17,SKU027,2026-01-01,35.142808947552844,23.0,23.035714285714285,False,LightGBM,25.89844765884036
2026-02-17,SKU028,2026-01-01,11.486615309245552,7.0,4.0,False,LightGBM,5.583631307106474
2026-02-17,SKU029,2026-01-01,30.40806582702966,14.0,14.821428571428571,False,LightGBM,16.6516735073642
2026-02-17,SKU030,2026-01-01,10.631638150275213,3.0,4.25,False,LightGBM,4.956139708551048
2026-02-17,SKU031,2026-01-01,32.624806586524564,12.0,15.678571428571429,False,LightGBM,20.488093272957986
2026-02-17,SKU032,2026-01-01,19.459106482399502,7.0,8.428571428571429,False,LightGBM,9.980395559469883
2026-02-17,SKU033,2026-01-01,32.45371176550509,16.0,15.25,False,LightGBM,18.05405996192763
2026-02-17,SKU034,2026-01-01,31.945237470394666,10.0,17.571428571428573,False,LightGBM,19.276871580211353
2026-02-17,SKU035,2026-01-01,31.93283136503331,16.0,18.75,False,LightGBM,21.221956361108994
2026-02-17,SKU036,2026-01-01,10.63881123448533,2.0,4.392857142857143,False,LightGBM,4.896748270189529
2026-02-17,SKU037,2026-01-01,35.09893578454825,23.0,20.75,False,LightGBM,25.179891488505625
2026-02-17,SKU038,2026-01-01,14.724692796582383,13.0,7.464285714285714,False,LightGBM,7.960846761370573
2026-02-17,SKU039,2026-01-01,6.7935431252680045,6.0,2.4285714285714284,False,LightGBM,3.3696187650906655
2026-02-17,SKU040,2026-01-01,29.820891091294488,9.0,13.0,False,LightGBM,15.92401654882357
2026-02-17,SKU041,2026-01-01,23.030911409939065,11.0,9.857142857142858,False,LightGBM,11.083400492443472
2026-02-17,SKU042,2026-01-01,31.796118811914877,19.0,21.214285714285715,False,LightGBM,23.04709010172559
2026-02-17,SKU043,2026-01-01,32.82672242079195,23.0,19.428571428571427,False,LightGBM,23.045561738181476
2026-02-17,SKU044,2026-01-01,20.07208980349204,5.0,7.964285714285714,False,LightGBM,10.297510083614617
2026-02-17,SKU045,2026-01-01,37.281120653269205,20.0,21.071428571428573,False,LightGBM,27.392380468520557
2026-02-17,SKU046,2026-01-01,20.06069928743744,3.0,8.357142857142858,False,LightGBM,9.979134712955448
2026-02-17,SKU047,2026-01-01,30.58696390605894,15.0,13.892857142857142,False,LightGBM,14.969228545403277
2026-02-17,SKU048,2026-01-01,18.521067944696078,7.0,7.25,False,LightGBM,8.842703296396508
2026-02-17,SKU049,2026-01-01,35.427321188413096,16.0,22.392857142857142,False,LightGBM,26.55555959249672
2026-02-17,SKU050,2026-01-01,12.864484388365112,8.0,5.892857142857143,False,LightGBM,6.820105992275395
2026-02-18,SKU001,2026-01-01,29.76604212986817,11.0,12.607142857142858,False,LightGBM,15.415251533755164
2026-02-18,SKU002,2026-01-01,21.34087194194084,8.0,7.678571428571429,False,LightGBM,10.619890859949326
2026-02-18,SKU003,2026-01-01,12.455177197990185,6.0,4.535714285714286,False,LightGBM,6.014426026645635
2026-02-18,SKU004,2026-01-01,10.20516680027428,2.0,4.714285714285714,False,LightGBM,4.855753447678439
2026-02-18,SKU005,2026-01-01,32.20738299298584,17.0,14.714285714285714,False,LightGBM,18.3766385634307
2026-02-18,SKU006,2026-01-01,15.524617942133048,8.0,5.892857142857143,False,LightGBM,7.274170712242572
2026-02-18,SKU007,2026-01-01,34.55632410705525,17.0,22.142857142857142,False,LightGBM,24.015723185778217
2026-02-18,SKU008,2026-01-01,31.331054818067503,11.0,14.535714285714286,False,LightGBM,16.500532508539944
2026-02-18,SKU009,2026-01-01,22.62570591886671,7.0,10.75,False,LightGBM,11.02784619567105
2026-02-18,SKU010,2026-01-01,31.590346544754702,18.0,15.714285714285714,False,LightGBM,18.24432256768327
2026-02-18,SKU011,2026-01-01,5.111262042028883,2.0,2.5,False,LightGBM,2.7914894986987946
2026-02-18,SKU012,2026-01-01,38.12820562801507,26.0,23.071428571428573,False,LightGBM,28.118764304641537
2026-02-18,SKU013,2026-01-01,30.007018199068973,11.0,12.571428571428571,False,LightGBM,14.18424774681385
2026-02-18,SKU014,2026-01-01,32.710123877672956,22.0,17.964285714285715,False,LightGBM,21.909224504289877
2026-02-18,SKU015,2026-01-01,9.260142438818276,4.0,3.5357142857142856,False,LightGBM,4.372518432530737
2026-02-18,SKU016,2026-01-01,30.055281078250484,12.0,12.214285714285714,False,LightGBM,14.61696378875584
2026-02-18,SKU017,2026-01-01,30.992503972133388,6.0,13.25,False,LightGBM,14.442518913828136
2026-02-18,SKU018,2026-01-01,34.342828713936726,26.0,22.428571428571427,False,LightGBM,25.41710853789039
2026-02-18,SKU019,2026-01-01,32.27614548623747,14.0,14.535714285714286,False,LightGBM,16.592559445521434
2026-02-18,SKU020,2026-01-01,25.950464217722207,17.0,12.285714285714286,False,LightGBM,13.782593279190676
2026-02-18,SKU021,2026-01-01,14.405371018467536,6.0,7.357142857142857,False,LightGBM,9.261434286129976
2026-02-18,SKU022,2026-01-01,22.77542232936354,9.0,9.571428571428571,False,LightGBM,10.87483119082494
2026-02-18,SKU023,2026-01-01,28.826392114001724,14.0,14.035714285714286,False,LightGBM,15.749387471382196
2026-02-18,SKU024,2026-01-01,29.503072103332684,9.0,11.035714285714286,False,LightGBM,12.757856235860585
2026-02-18,SKU025,2026-01-01,6.065882471520921,1.0,2.2857142857142856,False,LightGBM,2.779633546609237
2026-02-18,SKU026,2026-01-01,32.994861792029,20.0,20.142857142857142,False,LightGBM,22.631114422020808
2026-02-18,SKU027,2026-01-01,35.572158570738026,23.0,23.035714285714285,False,LightGBM,26.53196719409906
2026-02-18,SKU028,2026-01-01,11.440096020990428,3.0,4.0,False,LightGBM,5.580605864709904
2026-02-18,SKU029,2026-01-01,30.234392208930473,7.0,14.821428571428571,False,LightGBM,16.80678439416383
2026-02-18,SKU030,2026-01-01,10.959579185609586,7.0,4.25,False,LightGBM,4.9584896541632455
2026-02-18,SKU031,2026-01-01,32.818669692329145,15.0,15.678571428571429,False,LightGBM,20.460455890581176
2026-02-18,SKU032,2026-01-01,19.674724008337314,12.0,8.428571428571429,False,LightGBM,10.016648032609757
2026-02-18,SKU033,2026-01-01,33.188599401665336,6.0,15.25,False,LightGBM,18.11387375367291
2026-02-18,SKU034,2026-01-01,32.49391954522308,16.0,17.571428571428573,False,LightGBM,19.26812403141848
2026-02-18,SKU035,2026-01-01,32.03062740902358,14.0,18.75,False,LightGBM,21.183168280775277
2026-02-18,SKU036,2026-01-01,11.020209670376374,3.0,4.392857142857143,False,LightGBM,4.903648244913234
2026-02-18,SKU037,2026-01-01,35.364378604082766,17.0,20.75,False,LightGBM,25.57330780121124
2026-02-18,SKU038,2026-01-01,14.873134198787252,11.0,7.464285714285714,False,LightGBM,7.964336124143224
2026-02-18,SKU039,2026-01-01,6.797032488040656,3.0,2.4285714285714284,False,LightGBM,3.3731081278633166
2026-02-18,SKU040,2026-01-01,29.97767938954534,13.0,13.0,False,LightGBM,15.966606396879122
2026-02-18,SKU041,2026-01-01,22.955712650962678,5.0,9.857142857142858,False,LightGBM,11.070407489741948
2026-02-18,SKU042,2026-01-01,31.92995513949779,17.0,21.214285714285715,False,LightGBM,23.460090998953103
2026-02-18,SKU043,2026-01-01,33.37009998334647,30.0,19.428571428571427,False,LightGBM,23.489442582734274
2026-02-18,SKU044,2026-01-01,20.246242612125172,5.0,7.964285714285714,False,LightGBM,10.343983672407111
2026-02-18,SKU045,2026-01-01,37.526088048943464,20.0,21.071428571428573,False,LightGBM,27.885946645653682
2026-02-18,SKU046,2026-01-01,20.273217817601232,5.0,8.357142857142858,False,LightGBM,9.960298456571518
2026-02-18,SKU047,2026-01-01,30.86367759266088,6.0,13.892857142857142,False,LightGBM,15.045989318753149
2026-02-18,SKU048,2026-01-01,19.623534321169746,7.0,7.25,False,LightGBM,8.834456187935722
2026-02-18,SKU049,2026-01-01,35.613120611519385,16.0,22.392857142857142,False,LightGBM,27.628373546743365
2026-02-18,SKU050,2026-01-01,12.908379262316338,9.0,5.892857142857143,False,LightGBM,6.8027326763345615
2026-02-19,SKU001,2026-01-01,30.085737777192318,10.0,12.607142857142858,False,LightGBM,15.565847605245082
2026-02-19,SKU002,2026-01-01,21.730609963007723,7.0,7.678571428571429,False,LightGBM,11.174325441798198
2026-02-19,SKU003,2026-01-01,12.463886632742831,4.0,4.535714285714286,False,LightGBM,6.022899867891811
2026-02-19,SKU004,2026-01-01,10.721081513822995,3.0,4.714285714285714,False,LightGBM,4.89184418426796
2026-02-19,SKU005,2026-01-01,32.25174528432167,18.0,14.714285714285714,False,LightGBM,18.551372039750184
2026-02-19,SKU006,2026-01-01,15.41930645128924,5.0,5.892857142857143,False,LightGBM,7.313443654738903
2026-02-19,SKU007,2026-01-01,33.89875678178688,21.0,22.142857142857142,False,LightGBM,24.235936862829934
2026-02-19,SKU008,2026-01-01,31.15244640022428,14.0,14.535714285714286,False,LightGBM,16.91214979835307
2026-02-19,SKU009,2026-01-01,22.81143903724797,9.0,10.75,False,LightGBM,11.273086696112236
2026-02-19,SKU010,2026-01-01,31.554486670034553,11.0,15.714285714285714,False,LightGBM,18.439047345378857
2026-02-19,SKU011,2026-01-01,5.138211482226144,5.0,2.5,False,LightGBM,2.8184389388960587
2026-02-19,SKU012,2026-01-01,37.33781936226831,28.0,23.071428571428573,False,LightGBM,28.257303747298174
2026-02-19,SKU013,2026-01-01,29.925644244555667,7.0,12.571428571428571,False,LightGBM,14.41214068003973
2026-02-19,SKU014,2026-01-01,32.18393695229838,12.0,17.964285714285715,False,LightGBM,22.0088684085441
2026-02-19,SKU015,2026-01-01,9.411730700332212,4.0,3.5357142857142856,False,LightGBM,4.441872913327217
2026-02-19,SKU016,2026-01-01,30.007747404905864,18.0,12.214285714285714,False,LightGBM,14.864614445927652
2026-02-19,SKU017,2026-01-01,29.986997086611186,14.0,13.25,False,LightGBM,14.640136661490304
2026-02-19,SKU018,2026-01-01,34.24983541602054,21.0,22.428571428571427,False,LightGBM,25.928728259393225
2026-02-19,SKU019,2026-01-01,32.119256549036514,13.0,14.535714285714286,False,LightGBM,16.752873506600835
2026-02-19,SKU020,2026-01-01,26.477661079057942,14.0,12.285714285714286,False,LightGBM,13.996721697312609
2026-02-19,SKU021,2026-01-01,14.629334155034329,4.0,7.357142857142857,False,LightGBM,9.405225204570575
2026-02-19,SKU022,2026-01-01,22.65778470228145,11.0,9.571428571428571,False,LightGBM,11.033790769179742
2026-02-19,SKU023,2026-01-01,29.67475252782823,12.0,14.035714285714286,False,LightGBM,15.812894432499801
2026-02-19,SKU024,2026-01-01,30.029261720799536,13.0,11.035714285714286,False,LightGBM,13.033932166849903
2026-02-19,SKU025,2026-01-01,6.121721062387634,3.0,2.2857142857142856,False,LightGBM,2.8466616316504343
2026-02-19,SKU026,2026-01-01,33.01073238543967,15.0,20.142857142857142,False,LightGBM,23.31418021155974
2026-02-19,SKU027,2026-01-01,35.37720227674411,16.0,23.035714285714285,False,LightGBM,25.90715379799567
2026-02-19,SKU028,2026-01-01,11.512124828708828,6.0,4.0,False,LightGBM,5.627890931092342
2026-02-19,SKU029,2026-01-01,30.928893667966793,10.0,14.821428571428571,False,LightGBM,17.121791114582937
2026-02-19,SKU030,2026-01-01,11.178809440081015,1.0,4.25,False,LightGBM,5.101453956027481
2026-02-19,SKU031,2026-01-01,32.290421129243626,13.0,15.678571428571429,False,LightGBM,20.788221536815723
2026-02-19,SKU032,2026-01-01,19.913560886424694,8.0,8.428571428571429,False,LightGBM,10.251939883300826
2026-02-19,SKU033,2026-01-01,32.840674540498924,15.0,15.25,False,LightGBM,18.113126360315086
2026-02-19,SKU034,2026-01-01,32.27393810342266,16.0,17.571428571428573,False,LightGBM,19.623036869932434
2026-02-19,SKU035,2026-01-01,32.16939072791596,23.0,18.75,False,LightGBM,21.27410593952826
2026-02-19,SKU036,2026-01-01,11.157463039588617,2.0,4.392857142857143,False,LightGBM,5.0097266251815595
2026-02-19,SKU037,2026-01-01,35.32945004915176,23.0,20.75,False,LightGBM,25.847557614801296
2026-02-19,SKU038,2026-01-01,14.946486203762202,4.0,7.464285714285714,False,LightGBM,8.126628739397747
2026-02-19,SKU039,2026-01-01,6.922210110538566,6.0,2.4285714285714284,False,LightGBM,3.4337264329093977
2026-02-19,SKU040,2026-01-01,29.962748644378017,5.0,13.0,False,LightGBM,16.14671543884509
2026-02-19,SKU041,2026-01-01,23.382150062750128,12.0,9.857142857142858,False,LightGBM,11.18737836639041
2026-02-19,SKU042,2026-01-01,32.01425174445694,21.0,21.214285714285715,False,LightGBM,23.708422471976316
2026-02-19,SKU043,2026-01-01,33.39749682657654,24.0,19.428571428571427,False,LightGBM,23.763433750716015
2026-02-19,SKU044,2026-01-01,20.395775457159136,10.0,7.964285714285714,False,LightGBM,10.560710559212302
2026-02-19,SKU045,2026-01-01,36.50500161947491,28.0,21.071428571428573,False,LightGBM,27.858578467807643
2026-02-19,SKU046,2026-01-01,20.606368600586702,5.0,8.357142857142858,False,LightGBM,10.114349320812067
2026-02-19,SKU047,2026-01-01,31.336898012349252,9.0,13.892857142857142,False,LightGBM,15.165362853155488
2026-02-19,SKU048,2026-01-01,19.89603558000769,4.0,7.25,False,LightGBM,9.039850696490385
2026-02-19,SKU049,2026-01-01,35.51502244056971,24.0,22.392857142857142,False,LightGBM,27.632825405074964
2026-02-19,SKU050,2026-01-01,12.995575822493535,8.0,5.892857142857143,False,LightGBM,6.802076486723162
2026-02-20,SKU001,2026-01-01,30.34010553666579,13.0,12.607142857142858,False,LightGBM,15.954520108835986
2026-02-20,SKU002,2026-01-01,22.229707792494253,6.0,7.678571428571429,False,LightGBM,11.17625588080085
2026-02-20,SKU003,2026-01-01,12.491321419288862,6.0,4.535714285714286,False,LightGBM,6.042794258921523
2026-02-20,SKU004,2026-01-01,10.808907777734529,2.0,4.714285714285714,False,LightGBM,4.909055097290123
2026-02-20,SKU005,2026-01-01,32.588918765973084,8.0,14.714285714285714,False,LightGBM,18.870558148666962
2026-02-20,SKU006,2026-01-01,15.343371387604297,4.0,5.892857142857143,False,LightGBM,7.340953397983269
2026-02-20,SKU007,2026-01-01,34.40448442221529,13.0,22.142857142857142,False,LightGBM,24.515890554327648
2026-02-20,SKU008,2026-01-01,31.49540227013165,17.0,14.535714285714286,False,LightGBM,17.11143872260429
2026-02-20,SKU009,2026-01-01,22.884696910930554,13.0,10.75,False,LightGBM,11.371926303064177
2026-02-20,SKU010,2026-01-01,31.604842871322123,13.0,15.714285714285714,False,LightGBM,18.59394649738622
2026-02-20,SKU011,2026-01-01,5.229220962471162,5.0,2.5,False,LightGBM,2.835649851918222
2026-02-20,SKU012,2026-01-01,36.65422949291126,21.0,23.071428571428573,False,LightGBM,28.332763882452166
2026-02-20,SKU013,2026-01-01,30.538783102824432,7.0,12.571428571428571,False,LightGBM,14.706186690522909
2026-02-20,SKU014,2026-01-01,32.250743503094114,16.0,17.964285714285715,False,LightGBM,21.902438550889123
2026-02-20,SKU015,2026-01-01,9.444589297836187,6.0,3.5357142857142856,False,LightGBM,4.468868846977001
2026-02-20,SKU016,2026-01-01,30.09845773847107,14.0,12.214285714285714,False,LightGBM,14.923432768344595
2026-02-20,SKU017,2026-01-01,30.71676485760004,14.0,13.25,False,LightGBM,14.759128446501707
2026-02-20,SKU018,2026-01-01,34.21150540046082,19.0,22.428571428571427,False,LightGBM,25.98688672695771
2026-02-20,SKU019,2026-01-01,32.38164297764939,16.0,14.535714285714286,False,LightGBM,16.90413901810731
2026-02-20,SKU020,2026-01-01,27.421781926060614,18.0,12.285714285714286,False,LightGBM,14.28658663195127
2026-02-20,SKU021,2026-01-01,14.586182369619479,8.0,7.357142857142857,False,LightGBM,9.404799654078893
2026-02-20,SKU022,2026-01-01,22.844064192718793,10.0,9.571428571428571,False,LightGBM,11.162835407652029
2026-02-20,SKU023,2026-01-01,29.547314968804464,15.0,14.035714285714286,False,LightGBM,15.924508372610607
2026-02-20,SKU024,2026-01-01,29.998577386242022,9.0,11.035714285714286,False,LightGBM,13.127027263912169
2026-02-20,SKU025,2026-01-01,6.14372025317729,1.0,2.2857142857142856,False,LightGBM,2.868660822440091
2026-02-20,SKU026,2026-01-01,33.16501420880095,17.0,20.142857142857142,False,LightGBM,23.757356530627828
2026-02-20,SKU027,2026-01-01,35.40167803176434,19.0,23.035714285714285,False,LightGBM,26.08845150711393
2026-02-20,SKU028,2026-01-01,11.638376215416955,5.0,4.0,False,LightGBM,5.63937967482028
2026-02-20,SKU029,2026-01-01,31.777045495577887,12.0,14.821428571428571,False,LightGBM,17.12376028885807
2026-02-20,SKU030,2026-01-01,11.186054819001468,5.0,4.25,False,LightGBM,5.108699334947936
2026-02-20,SKU031,2026-01-01,32.89902562688088,14.0,15.678571428571429,False,LightGBM,20.67344850545189
2026-02-20,SKU032,2026-01-01,19.938888462212052,6.0,8.428571428571429,False,LightGBM,10.273213647656387
2026-02-20,SKU033,2026-01-01,32.515945468345244,15.0,15.25,False,LightGBM,18.09956675460867
2026-02-20,SKU034,2026-01-01,32.31589911975488,18.0,17.571428571428573,False,LightGBM,19.637739039728103
2026-02-20,SKU035,2026-01-01,32.55982445419765,20.0,18.75,False,LightGBM,21.287504506296486
2026-02-20,SKU036,2026-01-01,11.316957776139128,6.0,4.392857142857143,False,LightGBM,5.031934281063851
2026-02-20,SKU037,2026-01-01,35.286082289735425,23.0,20.75,False,LightGBM,26.537103940774482
2026-02-20,SKU038,2026-01-01,14.900318674683444,7.0,7.464285714285714,False,LightGBM,8.106401280159979
2026-02-20,SKU039,2026-01-01,7.008870109432462,2.0,2.4285714285714284,False,LightGBM,3.443288158654461
2026-02-20,SKU040,2026-01-01,30.506755800621434,7.0,13.0,False,LightGBM,16.300266647728925
2026-02-20,SKU041,2026-01-01,23.304347960468363,10.0,9.857142857142858,False,LightGBM,11.230872159281315
2026-02-20,SKU042,2026-01-01,32.49832367751583,26.0,21.214285714285715,False,LightGBM,23.846431336395295
2026-02-20,SKU043,2026-01-01,33.08893393339827,16.0,19.428571428571427,False,LightGBM,24.118745332034248
2026-02-20,SKU044,2026-01-01,20.748720836650513,10.0,7.964285714285714,False,LightGBM,10.564819742231125
2026-02-20,SKU045,2026-01-01,36.48344796692052,24.0,21.071428571428573,False,LightGBM,28.303426007994293
2026-02-20,SKU046,2026-01-01,20.585797288922993,9.0,8.357142857142858,False,LightGBM,10.187414889517244
2026-02-20,SKU047,2026-01-01,31.591022886976198,16.0,13.892857142857142,False,LightGBM,15.251944785664115
2026-02-20,SKU048,2026-01-01,20.39990357338982,5.0,7.25,False,LightGBM,9.10861393121252
2026-02-20,SKU049,2026-01-01,35.53348720917785,27.0,22.392857142857142,False,LightGBM,28.04603935896085
2026-02-20,SKU050,2026-01-01,13.29947078968541,7.0,5.892857142857143,False,LightGBM,6.805868651763476
2026-02-21,SKU001,2026-01-01,31.378138775883716,8.0,12.607142857142858,False,LightGBM,17.723383160183605
2026-02-21,SKU002,2026-01-01,23.523309553967024,9.0,7.678571428571429,False,LightGBM,12.799425631225937
2026-02-21,SKU003,2026-01-01,13.991869417079219,9.0,4.535714285714286,False,LightGBM,6.813729322683216
2026-02-21,SKU004,2026-01-01,12.406604996148953,3.0,4.714285714285714,False,LightGBM,5.513719665986251
2026-02-21,SKU005,2026-01-01,33.97546136248281,18.0,14.714285714285714,False,LightGBM,20.707289296397057
2026-02-21,SKU006,2026-01-01,17.595621256097562,8.0,5.892857142857143,False,LightGBM,8.054304519480501
2026-02-21,SKU007,2026-01-01,35.31975670240939,23.0,22.142857142857142,False,LightGBM,28.31340542384541
2026-02-21,SKU008,2026-01-01,33.202454763243054,13.0,14.535714285714286,False,LightGBM,18.86295923885242
2026-02-21,SKU009,2026-01-01,23.93931608617074,11.0,10.75,False,LightGBM,13.113449270062961
2026-02-21,SKU010,2026-01-01,33.1599954535388,19.0,15.714285714285714,False,LightGBM,20.215017401129035
2026-02-21,SKU011,2026-01-01,6.125766453811875,3.0,2.5,False,LightGBM,3.1522751053511806
2026-02-21,SKU012,2026-01-01,38.87165729417119,16.0,23.071428571428573,False,LightGBM,31.357315907565994
2026-02-21,SKU013,2026-01-01,32.317005714970044,17.0,12.571428571428571,False,LightGBM,16.3517976483186
2026-02-21,SKU014,2026-01-01,33.6572652661389,20.0,17.964285714285715,False,LightGBM,25.26319986721753
2026-02-21,SKU015,2026-01-01,10.891956738476209,3.0,3.5357142857142856,False,LightGBM,4.933576504131746
2026-02-21,SKU016,2026-01-01,32.17082109080218,13.0,12.214285714285714,False,LightGBM,16.607352569355847
2026-02-21,SKU017,2026-01-01,32.266721926189,13.0,13.25,False,LightGBM,16.602700765491768
2026-02-21,SKU018,2026-01-01,36.271086426275005,20.0,22.428571428571427,False,LightGBM,29.63107746909395
2026-02-21,SKU019,2026-01-01,33.839974906786225,11.0,14.535714285714286,False,LightGBM,18.834368005825304
2026-02-21,SKU020,2026-01-01,30.219045822104484,13.0,12.285714285714286,False,LightGBM,15.515041299254476
2026-02-21,SKU021,2026-01-01,16.532058550387173,6.0,7.357142857142857,False,LightGBM,10.369664434016945
2026-02-21,SKU022,2026-01-01,23.803142770881102,17.0,9.571428571428571,False,LightGBM,12.585486764206085
2026-02-21,SKU023,2026-01-01,32.09824089023659,17.0,14.035714285714286,False,LightGBM,17.445030980497737
2026-02-21,SKU024,2026-01-01,31.32054434292827,14.0,11.035714285714286,False,LightGBM,15.056428151080159
2026-02-21,SKU025,2026-01-01,6.768349228392735,5.0,2.2857142857142856,False,LightGBM,3.1968915200077923
2026-02-21,SKU026,2026-01-01,35.68793890957469,16.0,20.142857142857142,False,LightGBM,28.40142828002371
2026-02-21,SKU027,2026-01-01,36.30485268706006,21.0,23.035714285714285,False,LightGBM,30.115989731742513
2026-02-21,SKU028,2026-01-01,13.204668940649006,4.0,4.0,False,LightGBM,6.325114830260834
2026-02-21,SKU029,2026-01-01,32.496569426617725,17.0,14.821428571428571,False,LightGBM,18.04674558485849
2026-02-21,SKU030,2026-01-01,12.774976869785444,6.0,4.25,False,LightGBM,5.743105489548143
2026-02-21,SKU031,2026-01-01,34.13648788907923,20.0,15.678571428571429,False,LightGBM,22.620338783287703
2026-02-21,SKU032,2026-01-01,20.23532739473368,12.0,8.428571428571429,False,LightGBM,11.562031504039547
2026-02-21,SKU033,2026-01-01,34.01522378477382,17.0,15.25,False,LightGBM,20.77538388670331
2026-02-21,SKU034,2026-01-01,33.79885185102698,18.0,17.571428571428573,False,LightGBM,22.07426090279008
2026-02-21,SKU035,2026-01-01,33.87434040916914,16.0,18.75,False,LightGBM,25.226094273442605
2026-02-21,SKU036,2026-01-01,13.002975233794507,4.0,4.392857142857143,False,LightGBM,5.699880480405258
2026-02-21,SKU037,2026-01-01,36.43165271902318,20.0,20.75,False,LightGBM,30.047388967496584
2026-02-21,SKU038,2026-01-01,16.97190126820546,8.0,7.464285714285714,False,LightGBM,9.11311994363592
2026-02-21,SKU039,2026-01-01,7.668020040081583,1.0,2.4285714285714284,False,LightGBM,3.7495273752830283
2026-02-21,SKU040,2026-01-01,32.544134778918135,8.0,13.0,False,LightGBM,18.256233954436247
2026-02-21,SKU041,2026-01-01,25.39431471680436,14.0,9.857142857142858,False,LightGBM,12.915426381258388
2026-02-21,SKU042,2026-01-01,33.42447785490488,17.0,21.214285714285715,False,LightGBM,27.056235243322
2026-02-21,SKU043,2026-01-01,35.52417938199497,30.0,19.428571428571427,False,LightGBM,27.737275467311704
2026-02-21,SKU044,2026-01-01,21.061927049454003,8.0,7.964285714285714,False,LightGBM,11.782685991034546
2026-02-21,SKU045,2026-01-01,36.70602693619909,23.0,21.071428571428573,False,LightGBM,30.778548861956615
2026-02-21,SKU046,2026-01-01,21.143596423756325,9.0,8.357142857142858,False,LightGBM,11.44537480599922
2026-02-21,SKU047,2026-01-01,32.9669685029868,15.0,13.892857142857142,False,LightGBM,16.751438015433532
2026-02-21,SKU048,2026-01-01,20.84141791086343,6.0,7.25,False,LightGBM,10.157700565255102
2026-02-21,SKU049,2026-01-01,37.6979088422988,32.0,22.392857142857142,False,LightGBM,29.81316735279624
2026-02-21,SKU050,2026-01-01,14.842662802594218,7.0,5.892857142857143,False,LightGBM,7.508247620467628
2026-02-22,SKU001,2026-01-01,32.43088237421298,9.0,12.607142857142858,False,LightGBM,17.84490518177731
2026-02-22,SKU002,2026-01-01,24.44399255493055,10.0,7.678571428571429,False,LightGBM,12.935079601222203
2026-02-22,SKU003,2026-01-01,13.96942155676517,4.0,4.535714285714286,False,LightGBM,6.763261286732203
2026-02-22,SKU004,2026-01-01,12.456685927042422,7.0,4.714285714285714,False,LightGBM,5.510601252956308
2026-02-22,SKU005,2026-01-01,34.54204796314346,16.0,14.714285714285714,False,LightGBM,21.0627825525701
2026-02-22,SKU006,2026-01-01,18.31223003644362,5.0,5.892857142857143,False,LightGBM,8.047519133156467
2026-02-22,SKU007,2026-01-01,35.379029805741006,29.0,22.142857142857142,False,LightGBM,28.558281708504204
2026-02-22,SKU008,2026-01-01,33.61364245151822,23.0,14.535714285714286,False,LightGBM,19.089938753084603
2026-02-22,SKU009,2026-01-01,24.153429952909647,15.0,10.75,False,LightGBM,13.15306025854048
2026-02-22,SKU010,2026-01-01,33.75918212138788,16.0,15.714285714285714,False,LightGBM,20.432881492200973
2026-02-22,SKU011,2026-01-01,6.129281570306117,3.0,2.5,False,LightGBM,3.155790221845422
2026-02-22,SKU012,2026-01-01,38.25119768300305,25.0,23.071428571428573,False,LightGBM,31.21651026814985
2026-02-22,SKU013,2026-01-01,32.01899703951838,12.0,12.571428571428571,False,LightGBM,16.77906542878786
2026-02-22,SKU014,2026-01-01,34.71563080343806,18.0,17.964285714285715,False,LightGBM,25.73870276207255
2026-02-22,SKU015,2026-01-01,11.277780532443515,5.0,3.5357142857142856,False,LightGBM,5.0015212485303
2026-02-22,SKU016,2026-01-01,32.53687713531979,16.0,12.214285714285714,False,LightGBM,16.78974271191284
2026-02-22,SKU017,2026-01-01,32.88546249962488,21.0,13.25,False,LightGBM,16.646687629301816
2026-02-22,SKU018,2026-01-01,36.51875503816233,28.0,22.428571428571427,False,LightGBM,29.723656083128283
2026-02-22,SKU019,2026-01-01,33.79601746219591,18.0,14.535714285714286,False,LightGBM,19.17066703255475
2026-02-22,SKU020,2026-01-01,30.18518099836397,11.0,12.285714285714286,False,LightGBM,15.46423262579674
2026-02-22,SKU021,2026-01-01,16.972617212996404,11.0,7.357142857142857,False,LightGBM,10.397676089562946
2026-02-22,SKU022,2026-01-01,24.00887214639559,11.0,9.571428571428571,False,LightGBM,12.552077348440301
2026-02-22,SKU023,2026-01-01,32.05505765438162,7.0,14.035714285714286,False,LightGBM,17.25138589850882
2026-02-22,SKU024,2026-01-01,32.26248473287616,6.0,11.035714285714286,False,LightGBM,15.185483577741323
2026-02-22,SKU025,2026-01-01,7.075470987830707,2.0,2.2857142857142856,False,LightGBM,3.2021035336668877
2026-02-22,SKU026,2026-01-01,36.07187791431579,26.0,20.142857142857142,False,LightGBM,27.684630787308283
2026-02-22,SKU027,2026-01-01,37.19478547403068,19.0,23.035714285714285,False,LightGBM,30.45466184227372
2026-02-22,SKU028,2026-01-01,13.16641716487173,1.0,4.0,False,LightGBM,6.336679376256707
2026-02-22,SKU029,2026-01-01,32.369653547699976,14.0,14.821428571428571,False,LightGBM,18.0408210512119
2026-02-22,SKU030,2026-01-01,12.922079781579258,4.0,4.25,False,LightGBM,5.781031776551124
2026-02-22,SKU031,2026-01-01,34.82566005036131,14.0,15.678571428571429,False,LightGBM,22.993629563367904
2026-02-22,SKU032,2026-01-01,20.97938970723676,11.0,8.428571428571429,False,LightGBM,11.562492330193741
2026-02-22,SKU033,2026-01-01,34.83108997962441,17.0,15.25,False,LightGBM,21.318734102976634
2026-02-22,SKU034,2026-01-01,33.65819609109738,24.0,17.571428571428573,False,LightGBM,22.124675957188597
2026-02-22,SKU035,2026-01-01,34.463359411476354,26.0,18.75,False,LightGBM,25.37416311162506
2026-02-22,SKU036,2026-01-01,13.04604529186347,6.0,4.392857142857143,False,LightGBM,5.70223963887873
2026-02-22,SKU037,2026-01-01,36.88305931705886,25.0,20.75,False,LightGBM,29.819808689452636
2026-02-22,SKU038,2026-01-01,18.04863702711236,10.0,7.464285714285714,False,LightGBM,9.16450394161205
2026-02-22,SKU039,2026-01-01,7.6853040844388785,1.0,2.4285714285714284,False,LightGBM,3.766811419640323
2026-02-22,SKU040,2026-01-01,32.525718043822124,6.0,13.0,False,LightGBM,18.354360907304113
2026-02-22,SKU041,2026-01-01,26.020432436895433,3.0,9.857142857142858,False,LightGBM,13.056326145675252
2026-02-22,SKU042,2026-01-01,33.87821616522045,23.0,21.214285714285715,False,LightGBM,27.372618708987094
2026-02-22,SKU043,2026-01-01,36.03836324769195,17.0,19.428571428571427,False,LightGBM,28.401445808696753
2026-02-22,SKU044,2026-01-01,21.205079860198644,11.0,7.964285714285714,False,LightGBM,11.78685962287219
2026-02-22,SKU045,2026-01-01,38.179082899506746,30.0,21.071428571428573,False,LightGBM,30.8447799135555
2026-02-22,SKU046,2026-01-01,21.26381327948417,9.0,8.357142857142858,False,LightGBM,11.520326525826553
2026-02-22,SKU047,2026-01-01,32.627530646175316,12.0,13.892857142857142,False,LightGBM,16.755002928633317
2026-02-22,SKU048,2026-01-01,20.5068490004219,4.0,7.25,False,LightGBM,10.25285833957318
2026-02-22,SKU049,2026-01-01,36.37995605284081,20.0,22.392857142857142,False,LightGBM,30.03666476117068
2026-02-22,SKU050,2026-01-01,14.877965266166601,11.0,5.892857142857143,False,LightGBM,7.566200120663865
2026-02-23,SKU001,2026-01-01,30.753992009577914,12.0,12.607142857142858,False,LightGBM,15.46231285793626
2026-02-23,SKU002,2026-01-01,22.9392109822819,9.0,7.678571428571429,False,LightGBM,11.085071269797924
2026-02-23,SKU003,2026-01-01,12.206861821186353,7.0,4.535714285714286,False,LightGBM,5.934462388576222
2026-02-23,SKU004,2026-01-01,11.13855588160878,1.0,4.714285714285714,False,LightGBM,4.918615034566627
2026-02-23,SKU005,2026-01-01,33.03509839705075,17.0,14.714285714285714,False,LightGBM,18.36567390649063
2026-02-23,SKU006,2026-01-01,17.56243839237001,6.0,5.892857142857143,False,LightGBM,7.328898179017618
2026-02-23,SKU007,2026-01-01,34.754274683552396,21.0,22.142857142857142,False,LightGBM,23.771860705195348
2026-02-23,SKU008,2026-01-01,31.663462806444457,13.0,14.535714285714286,False,LightGBM,16.584932473376412
2026-02-23,SKU009,2026-01-01,22.726967718240303,9.0,10.75,False,LightGBM,11.252937284731894
2026-02-23,SKU010,2026-01-01,31.85748109850681,18.0,15.714285714285714,False,LightGBM,18.52480383039153
2026-02-23,SKU011,2026-01-01,5.549455722621928,1.0,2.5,False,LightGBM,2.76857151546082
2026-02-23,SKU012,2026-01-01,38.10387039691646,19.0,23.071428571428573,False,LightGBM,27.933932000469415
2026-02-23,SKU013,2026-01-01,30.253159893419195,7.0,12.571428571428571,False,LightGBM,14.551052050484552
2026-02-23,SKU014,2026-01-01,32.41752856817612,11.0,17.964285714285715,False,LightGBM,21.988803436504128
2026-02-23,SKU015,2026-01-01,9.980526897930417,2.0,3.5357142857142856,False,LightGBM,4.38524112163524
2026-02-23,SKU016,2026-01-01,29.674426335539223,10.0,12.214285714285714,False,LightGBM,14.9527570052196
2026-02-23,SKU017,2026-01-01,30.90014068586766,16.0,13.25,False,LightGBM,14.96208291268915
2026-02-23,SKU018,2026-01-01,34.14743236234601,21.0,22.428571428571427,False,LightGBM,25.608749576877994
2026-02-23,SKU019,2026-01-01,32.56948506791987,17.0,14.535714285714286,False,LightGBM,16.78511174142319
2026-02-23,SKU020,2026-01-01,28.32766893519817,15.0,12.285714285714286,False,LightGBM,13.868836464604495
2026-02-23,SKU021,2026-01-01,15.387719390737482,5.0,7.357142857142857,False,LightGBM,9.545688211995607
2026-02-23,SKU022,2026-01-01,22.714900375457646,1.0,9.571428571428571,False,LightGBM,10.797465775755192
2026-02-23,SKU023,2026-01-01,30.296546364714562,12.0,14.035714285714286,False,LightGBM,15.54865067148375
2026-02-23,SKU024,2026-01-01,30.07144005316208,9.0,11.035714285714286,False,LightGBM,13.013007914484088
2026-02-23,SKU025,2026-01-01,6.287327700203072,2.0,2.2857142857142856,False,LightGBM,2.761470918339024
2026-02-23,SKU026,2026-01-01,32.99397380551667,14.0,20.142857142857142,False,LightGBM,23.09414376897459
2026-02-23,SKU027,2026-01-01,35.27612618921503,21.0,23.035714285714285,False,LightGBM,26.9632291349122
2026-02-23,SKU028,2026-01-01,12.230842403404466,4.0,4.0,False,LightGBM,5.756333300333566
2026-02-23,SKU029,2026-01-01,31.690107160373344,14.0,14.821428571428571,False,LightGBM,16.811223589615803
2026-02-23,SKU030,2026-01-01,11.181023469229082,4.0,4.25,False,LightGBM,5.087595656047198
2026-02-23,SKU031,2026-01-01,32.245566363356865,23.0,15.678571428571429,False,LightGBM,20.563017705686267
2026-02-23,SKU032,2026-01-01,19.9232195032252,7.0,8.428571428571429,False,LightGBM,10.087971978924296
2026-02-23,SKU033,2026-01-01,32.503246120143984,20.0,15.25,False,LightGBM,17.899217993204708
2026-02-23,SKU034,2026-01-01,32.53964997273064,16.0,17.571428571428573,False,LightGBM,19.23967792824989
2026-02-23,SKU035,2026-01-01,32.084930769239904,10.0,18.75,False,LightGBM,21.927746716300902
2026-02-23,SKU036,2026-01-01,11.333604268750936,4.0,4.392857142857143,False,LightGBM,4.9818722167195135
2026-02-23,SKU037,2026-01-01,35.43227443233277,19.0,20.75,False,LightGBM,26.20005783711952
2026-02-23,SKU038,2026-01-01,16.491719744075663,7.0,7.464285714285714,False,LightGBM,8.052203813588727
2026-02-23,SKU039,2026-01-01,7.380909819622455,3.0,2.4285714285714284,False,LightGBM,3.379882509335836
2026-02-23,SKU040,2026-01-01,30.620741866230095,10.0,13.0,False,LightGBM,16.151149160018534
2026-02-23,SKU041,2026-01-01,25.22938808155293,9.0,9.857142857142858,False,LightGBM,11.41969553965994
2026-02-23,SKU042,2026-01-01,32.34372502908531,21.0,21.214285714285715,False,LightGBM,23.517546377071266
2026-02-23,SKU043,2026-01-01,33.189227498835265,22.0,19.428571428571427,False,LightGBM,23.406453334330678
2026-02-23,SKU044,2026-01-01,20.830474150550504,9.0,7.964285714285714,False,LightGBM,10.382483207999716
2026-02-23,SKU045,2026-01-01,35.771562726232084,19.0,21.071428571428573,False,LightGBM,27.965057002998176
2026-02-23,SKU046,2026-01-01,20.424170306126058,9.0,8.357142857142858,False,LightGBM,10.236311678083336
2026-02-23,SKU047,2026-01-01,31.478489808066374,20.0,13.892857142857142,False,LightGBM,14.868696782103218
2026-02-23,SKU048,2026-01-01,19.937796369020166,7.0,7.25,False,LightGBM,9.064612935868286
2026-02-23,SKU049,2026-01-01,35.588640070802924,15.0,22.392857142857142,False,LightGBM,27.63201024222205
2026-02-23,SKU050,2026-01-01,13.221750122237404,10.0,5.892857142857143,False,LightGBM,6.814385078437586
2026-02-24,SKU001,2026-01-01,30.220689962477046,14.0,12.607142857142858,False,LightGBM,15.518401678397597
2026-02-24,SKU002,2026-01-01,22.768257863492266,10.0,7.678571428571429,False,LightGBM,11.049156577458042
2026-02-24,SKU003,2026-01-01,12.260694968974226,4.0,4.535714285714286,False,LightGBM,6.0173992332534185
2026-02-24,SKU004,2026-01-01,11.093815924937022,3.0,4.714285714285714,False,LightGBM,4.92914955205501
2026-02-24,SKU005,2026-01-01,32.432545708828684,16.0,14.714285714285714,False,LightGBM,18.58239418198008
2026-02-24,SKU006,2026-01-01,17.798482060594637,6.0,5.892857142857143,False,LightGBM,7.322337601660775
2026-02-24,SKU007,2026-01-01,34.265934122757365,30.0,22.142857142857142,False,LightGBM,23.74822416467817
2026-02-24,SKU008,2026-01-01,31.32067846702413,12.0,14.535714285714286,False,LightGBM,16.47625577213145
2026-02-24,SKU009,2026-01-01,22.569513411701262,5.0,10.75,False,LightGBM,11.322256266114497
2026-02-24,SKU010,2026-01-01,31.793579662135244,11.0,15.714285714285714,False,LightGBM,18.279973938656084
2026-02-24,SKU011,2026-01-01,5.563610441234248,0.0,2.5,False,LightGBM,2.78272623407314
2026-02-24,SKU012,2026-01-01,37.56740547179735,26.0,23.071428571428573,False,LightGBM,27.197369027972453
2026-02-24,SKU013,2026-01-01,30.309692353654345,9.0,12.571428571428571,False,LightGBM,14.562845060298681
2026-02-24,SKU014,2026-01-01,32.52689460531124,18.0,17.964285714285715,False,LightGBM,22.111036319033406
2026-02-24,SKU015,2026-01-01,9.950056354279612,1.0,3.5357142857142856,False,LightGBM,4.4044682208097035
2026-02-24,SKU016,2026-01-01,29.369922650438124,15.0,12.214285714285714,False,LightGBM,14.9641185439013
2026-02-24,SKU017,2026-01-01,30.526420274715058,15.0,13.25,False,LightGBM,14.857794583307992
2026-02-24,SKU018,2026-01-01,33.62743606685566,11.0,22.428571428571427,False,LightGBM,25.391812311818825
2026-02-24,SKU019,2026-01-01,32.15353414256774,9.0,14.535714285714286,False,LightGBM,16.821916689937236
2026-02-24,SKU020,2026-01-01,28.404227830481563,11.0,12.285714285714286,False,LightGBM,14.059094123842453
2026-02-24,SKU021,2026-01-01,16.81827514473971,8.0,7.357142857142857,False,LightGBM,9.571012878958545
2026-02-24,SKU022,2026-01-01,22.97115747380723,7.0,9.571428571428571,False,LightGBM,10.906710166229747
2026-02-24,SKU023,2026-01-01,29.795638745221055,13.0,14.035714285714286,False,LightGBM,15.570090016125821
2026-02-24,SKU024,2026-01-01,30.19091102606998,9.0,11.035714285714286,False,LightGBM,12.922086923790262
2026-02-24,SKU025,2026-01-01,6.763630693847374,4.0,2.2857142857142856,False,LightGBM,2.8077586549131555
2026-02-24,SKU026,2026-01-01,33.045452334626795,21.0,20.142857142857142,False,LightGBM,23.03420815788831
2026-02-24,SKU027,2026-01-01,34.98856625384975,23.0,23.035714285714285,False,LightGBM,26.65933057762034
2026-02-24,SKU028,2026-01-01,12.118643376202591,7.0,4.0,False,LightGBM,5.7883698059482
2026-02-24,SKU029,2026-01-01,31.071824582249864,14.0,14.821428571428571,False,LightGBM,16.916174243076654
2026-02-24,SKU030,2026-01-01,11.156219538719744,3.0,4.25,False,LightGBM,5.087595656047198
2026-02-24,SKU031,2026-01-01,32.18162655782047,12.0,15.678571428571429,False,LightGBM,20.721225943218425
2026-02-24,SKU032,2026-01-01,20.135290349132738,7.0,8.428571428571429,False,LightGBM,10.202109156628516
2026-02-24,SKU033,2026-01-01,32.80526511447451,16.0,15.25,False,LightGBM,17.904333137519725
2026-02-24,SKU034,2026-01-01,32.09641645226355,10.0,17.571428571428573,False,LightGBM,19.20634761758503
2026-02-24,SKU035,2026-01-01,31.790156244529218,16.0,18.75,False,LightGBM,21.5262494418709
2026-02-24,SKU036,2026-01-01,11.382602657523687,2.0,4.392857142857143,False,LightGBM,4.995489944341794
2026-02-24,SKU037,2026-01-01,35.078103544267535,23.0,20.75,False,LightGBM,26.227376223966125
2026-02-24,SKU038,2026-01-01,17.49343870196251,13.0,7.464285714285714,False,LightGBM,8.088602010631504
2026-02-24,SKU039,2026-01-01,7.449389054892956,6.0,2.4285714285714284,False,LightGBM,3.430026018848921
2026-02-24,SKU040,2026-01-01,31.07527081662497,9.0,13.0,False,LightGBM,16.245801340217906
2026-02-24,SKU041,2026-01-01,25.350683644196366,11.0,9.857142857142858,False,LightGBM,11.420597487957322
2026-02-24,SKU042,2026-01-01,32.37159693814363,19.0,21.214285714285715,False,LightGBM,23.567230072577992
2026-02-24,SKU043,2026-01-01,32.92191581495936,23.0,19.428571428571427,False,LightGBM,23.420255744152882
2026-02-24,SKU044,2026-01-01,21.252083830750898,5.0,7.964285714285714,False,LightGBM,10.415700436738637
2026-02-24,SKU045,2026-01-01,35.38052574815192,20.0,21.071428571428573,False,LightGBM,27.796359855892813
2026-02-24,SKU046,2026-01-01,20.80559812553387,3.0,8.357142857142858,False,LightGBM,10.227584283092915
2026-02-24,SKU047,2026-01-01,31.237193772071603,15.0,13.892857142857142,False,LightGBM,15.065511241415642
2026-02-24,SKU048,2026-01-01,20.008905597717565,7.0,7.25,False,LightGBM,9.112066932852837
2026-02-24,SKU049,2026-01-01,35.44081207258993,16.0,22.392857142857142,False,LightGBM,27.354205037102936
2026-02-24,SKU050,2026-01-01,13.20819707258655,8.0,5.892857142857143,False,LightGBM,6.818080924658201
2026-02-25,SKU001,2026-01-01,30.146954088453764,11.0,12.607142857142858,False,LightGBM,15.558882790438352
2026-02-25,SKU002,2026-01-01,22.867955125900064,8.0,7.678571428571429,False,LightGBM,11.068688467628904
2026-02-25,SKU003,2026-01-01,12.362201617625656,6.0,4.535714285714286,False,LightGBM,6.009152124792632
2026-02-25,SKU004,2026-01-01,11.242896682317982,2.0,4.714285714285714,False,LightGBM,4.946384595177902
2026-02-25,SKU005,2026-01-01,32.75239582962793,17.0,14.714285714285714,False,LightGBM,18.634747341395688
2026-02-25,SKU006,2026-01-01,18.12796877494375,8.0,5.892857142857143,False,LightGBM,7.3302759778327
2026-02-25,SKU007,2026-01-01,34.78151032504994,17.0,22.142857142857142,False,LightGBM,23.9807109352983
2026-02-25,SKU008,2026-01-01,31.43530607663066,11.0,14.535714285714286,False,LightGBM,16.53139020195912
2026-02-25,SKU009,2026-01-01,23.249962682455777,7.0,10.75,False,LightGBM,11.472111249172178
2026-02-25,SKU010,2026-01-01,31.844994532594168,18.0,15.714285714285714,False,LightGBM,18.223824952195468
2026-02-25,SKU011,2026-01-01,5.613418856318341,2.0,2.5,False,LightGBM,2.786215596845791
2026-02-25,SKU012,2026-01-01,37.867669510652235,26.0,23.071428571428573,False,LightGBM,27.29729617082041
2026-02-25,SKU013,2026-01-01,30.656703299513886,11.0,12.571428571428571,False,LightGBM,14.710774612687914
2026-02-25,SKU014,2026-01-01,32.41091686404569,22.0,17.964285714285715,False,LightGBM,22.076275082173613
2026-02-25,SKU015,2026-01-01,9.997863774241324,4.0,3.5357142857142856,False,LightGBM,4.4005021663875175
2026-02-25,SKU016,2026-01-01,30.171479144563552,12.0,12.214285714285714,False,LightGBM,15.053906843657938
2026-02-25,SKU017,2026-01-01,31.377469181030346,6.0,13.25,False,LightGBM,15.020673178483289
2026-02-25,SKU018,2026-01-01,33.93375004571751,26.0,22.428571428571427,False,LightGBM,25.789669621730138
2026-02-25,SKU019,2026-01-01,32.396343008796535,14.0,14.535714285714286,False,LightGBM,16.673955977067404
2026-02-25,SKU020,2026-01-01,29.52869940189964,17.0,12.285714285714286,False,LightGBM,14.1032428941291
2026-02-25,SKU021,2026-01-01,16.90142615300588,6.0,7.357142857142857,False,LightGBM,9.563636212585305
2026-02-25,SKU022,2026-01-01,23.377842902342348,9.0,9.571428571428571,False,LightGBM,10.933498413745012
2026-02-25,SKU023,2026-01-01,29.982141223994898,14.0,14.035714285714286,False,LightGBM,15.760929554757485
2026-02-25,SKU024,2026-01-01,29.181951106799595,9.0,11.035714285714286,False,LightGBM,12.933275490017417
2026-02-25,SKU025,2026-01-01,6.868197754146042,1.0,2.2857142857142856,False,LightGBM,2.8112480176858066
2026-02-25,SKU026,2026-01-01,33.154703382379594,20.0,20.142857142857142,False,LightGBM,23.140691232582093
2026-02-25,SKU027,2026-01-01,35.45496966457611,23.0,23.035714285714285,False,LightGBM,26.78172426513575
2026-02-25,SKU028,2026-01-01,12.194766666443261,3.0,4.0,False,LightGBM,5.7879268336680925
2026-02-25,SKU029,2026-01-01,30.951962816799742,7.0,14.821428571428571,False,LightGBM,16.947608854018316
2026-02-25,SKU030,2026-01-01,11.28813992667559,7.0,4.25,False,LightGBM,5.079079572513504
2026-02-25,SKU031,2026-01-01,32.35824195357721,15.0,15.678571428571429,False,LightGBM,20.60098431280801
2026-02-25,SKU032,2026-01-01,20.297854098463745,12.0,8.428571428571429,False,LightGBM,10.205598519401168
2026-02-25,SKU033,2026-01-01,32.37345267802457,6.0,15.25,False,LightGBM,18.103522756211454
2026-02-25,SKU034,2026-01-01,32.36388071701475,16.0,17.571428571428573,False,LightGBM,19.106032037696433
2026-02-25,SKU035,2026-01-01,32.260702943071315,14.0,18.75,False,LightGBM,21.516919318642703
2026-02-25,SKU036,2026-01-01,11.538942548961797,3.0,4.392857142857143,False,LightGBM,5.002389919065499
2026-02-25,SKU037,2026-01-01,35.52068042631085,17.0,20.75,False,LightGBM,26.659985179858364
2026-02-25,SKU038,2026-01-01,17.76047010523935,11.0,7.464285714285714,False,LightGBM,8.150304216899285
2026-02-25,SKU039,2026-01-01,7.452878417665607,3.0,2.4285714285714284,False,LightGBM,3.433515381621572
2026-02-25,SKU040,2026-01-01,30.68254354345435,13.0,13.0,False,LightGBM,16.22913326973656
2026-02-25,SKU041,2026-01-01,26.055874765446735,5.0,9.857142857142858,False,LightGBM,11.407604485255797
2026-02-25,SKU042,2026-01-01,32.25311356432809,17.0,21.214285714285715,False,LightGBM,23.5688068760888
2026-02-25,SKU043,2026-01-01,33.41408600880436,30.0,19.428571428571427,False,LightGBM,23.63450863710084
2026-02-25,SKU044,2026-01-01,21.236259428666855,5.0,7.964285714285714,False,LightGBM,10.45054893878253
2026-02-25,SKU045,2026-01-01,36.0268288451734,20.0,21.071428571428573,False,LightGBM,27.973331826340633
2026-02-25,SKU046,2026-01-01,21.318012726053734,5.0,8.357142857142858,False,LightGBM,10.109731643878778
2026-02-25,SKU047,2026-01-01,31.37672103483962,6.0,13.892857142857142,False,LightGBM,15.139809223481805
2026-02-25,SKU048,2026-01-01,20.045594242353364,7.0,7.25,False,LightGBM,9.103819824392051
2026-02-25,SKU049,2026-01-01,35.42728672528372,16.0,22.392857142857142,False,LightGBM,27.662100180642454
2026-02-25,SKU050,2026-01-01,13.296403682385092,9.0,5.892857142857143,False,LightGBM,6.800707608717367
